year,pbi,expVida,pobl,pais,continente
1950,1344,42.72,7776176,Afghanistan,asia
1951,1360,42.92,7879339,Afghanistan,asia
1952,1382,43.14,7987783,Afghanistan,asia
1953,1441,43.45,8096698,Afghanistan,asia
1954,1447,43.34,8207950,Afghanistan,asia
1955,1448,43.88,8326979,Afghanistan,asia
1956,1486,44.07,8454301,Afghanistan,asia
1957,1457,44.29,8588335,Afghanistan,asia
1958,1509,44.5,8723401,Afghanistan,asia
1959,1519,44.73,8869270,Afghanistan,asia
1960,1541,45.03,9035043,Afghanistan,asia
1961,1522,45.28,9214083,Afghanistan,asia
1962,1514,45.51,9404406,Afghanistan,asia
1963,1509,45.69,9604487,Afghanistan,asia
1964,1501,45.91,9814318,Afghanistan,asia
1965,1500,46.13,10036008,Afghanistan,asia
1966,1479,46.3,10266395,Afghanistan,asia
1967,1484,46.48,10505959,Afghanistan,asia
1968,1500,46.68,10756922,Afghanistan,asia
1969,1486,46.87,11017409,Afghanistan,asia
1970,1479,47.08,11290128,Afghanistan,asia
1971,1438,47.26,11567667,Afghanistan,asia
1972,1171,47.27,11853696,Afghanistan,asia
1973,1175,47.33,12157999,Afghanistan,asia
1974,1208,47.41,12469127,Afghanistan,asia
1975,1248,47.55,12773954,Afghanistan,asia
1976,1285,47.72,13059851,Afghanistan,asia
1977,1188,47.87,13340756,Afghanistan,asia
1978,1244,46.42,13611441,Afghanistan,asia
1979,1189,44.68,13655567,Afghanistan,asia
1980,1185,43.68,13169311,Afghanistan,asia
1981,1330,44.34,11937581,Afghanistan,asia
1982,1476,44.06,10991378,Afghanistan,asia
1983,1566,42.27,10917982,Afghanistan,asia
1984,1554,39.9,11190221,Afghanistan,asia
1985,1516,42.03,11426852,Afghanistan,asia
1986,1562,43.27,11420074,Afghanistan,asia
1987,1408,45.88,11387818,Afghanistan,asia
1988,1280,48.51,11523298,Afghanistan,asia
1989,1161,52.73,11874088,Afghanistan,asia
1990,1119,53.83,12045660,Afghanistan,asia
1991,1024,53.76,12238879,Afghanistan,asia
1992,981,54.24,13278974,Afghanistan,asia
1993,672,54.4,14943172,Afghanistan,asia
1994,498,53.89,16250794,Afghanistan,asia
1995,736,54.33,17065836,Afghanistan,asia
1996,698,54.69,17763266,Afghanistan,asia
1997,663,54.46,18452091,Afghanistan,asia
1998,634,53.34,19159996,Afghanistan,asia
1999,603,54.73,19887785,Afghanistan,asia
2000,584,54.73,20130327,Afghanistan,asia
2001,569,54.83,20284307,Afghanistan,asia
2002,1190,55.54,21378117,Afghanistan,asia
2003,1236,56.5,22733049,Afghanistan,asia
2004,1200,57.14,23560654,Afghanistan,asia
2005,1287,57.63,24404567,Afghanistan,asia
2006,1316,58.0,25424094,Afghanistan,asia
2007,1461,58.5,25909852,Afghanistan,asia
2008,1484,59.18,26482622,Afghanistan,asia
2009,1759,59.9,27466101,Afghanistan,asia
2010,1957,60.46,28284089,Afghanistan,asia
2011,1905,61.02,29347708,Afghanistan,asia
2012,2075,61.43,30560034,Afghanistan,asia
2013,2116,61.93,31622704,Afghanistan,asia
2014,2102,61.93,32792523,Afghanistan,asia
2015,2068,61.91,33831764,Afghanistan,asia
2016,2057,62.03,34700612,Afghanistan,asia
2017,2058,62.9,35688935,Afghanistan,asia
2018,2034,62.73,36743039,Afghanistan,asia
2019,2065,63.33,37856121,Afghanistan,asia
2020,1971,63.39,39068979,Afghanistan,asia
1950,1855,52.21,1247851,Albania,europe
1951,1937,53.58,1276366,Albania,europe
1952,1938,54.48,1308360,Albania,europe
1953,2018,55.35,1343575,Albania,europe
1954,2075,56.15,1381087,Albania,europe
1955,2188,56.27,1418850,Albania,europe
1956,2211,58.04,1456820,Albania,europe
1957,2352,59.26,1497956,Albania,europe
1958,2457,60.96,1543978,Albania,europe
1959,2559,61.74,1595011,Albania,europe
1960,2689,62.55,1649387,Albania,europe
1961,2715,63.28,1698791,Albania,europe
1962,2808,63.32,1743733,Albania,europe
1963,2908,63.78,1791285,Albania,europe
1964,3011,64.37,1841441,Albania,europe
1965,3126,64.79,1894312,Albania,europe
1966,3247,65.55,1950044,Albania,europe
1967,3376,66.07,2008521,Albania,europe
1968,3502,66.55,2068841,Albania,europe
1969,3626,67.1,2126875,Albania,europe
1970,3766,67.79,2181220,Albania,europe
1971,3922,68.34,2234992,Albania,europe
1972,4080,68.84,2289265,Albania,europe
1973,4289,69.31,2344105,Albania,europe
1974,4312,69.75,2399401,Albania,europe
1975,4332,70.19,2454859,Albania,europe
1976,4357,70.66,2510580,Albania,europe
1977,4382,71.13,2566599,Albania,europe
1978,4406,71.7,2624621,Albania,europe
1979,4436,71.35,2681385,Albania,europe
1980,4472,71.25,2735416,Albania,europe
1981,4503,71.32,2790413,Albania,europe
1982,4535,71.41,2846907,Albania,europe
1983,4567,71.23,2905130,Albania,europe
1984,4599,71.41,2964958,Albania,europe
1985,4629,71.89,3026242,Albania,europe
1986,4665,72.27,3087652,Albania,europe
1987,4700,72.21,3148838,Albania,europe
1988,4738,72.38,3212919,Albania,europe
1989,4778,72.47,3260374,Albania,europe
1990,4827,72.76,3277966,Albania,europe
1991,3496,72.64,3282602,Albania,europe
1992,3265,73.23,3282501,Albania,europe
1993,3599,73.83,3277825,Albania,europe
1994,3922,74.59,3269410,Albania,europe
1995,4472,74.61,3258567,Albania,europe
1996,4909,74.55,3245678,Albania,europe
1997,4400,72.91,3229660,Albania,europe
1998,4819,74.83,3210133,Albania,europe
1999,5475,75.07,3188595,Albania,europe
2000,5893,75.39,3166148,Albania,europe
2001,6441,76.02,3147943,Albania,europe
2002,6754,75.93,3134092,Albania,europe
2003,7154,75.62,3118088,Albania,europe
2004,7580,75.77,3098657,Albania,europe
2005,8040,76.2,3076159,Albania,europe
2006,8569,76.9,3050809,Albania,europe
2007,9150,77.5,3022887,Albania,europe
2008,9912,77.57,2992930,Albania,europe
2009,10314,77.97,2961479,Albania,europe
2010,10749,78.13,2928722,Albania,europe
2011,11053,78.13,2911504,Albania,europe
2012,11228,78.22,2910004,Albania,europe
2013,11361,78.28,2907573,Albania,europe
2014,11587,78.21,2903749,Albania,europe
2015,11878,78.14,2898632,Albania,europe
2016,12292,78.23,2897867,Albania,europe
2017,12771,78.33,2898242,Albania,europe
2018,13317,78.44,2894231,Albania,europe
2019,13657,78.5,2885010,Albania,europe
2020,13195,77.9,2871954,Albania,europe
1950,3892,55.12,9018426,Algeria,africa
1951,3883,55.6,9269864,Algeria,africa
1952,4006,56.05,9521207,Algeria,africa
1953,4024,56.38,9772645,Algeria,africa
1954,4264,52.44,10014381,Algeria,africa
1955,4326,53.07,10247424,Algeria,africa
1956,4687,53.45,10482182,Algeria,africa
1957,5150,53.01,10717501,Algeria,africa
1958,5265,52.8,10953639,Algeria,africa
1959,6146,52.6,11189622,Algeria,africa
1960,6476,52.38,11424922,Algeria,africa
1961,6254,51.51,11628883,Algeria,africa
1962,3954,51.53,11800771,Algeria,africa
1963,4867,55.8,11982118,Algeria,africa
1964,5223,56.7,12179813,Algeria,africa
1965,5554,56.8,12365976,Algeria,africa
1966,5045,56.21,12590069,Algeria,africa
1967,5457,56.13,12876118,Algeria,africa
1968,5878,56.07,13172614,Algeria,africa
1969,6198,56.14,13475960,Algeria,africa
1970,6621,56.23,13783719,Algeria,africa
1971,5832,56.18,14098936,Algeria,africa
1972,6943,56.31,14427072,Algeria,africa
1973,7055,56.45,14771147,Algeria,africa
1974,7128,56.68,15133502,Algeria,africa
1975,7342,56.87,15678596,Algeria,africa
1976,7585,57.09,16409170,Algeria,africa
1977,8072,57.75,17015994,Algeria,africa
1978,8647,58.2,17506974,Algeria,africa
1979,9030,58.77,18036655,Algeria,africa
1980,8838,58.73,18607174,Algeria,africa
1981,8835,59.87,19220704,Algeria,africa
1982,9120,60.84,19872348,Algeria,africa
1983,9325,62.26,20558115,Algeria,africa
1984,9557,63.27,21271969,Algeria,africa
1985,9625,64.7,22008544,Algeria,africa
1986,9391,65.5,22745499,Algeria,africa
1987,9070,66.03,23443624,Algeria,africa
1988,8742,66.57,24109536,Algeria,africa
1989,8894,67.07,24754485,Algeria,africa
1990,8746,67.48,25375810,Algeria,africa
1991,8431,67.93,25987928,Algeria,africa
1992,8384,68.28,26628568,Algeria,africa
1993,8027,68.59,27277048,Algeria,africa
1994,7792,68.73,27887279,Algeria,africa
1995,7935,69.04,28470191,Algeria,africa
1996,8117,69.61,29033044,Algeria,africa
1997,8075,69.66,29579301,Algeria,africa
1998,8360,70.19,30054133,Algeria,africa
1999,8506,70.71,30474354,Algeria,africa
2000,8710,70.96,30903893,Algeria,africa
2001,8855,71.35,31331221,Algeria,africa
2002,9232,71.76,31750835,Algeria,africa
2003,9772,72.0,32175818,Algeria,africa
2004,10058,72.57,32628286,Algeria,africa
2005,10505,72.94,33109249,Algeria,africa
2006,10527,73.26,33623506,Algeria,africa
2007,10718,73.56,34189416,Algeria,africa
2008,10797,73.88,34816961,Algeria,africa
2009,10782,74.16,35490445,Algeria,africa
2010,10971,74.48,36188236,Algeria,africa
2011,11078,74.69,36903376,Algeria,africa
2012,11234,74.93,37646166,Algeria,africa
2013,11319,75.12,38414171,Algeria,africa
2014,11513,75.27,39205031,Algeria,africa
2015,11697,75.44,40019529,Algeria,africa
2016,11826,75.71,40850721,Algeria,africa
2017,11737,75.92,41689299,Algeria,africa
2018,11631,76.02,42505035,Algeria,africa
2019,11522,76.2,43294546,Algeria,africa
2020,10851,76.2,44042091,Algeria,africa
1950,7906,74.62,5996,Andorra,europe
1951,8547,74.72,5819,Andorra,europe
1952,9241,74.83,5455,Andorra,europe
1953,9990,74.95,5323,Andorra,europe
1954,10801,75.08,5602,Andorra,europe
1955,11677,75.21,6165,Andorra,europe
1956,12625,75.32,6765,Andorra,europe
1957,13648,75.43,7399,Andorra,europe
1958,14755,75.51,8068,Andorra,europe
1959,15952,75.63,8771,Andorra,europe
1960,17246,75.74,9510,Andorra,europe
1961,18644,75.83,10283,Andorra,europe
1962,20156,75.94,11086,Andorra,europe
1963,21790,76.04,11915,Andorra,europe
1964,23557,76.18,12764,Andorra,europe
1965,25467,76.3,13634,Andorra,europe
1966,27532,76.41,14626,Andorra,europe
1967,29763,76.55,15837,Andorra,europe
1968,32176,76.67,17176,Andorra,europe
1969,34784,76.83,18555,Andorra,europe
1970,37603,76.97,19977,Andorra,europe
1971,37394,77.08,21442,Andorra,europe
1972,38455,77.22,22957,Andorra,europe
1973,39500,77.37,24523,Andorra,europe
1974,39921,77.55,26130,Andorra,europe
1975,38594,77.7,27773,Andorra,europe
1976,38537,77.82,29436,Andorra,europe
1977,38449,77.95,31097,Andorra,europe
1978,37897,78.08,32735,Andorra,europe
1979,36759,78.23,34306,Andorra,europe
1980,36288,78.34,35782,Andorra,europe
1981,34862,78.41,37169,Andorra,europe
1982,33857,78.48,38764,Andorra,europe
1983,32992,78.52,40565,Andorra,europe
1984,32144,78.61,42273,Andorra,europe
1985,31504,78.71,43825,Andorra,europe
1986,31200,78.78,45734,Andorra,europe
1987,31621,78.84,47653,Andorra,europe
1988,31942,78.89,49416,Andorra,europe
1989,32206,78.96,50620,Andorra,europe
1990,32170,79.03,52597,Andorra,europe
1991,31731,79.12,56667,Andorra,europe
1992,30813,79.16,60200,Andorra,europe
1993,29446,79.35,63272,Andorra,europe
1994,29328,79.51,64612,Andorra,europe
1995,29596,79.75,63912,Andorra,europe
1996,30769,79.96,63984,Andorra,europe
1997,33655,80.2,64700,Andorra,europe
1998,34889,80.41,65382,Andorra,europe
1999,36158,80.6,65710,Andorra,europe
2000,35843,80.76,65685,Andorra,europe
2001,35993,80.92,65852,Andorra,europe
2002,36074,81.09,66506,Andorra,europe
2003,39056,81.22,69486,Andorra,europe
2004,41128,81.26,74325,Andorra,europe
2005,45041,81.4,77421,Andorra,europe
2006,48382,81.49,79585,Andorra,europe
2007,49179,81.66,81877,Andorra,europe
2008,46897,81.75,83495,Andorra,europe
2009,47247,81.78,83888,Andorra,europe
2010,44130,81.85,80706,Andorra,europe
2011,47499,81.91,77783,Andorra,europe
2012,47463,81.94,76834,Andorra,europe
2013,49511,81.95,75194,Andorra,europe
2014,50864,81.97,73737,Andorra,europe
2015,52729,82.01,72174,Andorra,europe
2016,54550,82.06,72181,Andorra,europe
2017,56341,82.11,73763,Andorra,europe
2018,58294,82.14,75162,Andorra,europe
2019,58422,82.19,76474,Andorra,europe
1950,1949,45.57,4551869,Angola,africa
1951,1994,45.57,4602561,Angola,africa
1952,2040,45.57,4651688,Angola,africa
1953,2087,45.56,4706359,Angola,africa
1954,1999,45.56,4766717,Angola,africa
1955,2127,45.54,4832764,Angola,africa
1956,2056,45.68,4904270,Angola,africa
1957,2218,45.8,4980642,Angola,africa
1958,2299,45.88,5061134,Angola,africa
1959,2270,46.06,5145102,Angola,africa
1960,2321,46.25,5231654,Angola,africa
1961,2586,44.81,5301583,Angola,africa
1962,2474,44.99,5354310,Angola,africa
1963,2557,45.17,5408320,Angola,africa
1964,2798,45.37,5464187,Angola,africa
1965,2957,45.58,5521981,Angola,africa
1966,3076,45.78,5581386,Angola,africa
1967,3200,45.98,5641807,Angola,africa
1968,3098,46.19,5702699,Angola,africa
1969,3133,46.39,5763685,Angola,africa
1970,3276,46.57,5852788,Angola,africa
1971,3201,46.79,5991102,Angola,africa
1972,3172,46.95,6174262,Angola,africa
1973,3315,47.16,6388528,Angola,africa
1974,3170,47.36,6613367,Angola,africa
1975,1988,47.46,6842947,Angola,africa
1976,1768,47.54,7074664,Angola,africa
1977,1744,47.66,7317829,Angola,africa
1978,1779,47.82,7576734,Angola,africa
1979,1775,47.97,7847207,Angola,africa
1980,1781,48.13,8133872,Angola,africa
1981,1710,48.21,8435607,Angola,africa
1982,1597,48.24,8751648,Angola,africa
1983,1497,48.22,9082983,Angola,africa
1984,1464,48.38,9425917,Angola,africa
1985,1444,48.56,9779120,Angola,africa
1986,1286,48.56,10139450,Angola,africa
1987,1408,48.65,10497858,Angola,africa
1988,1581,48.59,10861291,Angola,africa
1989,1581,49.37,11238562,Angola,africa
1990,1609,49.67,11626360,Angola,africa
1991,1671,50.31,12023529,Angola,africa
1992,1615,50.34,12423712,Angola,africa
1993,1256,48.98,12827135,Angola,africa
1994,1303,50.33,13249764,Angola,africa
1995,1533,51.16,13699778,Angola,africa
1996,1783,51.66,14170973,Angola,africa
1997,1961,51.65,14660413,Angola,africa
1998,2105,50.62,15159370,Angola,africa
1999,2208,51.92,15667235,Angola,africa
2000,2341,52.78,16194869,Angola,africa
2001,2514,53.44,16747208,Angola,africa
2002,2932,54.48,17327699,Angola,africa
2003,3152,55.09,17943712,Angola,africa
2004,3562,55.53,18600423,Angola,africa
2005,4311,56.35,19291161,Angola,africa
2006,5607,56.96,20015279,Angola,africa
2007,6964,57.95,20778561,Angola,africa
2008,7854,58.76,21578655,Angola,africa
2009,7763,59.49,22414773,Angola,africa
2010,7692,60.21,23294825,Angola,africa
2011,7675,60.84,24218352,Angola,africa
2012,8037,61.44,25177394,Angola,africa
2013,8141,62.13,26165620,Angola,africa
2014,8240,63.01,27160769,Angola,africa
2015,8036,63.52,28157798,Angola,africa
2016,7569,63.87,29183070,Angola,africa
2017,7311,64.24,30234839,Angola,africa
2018,6933,64.63,31297155,Angola,africa
2019,6670,65.08,32375632,Angola,africa
2020,6116,65.2,33451132,Angola,africa
1950,2792,58.13,45444,Antigua and Barbuda,americas
1951,2837,58.72,46420,Antigua and Barbuda,americas
1952,2881,59.28,47397,Antigua and Barbuda,americas
1953,2927,59.82,48383,Antigua and Barbuda,americas
1954,2973,60.32,49371,Antigua and Barbuda,americas
1955,3020,60.93,50374,Antigua and Barbuda,americas
1956,3068,61.52,51382,Antigua and Barbuda,americas
1957,3115,61.93,52404,Antigua and Barbuda,americas
1958,3164,62.56,53457,Antigua and Barbuda,americas
1959,3212,63.29,54526,Antigua and Barbuda,americas
1960,3261,63.83,55603,Antigua and Barbuda,americas
1961,3386,64.76,56540,Antigua and Barbuda,americas
1962,3514,65.49,57336,Antigua and Barbuda,americas
1963,3646,65.79,58138,Antigua and Barbuda,americas
1964,3782,66.1,59020,Antigua and Barbuda,americas
1965,3922,66.73,59970,Antigua and Barbuda,americas
1966,4066,67.1,60900,Antigua and Barbuda,americas
1967,4214,67.23,61837,Antigua and Barbuda,americas
1968,4366,67.62,62809,Antigua and Barbuda,americas
1969,4522,68.0,63819,Antigua and Barbuda,americas
1970,4683,68.32,64528,Antigua and Barbuda,americas
1971,5076,68.87,64729,Antigua and Barbuda,americas
1972,5531,69.4,64615,Antigua and Barbuda,americas
1973,6114,69.82,64342,Antigua and Barbuda,americas
1974,6446,70.05,64058,Antigua and Barbuda,americas
1975,6202,70.23,63839,Antigua and Barbuda,americas
1976,5735,70.35,63762,Antigua and Barbuda,americas
1977,6240,70.59,63862,Antigua and Barbuda,americas
1978,6541,71.02,64038,Antigua and Barbuda,americas
1979,7331,71.61,64274,Antigua and Barbuda,americas
1980,7914,72.09,64513,Antigua and Barbuda,americas
1981,8399,72.61,64665,Antigua and Barbuda,americas
1982,8520,73.24,64785,Antigua and Barbuda,americas
1983,9192,73.75,64934,Antigua and Barbuda,americas
1984,9976,73.48,64882,Antigua and Barbuda,americas
1985,10854,73.77,64591,Antigua and Barbuda,americas
1986,11888,74.0,64276,Antigua and Barbuda,americas
1987,13055,74.19,63946,Antigua and Barbuda,americas
1988,14165,74.32,63623,Antigua and Barbuda,americas
1989,14993,74.26,63325,Antigua and Barbuda,americas
1990,15459,74.04,63066,Antigua and Barbuda,americas
1991,15588,74.02,63387,Antigua and Barbuda,americas
1992,15501,73.97,64404,Antigua and Barbuda,americas
1993,15992,73.38,65587,Antigua and Barbuda,americas
1994,16698,73.35,66843,Antigua and Barbuda,americas
1995,15628,73.26,68189,Antigua and Barbuda,americas
1996,16303,73.96,69612,Antigua and Barbuda,americas
1997,16828,73.46,71053,Antigua and Barbuda,americas
1998,17261,74.53,72412,Antigua and Barbuda,americas
1999,17552,74.66,73666,Antigua and Barbuda,americas
2000,18314,74.83,74912,Antigua and Barbuda,americas
2001,17208,75.09,76069,Antigua and Barbuda,americas
2002,17144,75.36,77032,Antigua and Barbuda,americas
2003,17953,75.6,77884,Antigua and Barbuda,americas
2004,18744,75.72,78719,Antigua and Barbuda,americas
2005,19684,75.9,79611,Antigua and Barbuda,americas
2006,21849,75.89,80604,Antigua and Barbuda,americas
2007,23511,75.08,81704,Antigua and Barbuda,americas
2008,23132,75.19,82912,Antigua and Barbuda,americas
2009,20048,75.84,84173,Antigua and Barbuda,americas
2010,18206,75.92,85320,Antigua and Barbuda,americas
2011,17605,75.95,86332,Antigua and Barbuda,americas
2012,17966,76.02,87260,Antigua and Barbuda,americas
2013,17643,76.11,88064,Antigua and Barbuda,americas
2014,18105,75.97,88765,Antigua and Barbuda,americas
2015,18595,75.97,89409,Antigua and Barbuda,americas
2016,19420,76.02,89969,Antigua and Barbuda,americas
2017,19840,76.09,90468,Antigua and Barbuda,americas
2018,21017,76.21,90926,Antigua and Barbuda,americas
2019,21850,76.29,91364,Antigua and Barbuda,americas
2020,17181,76.25,91846,Antigua and Barbuda,americas
1950,9240,63.3,17018036,Argentina,americas
1951,9400,63.54,17356467,Argentina,americas
1952,8740,64.19,17698877,Argentina,americas
1953,9031,64.12,18041302,Argentina,americas
1954,9228,64.71,18381213,Argentina,americas
1955,9704,64.51,18716029,Argentina,americas
1956,9792,65.18,19049964,Argentina,americas
1957,10119,65.15,19383035,Argentina,americas
1958,10559,65.4,19714253,Argentina,americas
1959,9711,65.4,20049609,Argentina,americas
1960,10300,65.26,20386045,Argentina,americas
1961,10930,65.74,20726276,Argentina,americas
1962,10650,65.75,21072538,Argentina,americas
1963,10296,65.75,21421705,Argentina,americas
1964,11254,65.82,21769453,Argentina,americas
1965,12172,66.13,22112629,Argentina,americas
1966,12150,66.58,22453893,Argentina,americas
1967,12373,66.55,22799059,Argentina,americas
1968,12795,65.99,23150583,Argentina,americas
1969,13769,65.93,23508711,Argentina,americas
1970,14372,66.13,23878327,Argentina,americas
1971,14908,66.89,24257208,Argentina,americas
1972,15203,67.33,24644328,Argentina,americas
1973,15946,67.73,25046005,Argentina,americas
1974,16787,67.91,25461351,Argentina,americas
1975,16454,68.03,25874107,Argentina,americas
1976,16228,66.99,26282283,Argentina,americas
1977,17014,67.69,26701805,Argentina,americas
1978,16086,69.04,27132158,Argentina,americas
1979,17047,69.84,27568895,Argentina,americas
1980,17097,70.23,28011596,Argentina,americas
1981,15936,70.32,28463959,Argentina,americas
1982,15264,70.92,28924262,Argentina,americas
1983,15647,70.71,29391332,Argentina,americas
1984,15815,70.82,29863093,Argentina,americas
1985,14635,71.73,30336441,Argentina,americas
1986,15551,71.95,30811980,Argentina,americas
1987,15795,72.06,31291762,Argentina,americas
1988,15348,72.13,31780532,Argentina,americas
1989,14261,72.34,32270948,Argentina,americas
1990,14145,72.47,32755901,Argentina,americas
1991,15222,72.69,33230294,Argentina,americas
1992,16209,72.75,33693527,Argentina,americas
1993,17312,73.03,34152717,Argentina,americas
1994,18092,73.36,34613491,Argentina,americas
1995,17363,73.44,35070020,Argentina,americas
1996,18105,73.49,35513793,Argentina,americas
1997,19348,73.6,35947791,Argentina,americas
1998,19866,73.65,36372860,Argentina,americas
1999,18981,73.79,36794682,Argentina,americas
2000,18625,74.22,37213984,Argentina,americas
2001,17611,74.33,37624825,Argentina,americas
2002,15523,74.28,38029349,Argentina,americas
2003,16715,74.43,38424282,Argentina,americas
2004,18033,74.92,38815916,Argentina,americas
2005,19426,75.28,39216789,Argentina,americas
2006,20778,75.41,39622115,Argentina,americas
2007,22424,75.32,40016763,Argentina,americas
2008,23103,75.68,40424148,Argentina,americas
2009,21520,75.85,40854831,Argentina,americas
2010,23521,75.94,41288694,Argentina,americas
2011,24648,76.04,41730660,Argentina,americas
2012,24119,76.17,42161721,Argentina,americas
2013,24424,76.27,42582455,Argentina,americas
2014,23550,76.47,43024071,Argentina,americas
2015,23934,76.5,43477012,Argentina,americas
2016,23190,76.24,43900313,Argentina,americas
2017,23597,76.28,44288894,Argentina,americas
2018,22747,76.48,44654882,Argentina,americas
2019,22066,76.58,44973465,Argentina,americas
2020,19686,74.61,45191965,Argentina,americas
1950,4125,48.23,1382895,Armenia,europe
1951,4143,49.02,1417284,Armenia,europe
1952,4412,50.04,1454107,Armenia,europe
1953,4602,51.06,1493578,Armenia,europe
1954,4824,52.14,1535978,Armenia,europe
1955,5230,53.28,1581508,Armenia,europe
1956,5723,54.5,1630819,Armenia,europe
1957,5832,55.66,1684134,Armenia,europe
1958,6260,56.55,1740884,Armenia,europe
1959,6176,57.98,1801008,Armenia,europe
1960,6743,59.22,1863705,Armenia,europe
1961,6939,60.37,1927484,Armenia,europe
1962,6943,61.36,1991689,Armenia,europe
1963,6614,62.03,2056023,Armenia,europe
1964,7284,62.86,2120135,Armenia,europe
1965,7514,63.59,2183635,Armenia,europe
1966,7696,64.2,2246159,Armenia,europe
1967,7847,64.68,2307492,Armenia,europe
1968,8113,65.07,2367319,Armenia,europe
1969,8034,65.25,2424030,Armenia,europe
1970,8444,65.86,2475633,Armenia,europe
1971,8451,66.36,2525345,Armenia,europe
1972,8276,66.78,2577079,Armenia,europe
1973,8736,67.22,2630860,Armenia,europe
1974,8466,67.9,2686445,Armenia,europe
1975,8199,68.23,2743660,Armenia,europe
1976,7936,68.96,2818165,Armenia,europe
1977,7676,69.52,2912827,Armenia,europe
1978,7420,69.66,3012807,Armenia,europe
1979,7168,70.18,3078501,Armenia,europe
1980,6918,70.2,3107415,Armenia,europe
1981,6910,70.46,3135349,Armenia,europe
1982,6894,70.76,3163144,Armenia,europe
1983,6728,70.8,3191539,Armenia,europe
1984,6730,71.09,3224547,Armenia,europe
1985,6712,71.27,3260432,Armenia,europe
1986,6437,71.66,3294847,Armenia,europe
1987,5858,71.81,3328520,Armenia,europe
1988,5372,55.29,3355125,Armenia,europe
1989,5859,71.04,3443100,Armenia,europe
1990,5180,70.58,3552128,Armenia,europe
1991,4617,70.32,3613977,Armenia,europe
1992,2736,69.37,3571861,Armenia,europe
1993,2554,68.96,3453332,Armenia,europe
1994,2757,69.47,3364610,Armenia,europe
1995,3008,70.08,3307581,Armenia,europe
1996,3234,70.42,3278735,Armenia,europe
1997,3379,71.14,3246289,Armenia,europe
1998,3654,71.6,3208401,Armenia,europe
1999,3799,71.9,3167286,Armenia,europe
2000,4048,72.38,3125628,Armenia,europe
2001,4464,72.5,3084349,Armenia,europe
2002,5082,72.71,3055630,Armenia,europe
2003,5824,72.78,3038968,Armenia,europe
2004,6472,72.99,3022541,Armenia,europe
2005,7420,73.05,3006351,Armenia,europe
2006,8464,73.1,2990377,Armenia,europe
2007,9708,73.45,2974819,Armenia,europe
2008,10468,73.46,2959990,Armenia,europe
2009,9052,73.64,2945517,Armenia,europe
2010,9286,73.91,2931078,Armenia,europe
2011,9725,74.2,2923271,Armenia,europe
2012,10398,74.57,2922528,Armenia,europe
2013,10691,75.06,2922518,Armenia,europe
2014,11020,75.19,2922422,Armenia,europe
2015,11321,75.11,2921177,Armenia,europe
2016,11303,75.26,2918793,Armenia,europe
2017,12115,75.54,2914963,Armenia,europe
2018,12715,75.63,2909965,Armenia,europe
2019,13654,75.73,2903972,Armenia,europe
2020,12646,73.99,2890892,Armenia,europe
1950,13734,69.4,8176750,Australia,asia
1951,13910,69.22,8418610,Australia,asia
1952,13745,69.5,8630704,Australia,asia
1953,13906,69.92,8816081,Australia,asia
1954,14436,70.16,8999383,Australia,asia
1955,14874,70.34,9205181,Australia,asia
1956,15023,70.42,9424662,Australia,asia
1957,14990,70.62,9638775,Australia,asia
1958,15388,70.95,9847637,Australia,asia
1959,15987,70.86,10060036,Australia,asia
1960,16289,71.11,10280813,Australia,asia
1961,16020,71.29,10500443,Australia,asia
1962,16698,71.21,10707236,Australia,asia
1963,17373,71.18,10913265,Australia,asia
1964,18188,71.02,11128251,Australia,asia
1965,18732,71.1,11357477,Australia,asia
1966,18880,71.12,11592485,Australia,asia
1967,19770,71.1,11810519,Australia,asia
1968,20518,71.04,12030013,Australia,asia
1969,21259,71.15,12272380,Australia,asia
1970,22092,71.15,12599411,Australia,asia
1971,22562,71.44,12997964,Australia,asia
1972,22752,71.78,13304896,Australia,asia
1973,23601,71.93,13518685,Australia,asia
1974,23777,71.95,13719495,Australia,asia
1975,24095,72.51,13893989,Australia,asia
1976,24786,72.85,14046755,Australia,asia
1977,24741,73.28,14203508,Australia,asia
1978,25127,73.76,14367098,Australia,asia
1979,26110,74.22,14533035,Australia,asia
1980,26254,74.51,14721347,Australia,asia
1981,26684,74.8,14949202,Australia,asia
1982,26209,74.91,15192485,Australia,asia
1983,25873,75.32,15414893,Australia,asia
1984,27346,75.5,15620653,Australia,asia
1985,28367,75.59,15835747,Australia,asia
1986,28557,76.05,16069633,Australia,asia
1987,29504,76.22,16322269,Australia,asia
1988,30308,76.36,16594099,Australia,asia
1989,31082,76.46,16869362,Australia,asia
1990,31016,77.0,17126298,Australia,asia
1991,30503,77.43,17353193,Australia,asia
1992,30259,77.62,17549288,Australia,asia
1993,31173,77.93,17722911,Australia,asia
1994,32073,78.01,17897433,Australia,asia
1995,32903,78.29,18095344,Australia,asia
1996,33725,78.47,18305307,Australia,asia
1997,34653,78.77,18504912,Australia,asia
1998,35876,79.09,18701717,Australia,asia
1999,37220,79.4,18909981,Australia,asia
2000,38217,79.72,19132471,Australia,asia
2001,38474,80.06,19365433,Australia,asia
2002,39533,80.27,19595355,Australia,asia
2003,40263,80.59,19819454,Australia,asia
2004,41473,80.92,20046677,Australia,asia
2005,42222,81.24,20294490,Australia,asia
2006,42738,81.48,20590559,Australia,asia
2007,44073,81.55,20954549,Australia,asia
2008,44744,81.65,21370589,Australia,asia
2009,44649,81.87,21783011,Australia,asia
2010,44915,82.12,22141581,Australia,asia
2011,45389,82.28,22479775,Australia,asia
2012,46351,82.56,22852644,Australia,asia
2013,46745,82.71,23236270,Australia,asia
2014,47233,82.72,23595601,Australia,asia
2015,47569,82.73,23948002,Australia,asia
2016,48116,82.95,24329963,Australia,asia
2017,48399,83.0,24731038,Australia,asia
2018,49029,82.9,25119706,Australia,asia
2019,49309,82.89,25482714,Australia,asia
2020,47999,82.91,25743791,Australia,asia
1950,6867,64.8,6936449,Austria,europe
1951,7336,65.48,6930484,Austria,europe
1952,7350,66.68,6927252,Austria,europe
1953,7665,67.23,6932082,Austria,europe
1954,8441,67.32,6939891,Austria,europe
1955,9362,67.68,6946655,Austria,europe
1956,10001,67.78,6952264,Austria,europe
1957,10591,67.79,6965834,Austria,europe
1958,10946,68.38,6987338,Austria,europe
1959,11212,68.54,7014265,Austria,europe
1960,12079,68.96,7047274,Austria,europe
1961,12733,69.58,7086057,Austria,europe
1962,13047,69.65,7129579,Austria,europe
1963,13578,69.78,7175493,Austria,europe
1964,14391,70.04,7223395,Austria,europe
1965,14803,70.09,7270415,Austria,europe
1966,15625,70.22,7321519,Austria,europe
1967,16083,70.23,7376289,Austria,europe
1968,16817,70.27,7414623,Austria,europe
1969,17923,70.16,7440301,Austria,europe
1970,19251,70.21,7466319,Austria,europe
1971,20271,70.38,7499635,Austria,europe
1972,21537,70.66,7543259,Austria,europe
1973,22601,71.09,7585105,Austria,europe
1974,23595,71.21,7597967,Austria,europe
1975,23713,71.44,7577830,Austria,europe
1976,24991,71.85,7564457,Austria,europe
1977,26306,72.15,7567336,Austria,europe
1978,26388,72.37,7561204,Austria,europe
1979,28039,72.62,7548341,Austria,europe
1980,28856,72.84,7548406,Austria,europe
1981,28936,73.1,7567556,Austria,europe
1982,29620,73.27,7573078,Austria,europe
1983,30714,73.49,7561163,Austria,europe
1984,30987,73.87,7560715,Austria,europe
1985,31838,74.26,7564309,Austria,europe
1986,32733,74.69,7569395,Austria,europe
1987,33424,75.12,7574315,Austria,europe
1988,34579,75.52,7585342,Austria,europe
1989,36109,75.7,7620407,Austria,europe
1990,37495,75.97,7679624,Austria,europe
1991,38400,76.09,7757140,Austria,europe
1992,38774,76.26,7842712,Austria,europe
1993,38659,76.46,7907495,Austria,europe
1994,39435,76.74,7938155,Austria,europe
1995,40425,77.03,7950322,Austria,europe
1996,41319,77.28,7960914,Austria,europe
1997,42137,77.65,7969803,Austria,europe
1998,43598,77.91,7978466,Austria,europe
1999,45061,78.17,7993892,Austria,europe
2000,46470,78.49,8012928,Austria,europe
2001,46879,78.86,8042233,Austria,europe
2002,47419,79.02,8081636,Austria,europe
2003,47633,79.14,8122602,Austria,europe
2004,48633,79.49,8173491,Austria,europe
2005,49387,79.75,8229204,Austria,europe
2006,50841,80.11,8269898,Austria,europe
2007,52565,80.29,8296952,Austria,europe
2008,53166,80.5,8323253,Austria,europe
2009,51031,80.55,8345066,Austria,europe
2010,51843,80.79,8365092,Austria,europe
2011,53179,81.0,8393270,Austria,europe
2012,53297,81.15,8431601,Austria,europe
2013,52998,81.33,8481406,Austria,europe
2014,52933,81.51,8547817,Austria,europe
2015,52874,81.57,8644039,Austria,europe
2016,53346,81.78,8737915,Austria,europe
2017,54173,82.0,8798778,Austria,europe
2018,55258,82.12,8841650,Austria,europe
2019,55834,82.16,8880876,Austria,europe
2020,51827,81.47,8921405,Austria,europe
1950,4067,37.79,3131972,Azerbaijan,europe
1951,4011,38.37,3187153,Azerbaijan,europe
1952,4192,39.35,3247001,Azerbaijan,europe
1953,4294,40.27,3312604,Azerbaijan,europe
1954,4421,41.12,3384711,Azerbaijan,europe
1955,4707,42.22,3464086,Azerbaijan,europe
1956,5060,43.46,3551386,Azerbaijan,europe
1957,5064,44.46,3646868,Azerbaijan,europe
1958,5341,45.26,3750698,Azerbaijan,europe
1959,5179,46.93,3862825,Azerbaijan,europe
1960,5558,48.6,3982706,Azerbaijan,europe
1961,5736,50.16,4108980,Azerbaijan,europe
1962,5759,51.7,4239407,Azerbaijan,europe
1963,5506,53.1,4372048,Azerbaijan,europe
1964,6094,54.41,4503654,Azerbaijan,europe
1965,6319,55.57,4630313,Azerbaijan,europe
1966,6506,56.59,4751900,Azerbaijan,europe
1967,6676,57.48,4867301,Azerbaijan,europe
1968,6949,58.19,4976483,Azerbaijan,europe
1969,6932,58.38,5081774,Azerbaijan,europe
1970,7343,59.88,5183825,Azerbaijan,europe
1971,7412,61.0,5283505,Azerbaijan,europe
1972,7327,61.92,5380917,Azerbaijan,europe
1973,7811,62.84,5476609,Azerbaijan,europe
1974,7795,63.67,5572225,Azerbaijan,europe
1975,7779,64.32,5669260,Azerbaijan,europe
1976,7763,65.24,5791041,Azerbaijan,europe
1977,7746,65.25,5937641,Azerbaijan,europe
1978,7730,64.81,6075078,Azerbaijan,europe
1979,7714,65.59,6187133,Azerbaijan,europe
1980,7697,66.24,6284708,Azerbaijan,europe
1981,8013,66.27,6385604,Azerbaijan,europe
1982,8343,66.64,6491435,Azerbaijan,europe
1983,8499,66.8,6602326,Azerbaijan,europe
1984,8833,66.75,6706282,Azerbaijan,europe
1985,9005,66.93,6799814,Azerbaijan,europe
1986,9077,66.87,6891347,Azerbaijan,europe
1987,9385,66.77,6977658,Azerbaijan,europe
1988,9691,66.75,7081406,Azerbaijan,europe
1989,8712,67.0,7167585,Azerbaijan,europe
1990,7617,66.87,7231077,Azerbaijan,europe
1991,7464,66.33,7314308,Azerbaijan,europe
1992,5690,64.5,7405780,Azerbaijan,europe
1993,4310,64.27,7504115,Azerbaijan,europe
1994,3415,63.8,7608893,Azerbaijan,europe
1995,2977,64.69,7719282,Azerbaijan,europe
1996,2985,65.32,7830982,Azerbaijan,europe
1997,3128,65.71,7936221,Azerbaijan,europe
1998,3408,65.98,8025804,Azerbaijan,europe
1999,3629,66.24,8100471,Azerbaijan,europe
2000,3999,66.55,8174785,Azerbaijan,europe
2001,4360,67.06,8251771,Azerbaijan,europe
2002,4737,67.18,8326133,Azerbaijan,europe
2003,5181,67.11,8400530,Azerbaijan,europe
2004,5611,67.21,8489874,Azerbaijan,europe
2005,7107,67.31,8597248,Azerbaijan,europe
2006,9454,67.74,8711380,Azerbaijan,europe
2007,11684,68.23,8828311,Azerbaijan,europe
2008,12672,68.46,8942638,Azerbaijan,europe
2009,13566,68.76,9046336,Azerbaijan,europe
2010,14082,68.98,9146851,Azerbaijan,europe
2011,13914,69.24,9256150,Azerbaijan,europe
2012,14027,69.5,9376181,Azerbaijan,europe
2013,14652,69.74,9504409,Azerbaijan,europe
2014,14868,69.93,9631138,Azerbaijan,europe
2015,14853,70.15,9752850,Azerbaijan,europe
2016,14232,70.3,9868428,Azerbaijan,europe
2017,14121,70.43,9968510,Azerbaijan,europe
2018,14210,70.77,10039784,Azerbaijan,europe
2019,14442,71.0,10110475,Azerbaijan,europe
2020,13702,70.37,10181730,Azerbaijan,europe
1950,12529,58.05,83487,Bahamas,americas
1951,13079,58.46,84585,Bahamas,americas
1952,13652,58.85,86163,Bahamas,americas
1953,14249,59.24,88237,Bahamas,americas
1954,14872,59.63,90824,Bahamas,americas
1955,15521,60.03,93922,Bahamas,americas
1956,16197,60.42,97505,Bahamas,americas
1957,16903,60.79,101537,Bahamas,americas
1958,17638,61.15,105999,Bahamas,americas
1959,18405,61.53,110917,Bahamas,americas
1960,19204,61.93,116317,Bahamas,americas
1961,20355,62.66,122197,Bahamas,americas
1962,21511,63.12,128493,Bahamas,americas
1963,22752,63.56,135087,Bahamas,americas
1964,24098,64.43,141528,Bahamas,americas
1965,25564,63.28,147952,Bahamas,americas
1966,26851,64.56,154874,Bahamas,americas
1967,28405,64.44,162267,Bahamas,americas
1968,29816,64.73,170089,Bahamas,americas
1969,31580,65.09,177981,Bahamas,americas
1970,29079,65.4,184982,Bahamas,americas
1971,28949,65.75,190857,Bahamas,americas
1972,27465,66.29,196055,Bahamas,americas
1973,29112,66.79,200791,Bahamas,americas
1974,23895,67.49,205342,Bahamas,americas
1975,20061,68.21,209886,Bahamas,americas
1976,20776,68.43,214501,Bahamas,americas
1977,22318,68.4,219157,Bahamas,americas
1978,25065,68.5,223761,Bahamas,americas
1979,31092,68.57,228230,Bahamas,americas
1980,32562,68.62,232526,Bahamas,americas
1981,29063,68.74,236614,Bahamas,americas
1982,30487,69.38,240614,Bahamas,americas
1983,31060,70.05,244698,Bahamas,americas
1984,34899,70.35,248863,Bahamas,americas
1985,36046,70.21,253154,Bahamas,americas
1986,36200,70.04,257536,Bahamas,americas
1987,36819,70.16,261935,Bahamas,americas
1988,37225,70.44,266448,Bahamas,americas
1989,39254,70.6,271178,Bahamas,americas
1990,38144,70.86,275945,Bahamas,americas
1991,35880,71.04,280731,Bahamas,americas
1992,33856,71.01,285927,Bahamas,americas
1993,33329,70.72,291339,Bahamas,americas
1994,33782,70.54,296509,Bahamas,americas
1995,34717,70.77,301461,Bahamas,americas
1996,35699,70.4,306268,Bahamas,americas
1997,37704,71.1,310904,Bahamas,americas
1998,35605,71.41,315368,Bahamas,americas
1999,39477,70.77,319614,Bahamas,americas
2000,40566,71.25,323835,Bahamas,americas
2001,41002,71.26,327836,Bahamas,americas
2002,41421,71.9,331614,Bahamas,americas
2003,40183,72.41,335618,Bahamas,americas
2004,39805,72.42,339782,Bahamas,americas
2005,40402,73.18,343894,Bahamas,americas
2006,40645,73.01,348375,Bahamas,americas
2007,40456,73.61,353334,Bahamas,americas
2008,38792,73.49,358120,Bahamas,americas
2009,36543,73.2,362810,Bahamas,americas
2010,36547,73.24,367478,Bahamas,americas
2011,36296,73.22,371729,Bahamas,americas
2012,37005,73.3,375469,Bahamas,americas
2013,35331,73.5,378953,Bahamas,americas
2014,35802,73.59,382298,Bahamas,americas
2015,36024,73.35,385346,Bahamas,americas
2016,35701,73.68,388055,Bahamas,americas
2017,35918,73.77,390485,Bahamas,americas
2018,36540,73.84,392717,Bahamas,americas
2019,36433,73.36,394675,Bahamas,americas
2020,30801,72.3,395863,Bahamas,americas
1950,18166,50.74,117263,Bahrain,asia
1951,18942,51.04,120750,Bahrain,asia
1952,19741,51.07,124448,Bahrain,asia
1953,20555,52.12,128373,Bahrain,asia
1954,21388,52.82,132561,Bahrain,asia
1955,22202,53.41,137070,Bahrain,asia
1956,23010,53.76,141919,Bahrain,asia
1957,23776,54.87,147147,Bahrain,asia
1958,24462,55.7,152810,Bahrain,asia
1959,25073,56.38,158921,Bahrain,asia
1960,25599,57.27,165477,Bahrain,asia
1961,26178,58.06,172346,Bahrain,asia
1962,26848,58.79,179349,Bahrain,asia
1963,27668,59.51,186501,Bahrain,asia
1964,28641,60.22,193816,Bahrain,asia
1965,29832,60.86,200866,Bahrain,asia
1966,31123,61.53,207543,Bahrain,asia
1967,32527,62.14,214189,Bahrain,asia
1968,33942,62.86,219337,Bahrain,asia
1969,35445,63.52,222469,Bahrain,asia
1970,37137,64.18,224809,Bahrain,asia
1971,39022,64.9,230733,Bahrain,asia
1972,41107,65.4,242113,Bahrain,asia
1973,42823,65.99,255320,Bahrain,asia
1974,44733,66.44,269038,Bahrain,asia
1975,38337,66.84,283243,Bahrain,asia
1976,42133,67.17,297863,Bahrain,asia
1977,43386,67.53,312823,Bahrain,asia
1978,43074,66.92,328046,Bahrain,asia
1979,41167,68.16,343457,Bahrain,asia
1980,42762,68.36,358978,Bahrain,asia
1981,40884,68.73,373524,Bahrain,asia
1982,40898,68.98,386983,Bahrain,asia
1983,41339,69.16,400707,Bahrain,asia
1984,40969,69.22,415154,Bahrain,asia
1985,39064,69.43,430358,Bahrain,asia
1986,38511,69.02,446286,Bahrain,asia
1987,38169,69.39,462854,Bahrain,asia
1988,38666,69.43,479929,Bahrain,asia
1989,38996,69.5,497327,Bahrain,asia
1990,38601,69.53,514797,Bahrain,asia
1991,41771,69.55,531869,Bahrain,asia
1992,43430,69.75,547749,Bahrain,asia
1993,47819,70.08,562809,Bahrain,asia
1994,46539,70.35,577952,Bahrain,asia
1995,47157,70.55,593222,Bahrain,asia
1996,47826,70.68,608593,Bahrain,asia
1997,47957,70.92,624005,Bahrain,asia
1998,48717,71.05,639378,Bahrain,asia
1999,48989,71.2,654614,Bahrain,asia
2000,49406,71.68,669581,Bahrain,asia
2001,48246,73.41,699956,Bahrain,asia
2002,47312,72.68,752197,Bahrain,asia
2003,47477,72.15,811276,Bahrain,asia
2004,47661,72.31,871442,Bahrain,asia
2005,47493,72.66,932604,Bahrain,asia
2006,46910,72.95,994618,Bahrain,asia
2007,47000,73.59,1057405,Bahrain,asia
2008,46409,74.01,1120714,Bahrain,asia
2009,44759,74.49,1183605,Bahrain,asia
2010,44600,74.96,1213244,Bahrain,asia
2011,44157,75.32,1206728,Bahrain,asia
2012,45036,75.73,1216303,Bahrain,asia
2013,46931,76.16,1257203,Bahrain,asia
2014,48201,76.57,1312848,Bahrain,asia
2015,48111,76.75,1369650,Bahrain,asia
2016,47938,76.8,1429604,Bahrain,asia
2017,47710,76.76,1481995,Bahrain,asia
2018,46389,76.98,1497626,Bahrain,asia
2019,45312,77.03,1485670,Bahrain,asia
2020,43413,76.34,1483077,Bahrain,asia
1950,1001,39.67,41206856,Bangladesh,asia
1951,1002,39.91,42022304,Bangladesh,asia
1952,1016,40.41,42893011,Bangladesh,asia
1953,1014,40.89,43791391,Bangladesh,asia
1954,1014,41.46,44741296,Bangladesh,asia
1955,942,41.87,45767684,Bangladesh,asia
1956,1021,42.39,46854417,Bangladesh,asia
1957,982,42.89,48004669,Bangladesh,asia
1958,945,42.88,49184054,Bangladesh,asia
1959,974,43.86,50441762,Bangladesh,asia
1960,1010,43.82,51828660,Bangladesh,asia
1961,1055,44.56,53310348,Bangladesh,asia
1962,1040,45.49,54881146,Bangladesh,asia
1963,1134,45.43,56504402,Bangladesh,asia
1964,1135,46.72,58178374,Bangladesh,asia
1965,1182,45.87,59902519,Bangladesh,asia
1966,1186,47.73,61669806,Bangladesh,asia
1967,1145,48.04,63510929,Bangladesh,asia
1968,1238,48.37,65408276,Bangladesh,asia
1969,1241,48.68,67294133,Bangladesh,asia
1970,1283,42.2,69058894,Bangladesh,asia
1971,1204,42.35,70276758,Bangladesh,asia
1972,1050,49.39,71641519,Bangladesh,asia
1973,1039,49.91,73722294,Bangladesh,asia
1974,1155,49.57,75839348,Bangladesh,asia
1975,1126,50.62,77854351,Bangladesh,asia
1976,1161,51.24,79855318,Bangladesh,asia
1977,1145,51.57,81867264,Bangladesh,asia
1978,1203,52.11,83889655,Bangladesh,asia
1979,1235,52.86,85935072,Bangladesh,asia
1980,1219,53.22,88016432,Bangladesh,asia
1981,1233,53.38,90303105,Bangladesh,asia
1982,1231,53.65,92814507,Bangladesh,asia
1983,1272,53.08,95335155,Bangladesh,asia
1984,1321,53.57,97814966,Bangladesh,asia
1985,1342,53.75,100253825,Bangladesh,asia
1986,1381,54.95,102635572,Bangladesh,asia
1987,1415,55.79,104959291,Bangladesh,asia
1988,1432,56.48,107216008,Bangladesh,asia
1989,1446,57.68,109433799,Bangladesh,asia
1990,1518,58.19,111633717,Bangladesh,asia
1991,1535,56.79,113787109,Bangladesh,asia
1992,1582,60.24,115952192,Bangladesh,asia
1993,1621,61.03,118132360,Bangladesh,asia
1994,1649,61.79,120343179,Bangladesh,asia
1995,1697,62.24,122600370,Bangladesh,asia
1996,1736,63.08,124862179,Bangladesh,asia
1997,1776,63.84,127198069,Bangladesh,asia
1998,1830,64.52,129622332,Bangladesh,asia
1999,1877,65.11,132108065,Bangladesh,asia
2000,1938,65.47,134544304,Bangladesh,asia
2001,1998,65.99,136805810,Bangladesh,asia
2002,2037,66.34,138933658,Bangladesh,asia
2003,2097,66.66,140970351,Bangladesh,asia
2004,2172,67.12,142902856,Bangladesh,asia
2005,2280,67.44,144715786,Bangladesh,asia
2006,2399,67.79,146405973,Bangladesh,asia
2007,2537,68.22,147989278,Bangladesh,asia
2008,2659,68.98,149474264,Bangladesh,asia
2009,2762,69.58,150873714,Bangladesh,asia
2010,2883,70.04,152201981,Bangladesh,asia
2011,3035,71.14,153591076,Bangladesh,asia
2012,3196,72.26,155070101,Bangladesh,asia
2013,3349,72.81,156532141,Bangladesh,asia
2014,3512,73.05,157964929,Bangladesh,asia
2015,3700,73.59,159383179,Bangladesh,asia
2016,3920,73.91,160811932,Bangladesh,asia
2017,4161,73.9,162186147,Bangladesh,asia
2018,4441,74.24,163523103,Bangladesh,asia
2019,4754,74.55,164913055,Bangladesh,asia
2020,4660,74.68,166298024,Bangladesh,asia
1950,3941,58.77,209917,Barbados,americas
1951,4084,59.22,213398,Barbados,americas
1952,4249,59.89,216506,Barbados,americas
1953,4421,60.86,219232,Barbados,americas
1954,4588,61.96,221553,Barbados,americas
1955,4804,62.11,223290,Barbados,americas
1956,5103,63.55,224511,Barbados,americas
1957,5401,64.25,225794,Barbados,americas
1958,5644,64.98,227258,Barbados,americas
1959,5874,65.67,228780,Barbados,americas
1960,6180,66.14,230893,Barbados,americas
1961,6590,66.45,233148,Barbados,americas
1962,6851,67.0,235224,Barbados,americas
1963,6961,67.45,237557,Barbados,americas
1964,7314,67.82,239958,Barbados,americas
1965,7426,68.23,242417,Barbados,americas
1966,7871,68.46,244996,Barbados,americas
1967,8558,68.68,247091,Barbados,americas
1968,9604,68.79,248540,Barbados,americas
1969,10510,68.91,249444,Barbados,americas
1970,11560,69.18,249387,Barbados,americas
1971,11889,69.54,249168,Barbados,americas
1972,11919,69.75,249658,Barbados,americas
1973,11965,69.95,250322,Barbados,americas
1974,11312,70.14,250777,Barbados,americas
1975,10997,70.33,251175,Barbados,americas
1976,11412,69.74,251442,Barbados,americas
1977,11738,71.04,251626,Barbados,americas
1978,12233,71.62,251551,Barbados,americas
1979,13113,72.28,251269,Barbados,americas
1980,13611,72.96,251524,Barbados,americas
1981,13297,73.52,252270,Barbados,americas
1982,12557,73.92,253095,Barbados,americas
1983,12519,73.94,253992,Barbados,americas
1984,12872,74.01,254920,Barbados,americas
1985,12921,73.95,255820,Barbados,americas
1986,13492,74.16,256618,Barbados,americas
1987,13759,73.98,257279,Barbados,americas
1988,14160,74.03,257763,Barbados,americas
1989,14565,73.98,258109,Barbados,americas
1990,13984,73.86,258582,Barbados,americas
1991,13389,74.16,259373,Barbados,americas
1992,12579,73.94,260267,Barbados,americas
1993,12632,73.92,261027,Barbados,americas
1994,12836,73.84,261620,Barbados,americas
1995,13043,73.9,262039,Barbados,americas
1996,13506,74.1,262284,Barbados,americas
1997,14086,74.19,262392,Barbados,americas
1998,14549,74.45,262436,Barbados,americas
1999,14537,74.8,262517,Barbados,americas
2000,15124,74.74,262063,Barbados,americas
2001,14713,75.22,262425,Barbados,americas
2002,14779,75.07,264148,Barbados,americas
2003,15050,74.89,265776,Barbados,americas
2004,15210,74.91,267298,Barbados,americas
2005,15752,75.24,268706,Barbados,americas
2006,16613,75.4,270002,Barbados,americas
2007,16904,75.55,271288,Barbados,americas
2008,16947,75.77,272714,Barbados,americas
2009,16020,76.09,274123,Barbados,americas
2010,15597,76.16,275243,Barbados,americas
2011,15445,76.24,276139,Barbados,americas
2012,15336,76.48,276938,Barbados,americas
2013,15088,76.5,277665,Barbados,americas
2014,15042,76.48,278348,Barbados,americas
2015,15383,76.51,278990,Barbados,americas
2016,15738,76.54,279598,Barbados,americas
2017,15789,76.54,280171,Barbados,americas
2018,15675,76.46,280711,Barbados,americas
2019,15639,76.2,281207,Barbados,americas
2020,13458,76.21,281698,Barbados,americas
1950,3502,68.2,7127595,Belarus,europe
1951,3494,68.3,7189433,Belarus,europe
1952,3694,68.55,7264607,Belarus,europe
1953,3828,68.81,7350636,Belarus,europe
1954,3985,69.06,7448889,Belarus,europe
1955,4292,69.35,7560676,Belarus,europe
1956,4666,69.7,7682882,Belarus,europe
1957,4724,69.98,7811335,Belarus,europe
1958,5038,70.13,7944089,Belarus,europe
1959,4940,69.71,8081319,Belarus,europe
1960,5362,71.03,8207998,Belarus,europe
1961,5549,71.48,8320433,Belarus,europe
1962,5585,71.21,8424480,Belarus,europe
1963,5354,71.8,8517704,Belarus,europe
1964,5984,72.8,8602838,Belarus,europe
1965,6263,72.61,8679929,Belarus,europe
1966,6512,72.8,8752970,Belarus,europe
1967,6743,72.61,8823254,Belarus,europe
1968,7082,72.7,8891328,Belarus,europe
1969,7126,72.45,8954597,Belarus,europe
1970,7614,72.13,9014897,Belarus,europe
1971,7749,72.36,9079747,Belarus,europe
1972,7724,72.16,9144633,Belarus,europe
1973,8298,72.27,9205712,Belarus,europe
1974,8343,72.48,9265678,Belarus,europe
1975,8386,71.88,9324281,Belarus,europe
1976,8428,71.73,9380086,Belarus,europe
1977,8469,71.59,9434943,Belarus,europe
1978,8508,71.48,9485805,Belarus,europe
1979,8546,71.2,9537705,Belarus,europe
1980,8582,71.04,9603171,Belarus,europe
1981,8778,71.25,9678048,Belarus,europe
1982,8979,71.4,9748282,Belarus,europe
1983,9237,71.2,9815555,Belarus,europe
1984,9347,70.54,9881694,Belarus,europe
1985,9242,71.06,9944186,Belarus,europe
1986,9290,72.35,10004288,Belarus,europe
1987,9200,72.15,10057605,Belarus,europe
1988,8975,72.15,10107637,Belarus,europe
1989,9379,71.63,10158785,Belarus,europe
1990,8895,71.31,10186261,Belarus,europe
1991,8784,70.84,10193889,Belarus,europe
1992,7924,70.35,10217561,Belarus,europe
1993,7305,69.29,10241320,Belarus,europe
1994,6458,69.13,10230187,Belarus,europe
1995,5805,68.68,10197463,Belarus,europe
1996,5988,68.88,10164028,Belarus,europe
1997,6698,68.69,10122364,Belarus,europe
1998,7294,68.44,10080578,Belarus,europe
1999,7576,68.18,10039223,Belarus,europe
2000,8053,69.03,9991313,Belarus,europe
2001,8477,68.57,9938065,Belarus,europe
2002,8962,68.05,9873450,Belarus,europe
2003,9660,68.58,9803176,Belarus,europe
2004,10840,68.99,9735091,Belarus,europe
2005,11940,68.85,9667838,Belarus,europe
2006,13215,69.48,9608036,Belarus,europe
2007,14417,70.36,9563133,Belarus,europe
2008,15943,70.53,9529358,Belarus,europe
2009,16014,70.62,9507337,Belarus,europe
2010,17301,70.61,9490752,Belarus,europe
2011,18274,70.54,9472735,Belarus,europe
2012,18611,72.32,9463076,Belarus,europe
2013,18805,72.76,9464453,Belarus,europe
2014,19119,73.14,9472708,Belarus,europe
2015,18363,73.66,9487293,Belarus,europe
2016,17883,73.84,9499064,Belarus,europe
2017,18356,73.84,9495790,Belarus,europe
2018,18975,73.98,9480031,Belarus,europe
2019,19279,74.02,9435419,Belarus,europe
2020,19188,73.46,9350944,Belarus,europe
1950,10120,66.62,8617441,Belgium,europe
1951,10649,67.11,8655758,Belgium,europe
1952,10503,68.03,8696639,Belgium,europe
1953,10781,68.47,8741857,Belgium,europe
1954,11171,68.67,8788382,Belgium,europe
1955,11636,68.8,8835493,Belgium,europe
1956,11900,68.97,8882162,Belgium,europe
1957,12035,69.45,8931860,Belgium,europe
1958,11936,69.96,8986122,Belgium,europe
1959,12244,70.24,9045739,Belgium,europe
1960,12881,70.07,9102171,Belgium,europe
1961,13490,70.39,9158211,Belgium,europe
1962,14158,70.42,9217669,Belgium,europe
1963,14734,70.4,9275197,Belgium,europe
1964,15690,70.69,9337684,Belgium,europe
1965,16161,70.76,9399858,Belgium,europe
1966,16633,70.81,9455003,Belgium,europe
1967,17258,70.79,9505919,Belgium,europe
1968,17979,70.85,9549700,Belgium,europe
1969,19200,70.88,9589188,Belgium,europe
1970,20411,71.1,9630504,Belgium,europe
1971,21178,71.27,9666531,Belgium,europe
1972,22289,71.52,9694853,Belgium,europe
1973,23667,71.78,9718035,Belgium,europe
1974,24676,72.01,9735806,Belgium,europe
1975,24370,72.15,9748476,Belgium,europe
1976,25796,72.36,9758901,Belgium,europe
1977,26023,72.76,9774014,Belgium,europe
1978,26837,72.91,9791817,Belgium,europe
1979,27542,73.21,9811365,Belgium,europe
1980,28849,73.33,9833093,Belgium,europe
1981,28574,73.61,9850669,Belgium,europe
1982,29067,73.81,9862327,Belgium,europe
1983,29169,73.97,9869132,Belgium,europe
1984,29998,74.31,9874586,Belgium,europe
1985,30394,74.61,9880337,Belgium,europe
1986,30945,74.91,9886984,Belgium,europe
1987,31758,75.31,9899147,Belgium,europe
1988,33325,75.66,9916565,Belgium,europe
1989,34454,75.86,9936573,Belgium,europe
1990,35507,76.15,9960968,Belgium,europe
1991,36024,76.36,9998961,Belgium,europe
1992,36427,76.48,10045987,Belgium,europe
1993,35936,76.58,10084931,Belgium,europe
1994,36981,76.79,10116005,Belgium,europe
1995,37784,77.01,10137265,Belgium,europe
1996,38209,77.31,10156969,Belgium,europe
1997,39562,77.52,10181464,Belgium,europe
1998,40252,77.67,10203182,Belgium,europe
1999,41583,77.84,10226682,Belgium,europe
2000,43024,78.04,10251717,Belgium,europe
2001,43348,78.3,10287004,Belgium,europe
2002,43891,78.45,10332973,Belgium,europe
2003,44161,78.68,10376260,Belgium,europe
2004,45540,79.08,10421292,Belgium,europe
2005,46342,79.32,10478886,Belgium,europe
2006,47213,79.64,10548442,Belgium,europe
2007,48590,79.76,10625493,Belgium,europe
2008,48424,79.88,10709708,Belgium,europe
2009,47065,80.04,10812935,Belgium,europe
2010,47973,80.23,10936626,Belgium,europe
2011,48155,80.4,11038631,Belgium,europe
2012,48211,80.48,11107518,Belgium,europe
2013,48205,80.67,11160276,Belgium,europe
2014,48749,81.03,11210119,Belgium,europe
2015,49456,81.09,11275335,Belgium,europe
2016,49830,81.31,11332701,Belgium,europe
2017,50442,81.38,11376581,Belgium,europe
2018,51127,81.4,11428605,Belgium,europe
2019,51944,81.41,11490618,Belgium,europe
2020,48720,80.2,11540107,Belgium,europe
1950,2197,55.45,69073,Belize,americas
1951,2219,56.04,71121,Belize,americas
1952,2243,56.87,73344,Belize,americas
1953,2266,57.62,75514,Belize,americas
1954,2289,58.13,77674,Belize,americas
1955,2312,58.84,79856,Belize,americas
1956,2335,60.47,82072,Belize,americas
1957,2359,61.0,84342,Belize,americas
1958,2381,61.88,86659,Belize,americas
1959,2403,62.91,88990,Belize,americas
1960,2426,63.93,91318,Belize,americas
1961,2462,57.9,93632,Belize,americas
1962,2495,64.86,96042,Belize,americas
1963,2531,65.52,98704,Belize,americas
1964,2573,66.05,101603,Belize,americas
1965,2624,66.43,104675,Belize,americas
1966,2679,66.53,107906,Belize,americas
1967,2746,66.73,111272,Belize,americas
1968,2886,67.12,114713,Belize,americas
1969,2979,67.31,118040,Belize,americas
1970,3072,67.51,120736,Belize,americas
1971,3211,67.96,122805,Belize,americas
1972,3300,68.21,124676,Belize,americas
1973,3225,68.55,126445,Belize,americas
1974,3472,69.14,128185,Belize,americas
1975,3445,69.56,130387,Belize,americas
1976,3376,69.61,133099,Belize,americas
1977,3470,69.92,135887,Belize,americas
1978,3692,70.05,138713,Belize,americas
1979,3773,70.73,141678,Belize,americas
1980,3862,70.87,145062,Belize,americas
1981,3823,71.3,148786,Belize,americas
1982,3715,71.57,152548,Belize,americas
1983,3535,71.73,156297,Belize,americas
1984,3505,71.87,160044,Belize,americas
1985,3443,72.08,163796,Belize,americas
1986,3504,72.44,167554,Belize,americas
1987,3793,72.76,171338,Belize,americas
1988,4034,72.89,175180,Belize,americas
1989,4451,72.76,179107,Belize,americas
1990,4855,72.79,183076,Belize,americas
1991,5310,73.08,187040,Belize,americas
1992,5853,73.56,190983,Belize,americas
1993,6116,73.47,194902,Belize,americas
1994,6003,73.18,199097,Belize,americas
1995,5887,72.9,204146,Belize,americas
1996,5784,72.23,210310,Belize,americas
1997,5775,71.43,217446,Belize,americas
1998,5766,70.64,225173,Belize,americas
1999,6043,70.31,233059,Belize,americas
2000,6599,69.98,240799,Belize,americas
2001,6698,70.61,248379,Belize,americas
2002,6819,71.43,256009,Belize,americas
2003,7261,71.84,263780,Belize,americas
2004,7414,72.02,271688,Belize,americas
2005,7364,72.43,279731,Belize,americas
2006,7519,72.63,287878,Belize,americas
2007,7363,73.11,296100,Belize,americas
2008,7427,73.62,304361,Belize,americas
2009,7258,73.66,312614,Belize,americas
2010,7295,73.58,320245,Belize,americas
2011,7260,73.84,327298,Belize,americas
2012,7265,74.25,334414,Belize,americas
2013,7195,74.35,341627,Belize,americas
2014,7323,74.25,348923,Belize,americas
2015,7359,74.19,356333,Belize,americas
2016,7207,74.37,364705,Belize,americas
2017,7194,74.5,373202,Belize,americas
2018,7262,74.39,380226,Belize,americas
2019,7252,74.46,385829,Belize,americas
2020,5881,72.12,390812,Belize,americas
1950,1891,43.61,2250476,Benin,africa
1951,1856,43.67,2267308,Benin,africa
1952,1819,43.8,2285775,Benin,africa
1953,1734,43.89,2306202,Benin,africa
1954,1749,44.02,2328782,Benin,africa
1955,1713,44.1,2353646,Benin,africa
1956,1679,44.2,2380892,Benin,africa
1957,1644,44.24,2410770,Benin,africa
1958,1668,44.4,2443434,Benin,africa
1959,1694,44.54,2478914,Benin,africa
1960,1706,44.78,2517286,Benin,africa
1961,1725,45.05,2559223,Benin,africa
1962,1631,45.32,2604659,Benin,africa
1963,1668,45.8,2652908,Benin,africa
1964,1742,46.25,2704003,Benin,africa
1965,1791,46.76,2757936,Benin,africa
1966,1813,47.2,2814317,Benin,africa
1967,1786,47.61,2872997,Benin,africa
1968,1812,47.96,2934257,Benin,africa
1969,1821,48.2,2998222,Benin,africa
1970,1814,48.54,3065057,Benin,africa
1971,1806,48.8,3134767,Benin,africa
1972,1932,49.32,3207543,Benin,africa
1973,1965,49.87,3283496,Benin,africa
1974,2046,50.4,3362633,Benin,africa
1975,1855,50.76,3445407,Benin,africa
1976,1831,51.18,3532196,Benin,africa
1977,1859,51.57,3623202,Benin,africa
1978,1801,51.97,3718305,Benin,africa
1979,1892,52.37,3818528,Benin,africa
1980,2009,52.71,3925251,Benin,africa
1981,2061,53.01,4038307,Benin,africa
1982,2217,53.24,4156596,Benin,africa
1983,2060,53.43,4278978,Benin,africa
1984,2159,53.63,4405895,Benin,africa
1985,2253,53.94,4538012,Benin,africa
1986,2233,54.34,4675420,Benin,africa
1987,2133,54.73,4818486,Benin,africa
1988,2133,55.18,4967341,Benin,africa
1989,2058,55.34,5121657,Benin,africa
1990,2175,55.73,5281479,Benin,africa
1991,2192,55.98,5446932,Benin,africa
1992,2180,56.39,5617844,Benin,africa
1993,2227,56.7,5872706,Benin,africa
1994,2196,56.77,6096506,Benin,africa
1995,2253,56.89,6226773,Benin,africa
1996,2278,56.86,6391858,Benin,africa
1997,2337,57.07,6583365,Benin,africa
1998,2358,57.17,6789489,Benin,africa
1999,2412,57.34,7002818,Benin,africa
2000,2478,57.39,7221619,Benin,africa
2001,2533,57.58,7445596,Benin,africa
2002,2571,57.88,7675426,Benin,africa
2003,2580,58.12,7913070,Benin,africa
2004,2614,58.46,8159094,Benin,africa
2005,2582,58.81,8426144,Benin,africa
2006,2607,59.13,8693242,Benin,africa
2007,2685,59.5,8953969,Benin,africa
2008,2738,60.14,9228466,Benin,africa
2009,2724,60.73,9509423,Benin,africa
2010,2705,61.1,9797484,Benin,africa
2011,2708,61.41,10093623,Benin,africa
2012,2760,61.72,10397657,Benin,africa
2013,2877,62.02,10708834,Benin,africa
2014,2976,62.32,11030004,Benin,africa
2015,2946,62.64,11360681,Benin,africa
2016,2961,63.02,11697842,Benin,africa
2017,3045,63.41,12039780,Benin,africa
2018,3161,63.96,12383347,Benin,africa
2019,3287,64.49,12726755,Benin,africa
2020,3320,64.63,13070169,Benin,africa
1950,960,36.93,169982,Bhutan,asia
1951,971,37.38,174600,Bhutan,asia
1952,983,37.84,179380,Bhutan,asia
1953,994,38.33,184333,Bhutan,asia
1954,1005,38.85,189453,Bhutan,asia
1955,1017,39.39,194748,Bhutan,asia
1956,1028,39.93,200236,Bhutan,asia
1957,1040,40.46,205901,Bhutan,asia
1958,1052,41.0,211757,Bhutan,asia
1959,1064,41.58,217815,Bhutan,asia
1960,1077,42.22,224084,Bhutan,asia
1961,1095,42.87,230602,Bhutan,asia
1962,1114,43.51,237636,Bhutan,asia
1963,1134,44.16,245156,Bhutan,asia
1964,1155,44.85,252987,Bhutan,asia
1965,1175,45.51,261200,Bhutan,asia
1966,1196,46.18,269820,Bhutan,asia
1967,1216,46.83,278852,Bhutan,asia
1968,1238,47.48,288311,Bhutan,asia
1969,1259,48.13,298214,Bhutan,asia
1970,1281,48.8,308528,Bhutan,asia
1971,1276,49.4,319211,Bhutan,asia
1972,1252,49.89,330264,Bhutan,asia
1973,1232,50.32,341705,Bhutan,asia
1974,1257,50.73,353538,Bhutan,asia
1975,1179,51.03,365791,Bhutan,asia
1976,1245,51.35,378490,Bhutan,asia
1977,1303,51.72,391639,Bhutan,asia
1978,1354,52.1,405243,Bhutan,asia
1979,1378,52.48,419200,Bhutan,asia
1980,1407,52.84,433404,Bhutan,asia
1981,1528,53.42,447836,Bhutan,asia
1982,1525,54.06,462485,Bhutan,asia
1983,1610,54.78,477460,Bhutan,asia
1984,1668,55.58,492784,Bhutan,asia
1985,1717,56.22,508392,Bhutan,asia
1986,1904,57.12,524324,Bhutan,asia
1987,2425,58.03,540557,Bhutan,asia
1988,2498,58.83,556986,Bhutan,asia
1989,2626,59.62,573586,Bhutan,asia
1990,2881,60.33,589287,Bhutan,asia
1991,2848,60.89,599784,Bhutan,asia
1992,2980,61.54,577774,Bhutan,asia
1993,3050,62.19,554673,Bhutan,asia
1994,3205,62.65,554497,Bhutan,asia
1995,3415,63.44,547989,Bhutan,asia
1996,3559,64.23,548784,Bhutan,asia
1997,3681,64.77,558697,Bhutan,asia
1998,3811,65.38,569435,Bhutan,asia
1999,4019,66.04,582579,Bhutan,asia
2000,4061,65.74,596863,Bhutan,asia
2001,4309,67.1,610794,Bhutan,asia
2002,4686,67.68,624409,Bhutan,asia
2003,4958,68.16,637663,Bhutan,asia
2004,5165,68.64,650544,Bhutan,asia
2005,5457,69.05,661865,Bhutan,asia
2006,5762,69.47,670799,Bhutan,asia
2007,6743,69.9,678641,Bhutan,asia
2008,6996,70.28,686351,Bhutan,asia
2009,7394,70.55,693988,Bhutan,asia
2010,8191,71.0,701632,Bhutan,asia
2011,8745,71.32,709377,Bhutan,asia
2012,9084,71.61,717279,Bhutan,asia
2013,9164,71.85,725273,Bhutan,asia
2014,9574,72.08,733139,Bhutan,asia
2015,10086,72.29,740618,Bhutan,asia
2016,10775,72.52,747866,Bhutan,asia
2017,11142,72.73,754335,Bhutan,asia
2018,11348,72.95,759759,Bhutan,asia
2019,11865,73.17,764824,Bhutan,asia
2020,11469,73.33,770006,Bhutan,asia
1950,3500,36.42,3089969,Bolivia,americas
1951,3730,37.07,3137297,Bolivia,americas
1952,3763,37.23,3187537,Bolivia,americas
1953,3335,38.68,3240965,Bolivia,americas
1954,3334,39.6,3297842,Bolivia,americas
1955,3434,40.53,3358004,Bolivia,americas
1956,3161,41.17,3421339,Bolivia,americas
1957,2991,41.75,3487569,Bolivia,americas
1958,2994,42.29,3556559,Bolivia,americas
1959,2919,42.65,3628191,Bolivia,americas
1960,2976,43.0,3702323,Bolivia,americas
1961,2983,43.26,3778731,Bolivia,americas
1962,3090,43.85,3857493,Bolivia,americas
1963,3228,44.8,3938913,Bolivia,americas
1964,3321,45.54,4022996,Bolivia,americas
1965,3417,46.17,4109796,Bolivia,americas
1966,3593,47.03,4199550,Bolivia,americas
1967,3743,47.86,4292572,Bolivia,americas
1968,3983,48.6,4388944,Bolivia,americas
1969,4077,49.38,4488232,Bolivia,americas
1970,4203,50.09,4590010,Bolivia,americas
1971,4274,50.76,4694342,Bolivia,americas
1972,4400,51.44,4800978,Bolivia,americas
1973,4607,52.18,4910200,Bolivia,americas
1974,4745,52.92,5022475,Bolivia,americas
1975,4957,53.66,5137539,Bolivia,americas
1976,5236,54.31,5256496,Bolivia,americas
1977,5344,54.86,5379166,Bolivia,americas
1978,5414,55.41,5504123,Bolivia,americas
1979,5309,56.1,5630849,Bolivia,americas
1980,5169,56.76,5758900,Bolivia,americas
1981,5139,57.25,5888109,Bolivia,americas
1982,4849,57.61,6018088,Bolivia,americas
1983,4573,57.77,6149060,Bolivia,americas
1984,4560,58.54,6281868,Bolivia,americas
1985,4468,59.14,6416185,Bolivia,americas
1986,4266,59.72,6552479,Bolivia,americas
1987,4313,60.13,6692162,Bolivia,americas
1988,4402,60.5,6835508,Bolivia,americas
1989,4448,61.08,6981766,Bolivia,americas
1990,4587,61.69,7130142,Bolivia,americas
1991,4728,62.05,7280289,Bolivia,americas
1992,4706,62.46,7430336,Bolivia,americas
1993,4805,62.94,7579195,Bolivia,americas
1994,4925,63.57,7727322,Bolivia,americas
1995,5050,64.02,7874676,Bolivia,americas
1996,5164,64.57,8021736,Bolivia,americas
1997,5312,64.98,8167900,Bolivia,americas
1998,5469,65.49,8313394,Bolivia,americas
1999,5386,66.01,8459806,Bolivia,americas
2000,5416,66.53,8606326,Bolivia,americas
2001,5403,67.16,8752736,Bolivia,americas
2002,5434,67.59,8900355,Bolivia,americas
2003,5479,68.09,9050700,Bolivia,americas
2004,5605,68.58,9204287,Bolivia,americas
2005,5750,68.97,9360754,Bolivia,americas
2006,5921,69.31,9521689,Bolivia,americas
2007,6085,69.56,9685960,Bolivia,americas
2008,6351,69.8,9850858,Bolivia,americas
2009,6456,70.08,10016275,Bolivia,americas
2010,6613,70.3,10182345,Bolivia,americas
2011,6845,70.5,10348929,Bolivia,americas
2012,7081,70.73,10515807,Bolivia,americas
2013,7444,70.9,10682608,Bolivia,americas
2014,7731,71.09,10848888,Bolivia,americas
2015,7984,71.3,11014705,Bolivia,americas
2016,8203,71.49,11180020,Bolivia,americas
2017,8424,71.65,11344587,Bolivia,americas
2018,8656,71.84,11508368,Bolivia,americas
2019,8724,72.01,11671386,Bolivia,americas
2020,7853,69.83,11816299,Bolivia,americas
1950,2337,51.06,2690410,Bosnia and Herzegovina,europe
1951,2410,49.18,2730242,Bosnia and Herzegovina,europe
1952,2202,53.67,2774682,Bosnia and Herzegovina,europe
1953,2183,53.64,2829227,Bosnia and Herzegovina,europe
1954,2147,56.59,2890197,Bosnia and Herzegovina,europe
1955,2633,55.53,2952173,Bosnia and Herzegovina,europe
1956,2246,57.13,3015551,Bosnia and Herzegovina,europe
1957,2574,57.52,3079937,Bosnia and Herzegovina,europe
1958,2655,61.17,3145430,Bosnia and Herzegovina,europe
1959,3100,60.71,3212367,Bosnia and Herzegovina,europe
1960,3337,61.27,3281381,Bosnia and Herzegovina,europe
1961,3400,63.0,3348035,Bosnia and Herzegovina,europe
1962,3334,62.22,3407532,Bosnia and Herzegovina,europe
1963,3690,63.53,3461942,Bosnia and Herzegovina,europe
1964,4033,63.36,3513441,Bosnia and Herzegovina,europe
1965,4076,64.15,3562834,Bosnia and Herzegovina,europe
1966,4273,65.83,3610562,Bosnia and Herzegovina,europe
1967,4100,65.29,3656223,Bosnia and Herzegovina,europe
1968,4159,65.52,3698794,Bosnia and Herzegovina,europe
1969,4380,65.05,3737765,Bosnia and Herzegovina,europe
1970,4419,65.92,3773247,Bosnia and Herzegovina,europe
1971,4576,66.58,3809376,Bosnia and Herzegovina,europe
1972,4654,66.73,3848271,Bosnia and Herzegovina,europe
1973,4696,67.6,3887376,Bosnia and Herzegovina,europe
1974,4895,68.14,3926472,Bosnia and Herzegovina,europe
1975,4917,68.31,3965743,Bosnia and Herzegovina,europe
1976,4829,68.94,4004552,Bosnia and Herzegovina,europe
1977,5061,69.22,4042124,Bosnia and Herzegovina,europe
1978,5234,69.23,4078240,Bosnia and Herzegovina,europe
1979,5453,69.54,4113300,Bosnia and Herzegovina,europe
1980,5499,69.74,4148426,Bosnia and Herzegovina,europe
1981,5506,69.9,4184217,Bosnia and Herzegovina,europe
1982,5430,69.98,4221100,Bosnia and Herzegovina,europe
1983,5238,69.62,4258728,Bosnia and Herzegovina,europe
1984,5152,70.2,4295536,Bosnia and Herzegovina,europe
1985,5035,71.42,4330364,Bosnia and Herzegovina,europe
1986,5030,71.87,4362115,Bosnia and Herzegovina,europe
1987,4761,72.03,4390246,Bosnia and Herzegovina,europe
1988,4474,72.23,4414404,Bosnia and Herzegovina,europe
1989,4365,72.34,4433983,Bosnia and Herzegovina,europe
1990,3712,73.21,4448652,Bosnia and Herzegovina,europe
1991,3126,72.52,4458343,Bosnia and Herzegovina,europe
1992,2256,68.07,4234616,Bosnia and Herzegovina,europe
1993,1609,69.04,3904482,Bosnia and Herzegovina,europe
1994,1653,70.69,3725412,Bosnia and Herzegovina,europe
1995,2053,66.2,3715564,Bosnia and Herzegovina,europe
1996,3947,73.51,3875246,Bosnia and Herzegovina,europe
1997,5344,73.94,4018227,Bosnia and Herzegovina,europe
1998,6181,74.92,4089356,Bosnia and Herzegovina,europe
1999,6758,75.41,4130305,Bosnia and Herzegovina,europe
2000,7605,75.46,4159771,Bosnia and Herzegovina,europe
2001,7780,75.25,4179438,Bosnia and Herzegovina,europe
2002,8163,75.06,4188002,Bosnia and Herzegovina,europe
2003,8472,75.28,4178523,Bosnia and Herzegovina,europe
2004,9003,75.47,4140987,Bosnia and Herzegovina,europe
2005,9351,75.29,4096493,Bosnia and Herzegovina,europe
2006,9857,75.56,4063272,Bosnia and Herzegovina,europe
2007,10442,75.26,4013424,Bosnia and Herzegovina,europe
2008,11035,75.9,3947544,Bosnia and Herzegovina,europe
2009,10756,76.08,3879794,Bosnia and Herzegovina,europe
2010,10938,76.31,3811472,Bosnia and Herzegovina,europe
2011,11177,76.43,3741798,Bosnia and Herzegovina,europe
2012,11258,76.66,3670113,Bosnia and Herzegovina,europe
2013,11725,76.64,3610859,Bosnia and Herzegovina,europe
2014,12067,76.67,3564829,Bosnia and Herzegovina,europe
2015,12631,76.47,3518541,Bosnia and Herzegovina,europe
2016,13194,76.66,3473003,Bosnia and Herzegovina,europe
2017,13754,76.83,3428682,Bosnia and Herzegovina,europe
2018,14387,76.87,3387000,Bosnia and Herzegovina,europe
2019,14897,76.96,3345533,Bosnia and Herzegovina,europe
2020,14449,75.36,3299349,Bosnia and Herzegovina,europe
1950,769,53.67,413697,Botswana,africa
1951,777,53.75,423556,Botswana,africa
1952,781,53.8,433711,Botswana,africa
1953,789,53.88,443973,Botswana,africa
1954,796,53.93,454043,Botswana,africa
1955,802,53.98,463926,Botswana,africa
1956,807,54.05,473782,Botswana,africa
1957,811,54.11,483788,Botswana,africa
1958,814,54.19,494106,Botswana,africa
1959,822,54.27,504877,Botswana,africa
1960,822,54.36,516165,Botswana,africa
1961,872,54.46,527942,Botswana,africa
1962,923,54.61,540186,Botswana,africa
1963,945,54.79,552966,Botswana,africa
1964,983,54.99,566266,Botswana,africa
1965,923,55.08,574664,Botswana,africa
1966,974,55.27,577866,Botswana,africa
1967,1147,55.46,580933,Botswana,africa
1968,1290,55.75,583966,Botswana,africa
1969,1265,56.08,587066,Botswana,africa
1970,1394,56.49,590334,Botswana,africa
1971,1702,56.98,600481,Botswana,africa
1972,2084,57.54,622407,Botswana,africa
1973,2443,58.12,652408,Botswana,africa
1974,2565,58.63,685448,Botswana,africa
1975,2681,59.14,720380,Botswana,africa
1976,2855,59.57,758508,Botswana,africa
1977,3036,59.92,799574,Botswana,africa
1978,3259,60.29,849239,Botswana,africa
1979,3583,60.59,901742,Botswana,africa
1980,3872,60.98,937485,Botswana,africa
1981,4174,61.31,969996,Botswana,africa
1982,4372,61.63,1009269,Botswana,africa
1983,4727,61.95,1046137,Botswana,africa
1984,5185,62.23,1083660,Botswana,africa
1985,5460,62.49,1121945,Botswana,africa
1986,5640,62.64,1160650,Botswana,africa
1987,5869,62.67,1199167,Botswana,africa
1988,6337,62.17,1235476,Botswana,africa
1989,8141,62.13,1270274,Botswana,africa
1990,8432,61.32,1305696,Botswana,africa
1991,8790,60.2,1341756,Botswana,africa
1992,8800,58.61,1380033,Botswana,africa
1993,8740,56.67,1420115,Botswana,africa
1994,8837,54.58,1460023,Botswana,africa
1995,9232,52.5,1498836,Botswana,africa
1996,9539,50.65,1535914,Botswana,africa
1997,10094,49.02,1571691,Botswana,africa
1998,9911,47.57,1606899,Botswana,africa
1999,10637,46.43,1641997,Botswana,africa
2000,10630,45.52,1677382,Botswana,africa
2001,10457,44.99,1712254,Botswana,africa
2002,10897,44.94,1744763,Botswana,africa
2003,11205,45.69,1775736,Botswana,africa
2004,11306,47.52,1807146,Botswana,africa
2005,11600,49.93,1839877,Botswana,africa
2006,12318,51.39,1874516,Botswana,africa
2007,13057,53.41,1911201,Botswana,africa
2008,13581,54.67,1949970,Botswana,africa
2009,12299,56.06,1990673,Botswana,africa
2010,13126,56.98,2033111,Botswana,africa
2011,13725,57.75,2073535,Botswana,africa
2012,14167,58.62,2108617,Botswana,africa
2013,15598,59.43,2140682,Botswana,africa
2014,16042,60.09,2172044,Botswana,africa
2015,14896,60.62,2203273,Botswana,africa
2016,15655,61.22,2234776,Botswana,africa
2017,15948,61.51,2266747,Botswana,africa
2018,16222,61.84,2299141,Botswana,africa
2019,16348,62.25,2332083,Botswana,africa
2020,14617,61.65,2365894,Botswana,africa
1950,2599,47.57,53408551,Brazil,americas
1951,2649,48.05,55018851,Brazil,americas
1952,2763,48.53,56694872,Brazil,americas
1953,2811,48.98,58433757,Brazil,americas
1954,2942,49.46,60235122,Brazil,americas
1955,3110,49.94,62101388,Brazil,americas
1956,3106,50.42,64033995,Brazil,americas
1957,3247,50.89,66031492,Brazil,americas
1958,3493,51.4,68092141,Brazil,americas
1959,3721,51.92,70214470,Brazil,americas
1960,3950,52.44,72388126,Brazil,americas
1961,4189,52.97,74605447,Brazil,americas
1962,4358,53.53,76865323,Brazil,americas
1963,4276,53.99,79164235,Brazil,americas
1964,4315,54.43,81488595,Brazil,americas
1965,4313,54.83,83817583,Brazil,americas
1966,4490,55.19,86139359,Brazil,americas
1967,4570,55.59,88446124,Brazil,americas
1968,4901,56.07,90741240,Brazil,americas
1969,5245,56.52,93045777,Brazil,americas
1970,5665,56.94,95375651,Brazil,americas
1971,6170,57.45,97739273,Brazil,americas
1972,6763,58.03,100146797,Brazil,americas
1973,7547,58.57,102600976,Brazil,americas
1974,7995,59.16,105089675,Brazil,americas
1975,8241,59.78,107619565,Brazil,americas
1976,8905,60.39,110213349,Brazil,americas
1977,9161,61.07,112875292,Brazil,americas
1978,9429,61.72,115600942,Brazil,americas
1979,9870,62.27,118380821,Brazil,americas
1980,10574,62.74,121207461,Brazil,americas
1981,9928,63.3,124063109,Brazil,americas
1982,9816,63.87,126923155,Brazil,americas
1983,9362,64.06,129790077,Brazil,americas
1984,9712,64.21,132658864,Brazil,americas
1985,10313,64.61,135515595,Brazil,americas
1986,10912,65.06,138336370,Brazil,americas
1987,11122,65.65,141104944,Brazil,americas
1988,10943,66.07,143826357,Brazil,americas
1989,11130,66.72,146502972,Brazil,americas
1990,10521,67.29,149143223,Brazil,americas
1991,10444,67.92,151724256,Brazil,americas
1992,10211,68.34,154275079,Brazil,americas
1993,10537,68.43,156794577,Brazil,americas
1994,10973,68.81,159265006,Brazil,americas
1995,11254,69.17,161735073,Brazil,americas
1996,11321,69.52,164202549,Brazil,americas
1997,11524,70.08,166661659,Brazil,americas
1998,11388,70.4,169159655,Brazil,americas
1999,11273,70.79,171641543,Brazil,americas
2000,11601,71.18,174018282,Brazil,americas
2001,11602,71.49,176301203,Brazil,americas
2002,11801,71.76,178503484,Brazil,americas
2003,11786,72.03,180622688,Brazil,americas
2004,12316,72.31,182675143,Brazil,americas
2005,12566,72.81,184688101,Brazil,americas
2006,12922,73.06,186653106,Brazil,americas
2007,13565,73.31,188552320,Brazil,americas
2008,14115,73.5,190367302,Brazil,americas
2009,13962,73.66,192079951,Brazil,americas
2010,14873,73.85,193701929,Brazil,americas
2011,15323,74.01,195284734,Brazil,americas
2012,15479,74.34,196876111,Brazil,americas
2013,15805,74.55,198478299,Brazil,americas
2014,15750,74.83,200085127,Brazil,americas
2015,15064,75.03,201675532,Brazil,americas
2016,14451,75.05,203218114,Brazil,americas
2017,14525,75.44,204703445,Brazil,americas
2018,14668,75.69,206107261,Brazil,americas
2019,14764,75.85,207455459,Brazil,americas
2020,14083,73.58,208660842,Brazil,americas
1950,62768,51.7,48297,Brunei,asia
1951,63684,52.57,51190,Brunei,asia
1952,64608,52.27,54233,Brunei,asia
1953,65538,52.64,57559,Brunei,asia
1954,66475,53.04,61209,Brunei,asia
1955,67419,52.86,65210,Brunei,asia
1956,68370,52.56,69548,Brunei,asia
1957,69327,52.46,74164,Brunei,asia
1958,70290,53.61,78972,Brunei,asia
1959,71259,54.47,83842,Brunei,asia
1960,72235,55.8,88347,Brunei,asia
1961,73072,57.27,92517,Brunei,asia
1962,73913,57.66,96719,Brunei,asia
1963,74754,59.54,101159,Brunei,asia
1964,75596,60.65,105922,Brunei,asia
1965,76440,61.91,110838,Brunei,asia
1966,77284,62.92,115874,Brunei,asia
1967,78128,63.05,121017,Brunei,asia
1968,78973,62.25,126222,Brunei,asia
1969,79818,62.53,131446,Brunei,asia
1970,80661,63.04,135138,Brunei,asia
1971,84554,63.56,137921,Brunei,asia
1972,88809,64.08,142189,Brunei,asia
1973,92892,64.67,147369,Brunei,asia
1974,99052,65.39,152656,Brunei,asia
1975,95205,65.74,158070,Brunei,asia
1976,109738,66.25,163607,Brunei,asia
1977,116951,66.43,169277,Brunei,asia
1978,120211,66.7,174884,Brunei,asia
1979,142027,67.1,180422,Brunei,asia
1980,127583,67.51,186111,Brunei,asia
1981,98967,67.87,191977,Brunei,asia
1982,99678,68.04,198165,Brunei,asia
1983,97161,68.23,204741,Brunei,asia
1984,94841,68.37,211661,Brunei,asia
1985,90649,68.52,218919,Brunei,asia
1986,77859,68.62,226495,Brunei,asia
1987,75775,68.91,233860,Brunei,asia
1988,73252,69.23,240913,Brunei,asia
1989,72635,69.27,248064,Brunei,asia
1990,71233,69.38,255292,Brunei,asia
1991,71405,69.7,262596,Brunei,asia
1992,72706,70.04,269839,Brunei,asia
1993,70909,70.39,276971,Brunei,asia
1994,71176,71.0,284091,Brunei,asia
1995,72447,71.45,291195,Brunei,asia
1996,72695,71.96,298276,Brunei,asia
1997,69940,72.07,305341,Brunei,asia
1998,67986,72.21,312385,Brunei,asia
1999,68541,72.35,319411,Brunei,asia
2000,69023,72.52,326424,Brunei,asia
2001,69484,72.85,333345,Brunei,asia
2002,70772,72.94,340099,Brunei,asia
2003,71483,72.89,346637,Brunei,asia
2004,70617,72.94,352911,Brunei,asia
2005,69788,73.03,358916,Brunei,asia
2006,71844,73.2,364663,Brunei,asia
2007,71052,73.48,370873,Brunei,asia
2008,68856,73.8,377793,Brunei,asia
2009,66851,73.83,384952,Brunei,asia
2010,67753,73.83,392332,Brunei,asia
2011,69389,73.93,399389,Brunei,asia
2012,69090,74.01,405557,Brunei,asia
2013,66716,73.92,411202,Brunei,asia
2014,64191,73.96,416750,Brunei,asia
2015,63147,73.98,422212,Brunei,asia
2016,60867,74.06,427564,Brunei,asia
2017,60995,74.12,432772,Brunei,asia
2018,60389,74.21,437810,Brunei,asia
2019,62098,74.36,442680,Brunei,asia
2020,62645,74.43,447404,Brunei,asia
1950,3060,61.04,7248511,Bulgaria,europe
1951,3685,60.2,7314435,Bulgaria,europe
1952,3507,60.07,7361952,Bulgaria,europe
1953,3863,64.04,7415922,Bulgaria,europe
1954,3752,64.57,7476269,Bulgaria,europe
1955,3980,64.92,7533654,Bulgaria,europe
1956,3943,65.67,7587166,Bulgaria,europe
1957,4317,66.82,7649539,Bulgaria,europe
1958,4647,68.69,7724891,Bulgaria,europe
1959,4973,67.17,7794173,Bulgaria,europe
1960,5396,69.39,7862926,Bulgaria,europe
1961,5732,70.28,7938300,Bulgaria,europe
1962,6189,70.0,8008325,Bulgaria,europe
1963,6463,70.55,8073731,Bulgaria,europe
1964,6962,71.34,8140084,Bulgaria,europe
1965,7379,71.52,8202416,Bulgaria,europe
1966,7958,71.36,8258785,Bulgaria,europe
1967,8389,70.94,8311124,Bulgaria,europe
1968,8539,71.38,8370638,Bulgaria,europe
1969,8944,70.72,8435276,Bulgaria,europe
1970,9451,71.47,8490825,Bulgaria,europe
1971,9769,71.0,8538898,Bulgaria,europe
1972,10248,71.14,8579913,Bulgaria,europe
1973,10665,71.51,8624800,Bulgaria,europe
1974,10996,71.28,8682755,Bulgaria,europe
1975,11918,71.26,8723148,Bulgaria,europe
1976,12302,71.42,8759438,Bulgaria,europe
1977,12200,70.95,8804686,Bulgaria,europe
1978,12531,71.16,8813746,Bulgaria,europe
1979,13081,71.14,8824992,Bulgaria,europe
1980,12737,71.22,8859537,Bulgaria,europe
1981,13114,71.31,8887801,Bulgaria,europe
1982,13586,70.96,8912732,Bulgaria,europe
1983,13382,70.88,8933326,Bulgaria,europe
1984,13877,70.55,8952604,Bulgaria,europe
1985,13516,70.36,8958854,Bulgaria,europe
1986,13933,70.38,8963469,Bulgaria,europe
1987,14018,70.29,8976204,Bulgaria,europe
1988,13995,70.09,8985715,Bulgaria,europe
1989,13811,70.08,8936380,Bulgaria,europe
1990,12508,70.08,8822365,Bulgaria,europe
1991,11565,70.12,8695797,Bulgaria,europe
1992,10840,69.85,8559101,Bulgaria,europe
1993,10765,69.72,8466533,Bulgaria,europe
1994,10998,69.3,8416917,Bulgaria,europe
1995,11363,69.42,8357574,Bulgaria,europe
1996,12016,69.31,8291398,Bulgaria,europe
1997,10383,68.91,8217102,Bulgaria,europe
1998,10848,69.44,8138194,Bulgaria,europe
1999,9993,69.96,8067462,Bulgaria,europe
2000,10504,70.16,8000520,Bulgaria,europe
2001,11125,70.43,7928452,Bulgaria,europe
2002,12036,70.71,7861943,Bulgaria,europe
2003,12767,70.93,7804409,Bulgaria,europe
2004,13702,71.05,7749430,Bulgaria,europe
2005,14779,71.12,7695050,Bulgaria,europe
2006,15905,71.21,7640294,Bulgaria,europe
2007,17078,71.55,7586888,Bulgaria,europe
2008,18251,71.87,7535592,Bulgaria,europe
2009,17768,72.11,7488011,Bulgaria,europe
2010,18161,72.34,7437599,Bulgaria,europe
2011,18661,72.65,7380025,Bulgaria,europe
2012,18912,73.0,7317014,Bulgaria,europe
2013,18911,73.27,7264600,Bulgaria,europe
2014,19203,73.04,7223449,Bulgaria,europe
2015,19988,73.24,7177517,Bulgaria,europe
2016,20741,73.31,7127434,Bulgaria,europe
2017,21470,73.34,7075636,Bulgaria,europe
2018,22206,73.3,7024745,Bulgaria,europe
2019,23266,73.35,6975469,Bulgaria,europe
2020,22358,71.85,6933652,Bulgaria,europe
1950,566,36.06,4213152,Burkina Faso,africa
1951,585,36.41,4260384,Burkina Faso,africa
1952,603,36.73,4310351,Burkina Faso,africa
1953,622,37.07,4361317,Burkina Faso,africa
1954,642,37.39,4413876,Burkina Faso,africa
1955,662,37.72,4469053,Burkina Faso,africa
1956,683,38.06,4526654,Burkina Faso,africa
1957,704,38.4,4586572,Burkina Faso,africa
1958,727,38.74,4647280,Burkina Faso,africa
1959,749,39.11,4710845,Burkina Faso,africa
1960,745,39.54,4778621,Burkina Faso,africa
1961,645,39.87,4848224,Burkina Faso,africa
1962,673,40.42,4919672,Burkina Faso,africa
1963,657,40.91,4993623,Burkina Faso,africa
1964,665,41.42,5071034,Burkina Faso,africa
1965,651,41.95,5152833,Burkina Faso,africa
1966,644,42.51,5237933,Burkina Faso,africa
1967,694,42.8,5326348,Burkina Faso,africa
1968,718,43.22,5418644,Burkina Faso,africa
1969,722,43.57,5513177,Burkina Faso,africa
1970,726,44.06,5610304,Burkina Faso,africa
1971,712,44.25,5707999,Burkina Faso,africa
1972,858,44.77,5807234,Burkina Faso,africa
1973,800,45.05,5911927,Burkina Faso,africa
1974,831,45.5,6024904,Burkina Faso,africa
1975,836,46.04,6147569,Burkina Faso,africa
1976,813,46.48,6280635,Burkina Faso,africa
1977,855,46.9,6428734,Burkina Faso,africa
1978,938,47.47,6590984,Burkina Faso,africa
1979,925,48.03,6763903,Burkina Faso,africa
1980,921,48.64,6947900,Burkina Faso,africa
1981,941,48.86,7140271,Burkina Faso,africa
1982,941,49.5,7340197,Burkina Faso,africa
1983,908,49.86,7551129,Burkina Faso,africa
1984,901,50.25,7772256,Burkina Faso,africa
1985,994,50.64,7999935,Burkina Faso,africa
1986,1048,50.87,8228847,Burkina Faso,africa
1987,1020,50.93,8457109,Burkina Faso,africa
1988,1053,50.81,8687435,Burkina Faso,africa
1989,1050,50.86,8921175,Burkina Faso,africa
1990,1018,50.67,9159356,Burkina Faso,africa
1991,1081,50.62,9394632,Burkina Faso,africa
1992,1054,50.51,9629275,Burkina Faso,africa
1993,1062,50.53,9871713,Burkina Faso,africa
1994,1047,50.57,10123798,Burkina Faso,africa
1995,1076,50.66,10386722,Burkina Faso,africa
1996,1162,49.95,10655942,Burkina Faso,africa
1997,1202,50.76,10934223,Burkina Faso,africa
1998,1254,51.63,11240664,Burkina Faso,africa
1999,1309,52.08,11574928,Burkina Faso,africa
2000,1297,52.48,11925546,Burkina Faso,africa
2001,1344,52.88,12295001,Burkina Faso,africa
2002,1362,53.42,12680897,Burkina Faso,africa
2003,1427,54.0,13082532,Burkina Faso,africa
2004,1448,54.63,13500533,Burkina Faso,africa
2005,1527,55.3,13932123,Burkina Faso,africa
2006,1575,55.98,14373707,Burkina Faso,africa
2007,1591,56.49,14816307,Burkina Faso,africa
2008,1633,57.13,15258093,Burkina Faso,africa
2009,1631,57.57,15710066,Burkina Faso,africa
2010,1716,57.94,16176498,Burkina Faso,africa
2011,1776,58.31,16661908,Burkina Faso,africa
2012,1835,58.6,17172287,Burkina Faso,africa
2013,1884,58.94,17695409,Burkina Faso,africa
2014,1908,59.43,18229461,Burkina Faso,africa
2015,1925,59.9,18777487,Burkina Faso,africa
2016,1981,60.34,19334856,Burkina Faso,africa
2017,2044,60.83,19894407,Burkina Faso,africa
2018,2118,61.29,20438288,Burkina Faso,africa
2019,2176,61.67,20961952,Burkina Faso,africa
2020,2155,61.81,21478690,Burkina Faso,africa
1950,692,40.2,2254938,Burundi,africa
1951,718,40.51,2305746,Burundi,africa
1952,728,40.75,2355804,Burundi,africa
1953,745,41.0,2405186,Burundi,africa
1954,773,41.47,2454586,Burundi,africa
1955,783,41.87,2504649,Burundi,africa
1956,799,42.24,2555308,Burundi,africa
1957,815,42.6,2606483,Burundi,africa
1958,823,43.06,2657412,Burundi,africa
1959,856,43.5,2709597,Burundi,africa
1960,852,43.92,2764258,Burundi,africa
1961,713,44.16,2835119,Burundi,africa
1962,759,44.43,2907943,Burundi,africa
1963,775,44.72,2969841,Burundi,africa
1964,798,45.04,3055650,Burundi,africa
1965,805,45.31,3141367,Burundi,africa
1966,817,45.4,3217960,Burundi,africa
1967,869,45.57,3300690,Burundi,africa
1968,839,45.7,3380387,Burundi,africa
1969,810,45.72,3454590,Burundi,africa
1970,1006,45.96,3530432,Burundi,africa
1971,1013,46.17,3617289,Burundi,africa
1972,969,17.15,3617128,Burundi,africa
1973,1027,46.77,3611991,Burundi,africa
1974,1005,47.01,3703590,Burundi,africa
1975,979,47.19,3796612,Burundi,africa
1976,1056,47.44,3882626,Burundi,africa
1977,1123,47.78,3983582,Burundi,africa
1978,1144,48.07,4100338,Burundi,africa
1979,1106,48.33,4203530,Burundi,africa
1980,1038,48.49,4383706,Burundi,africa
1981,1102,48.74,4566014,Burundi,africa
1982,1067,48.93,4681390,Burundi,africa
1983,1070,49.11,4808528,Burundi,africa
1984,1041,49.24,4926465,Burundi,africa
1985,1133,49.33,5034042,Burundi,africa
1986,1152,49.43,5129414,Burundi,africa
1987,1166,49.43,5247787,Burundi,africa
1988,1188,49.33,5365327,Burundi,africa
1989,1175,49.04,5471706,Burundi,africa
1990,1185,48.72,5587052,Burundi,africa
1991,1216,48.09,5703857,Burundi,africa
1992,1202,47.45,5858407,Burundi,africa
1993,1105,47.38,5676843,Burundi,africa
1994,1045,43.92,5713854,Burundi,africa
1995,948,43.35,6066316,Burundi,africa
1996,861,43.0,6070506,Burundi,africa
1997,839,43.01,6070042,Burundi,africa
1998,870,43.86,6187108,Burundi,africa
1999,850,44.34,6337155,Burundi,africa
2000,828,44.69,6470194,Burundi,africa
2001,826,45.79,6634365,Burundi,africa
2002,840,46.86,6824132,Burundi,africa
2003,805,47.87,7043154,Burundi,africa
2004,817,49.18,7310656,Burundi,africa
2005,799,50.3,7587299,Burundi,africa
2006,815,54.54,7865547,Burundi,africa
2007,816,55.74,8161874,Burundi,africa
2008,828,56.8,8505637,Burundi,africa
2009,832,57.71,8947646,Burundi,africa
2010,846,58.55,9376444,Burundi,africa
2011,853,59.35,9717978,Burundi,africa
2012,863,60.17,10071028,Burundi,africa
2013,877,60.84,10439341,Burundi,africa
2014,886,61.39,10799785,Burundi,africa
2015,825,61.75,11047580,Burundi,africa
2016,795,62.37,11239451,Burundi,africa
2017,774,62.95,11506762,Burundi,africa
2018,762,63.4,11859446,Burundi,africa
2019,752,63.83,12255336,Burundi,africa
2020,732,63.96,12617036,Burundi,africa
1950,893,46.2,4375257,Cambodia,asia
1951,901,46.38,4475692,Cambodia,asia
1952,933,46.64,4577961,Cambodia,asia
1953,921,46.81,4680450,Cambodia,asia
1954,1004,47.29,4783833,Cambodia,asia
1955,960,47.5,4890372,Cambodia,asia
1956,1060,47.83,4999484,Cambodia,asia
1957,1101,48.17,5110434,Cambodia,asia
1958,1126,48.52,5220834,Cambodia,asia
1959,1204,48.93,5332930,Cambodia,asia
1960,1244,49.41,5449966,Cambodia,asia
1961,1198,49.79,5571168,Cambodia,asia
1962,1260,50.2,5697558,Cambodia,asia
1963,1319,50.61,5823010,Cambodia,asia
1964,1248,50.97,5946178,Cambodia,asia
1965,1273,51.3,6072289,Cambodia,asia
1966,1297,51.61,6201232,Cambodia,asia
1967,1329,51.67,6332944,Cambodia,asia
1968,1353,52.0,6467324,Cambodia,asia
1969,1338,52.31,6604725,Cambodia,asia
1970,1198,44.47,6639182,Cambodia,asia
1971,1139,44.77,6620880,Cambodia,asia
1972,1069,45.18,6673886,Cambodia,asia
1973,1440,45.02,6739726,Cambodia,asia
1974,1219,44.92,6783240,Cambodia,asia
1975,1075,24.66,6581371,Cambodia,asia
1976,1192,24.51,6134991,Cambodia,asia
1977,1329,24.35,5668551,Cambodia,asia
1978,1501,24.16,5211653,Cambodia,asia
1979,1540,24.06,5088808,Cambodia,asia
1980,1534,52.17,5199872,Cambodia,asia
1981,1512,52.6,5284495,Cambodia,asia
1982,1579,53.06,5436432,Cambodia,asia
1983,1641,53.52,5636203,Cambodia,asia
1984,1716,54.0,5845117,Cambodia,asia
1985,1790,54.47,6043783,Cambodia,asia
1986,1834,54.91,6285693,Cambodia,asia
1987,1732,56.55,6557970,Cambodia,asia
1988,1712,57.15,6812014,Cambodia,asia
1989,1691,57.36,7073473,Cambodia,asia
1990,1632,57.81,7374752,Cambodia,asia
1991,1657,58.2,7686850,Cambodia,asia
1992,1659,58.6,8113083,Cambodia,asia
1993,1609,58.79,8616381,Cambodia,asia
1994,1647,58.72,9239162,Cambodia,asia
1995,1673,58.96,10018497,Cambodia,asia
1996,1686,59.11,10801270,Cambodia,asia
1997,1705,59.38,11570982,Cambodia,asia
1998,1716,59.59,12058173,Cambodia,asia
1999,1844,60.03,12265731,Cambodia,asia
2000,1929,60.36,12462336,Cambodia,asia
2001,2007,60.94,12658484,Cambodia,asia
2002,2059,61.55,12855241,Cambodia,asia
2003,2151,62.21,13050968,Cambodia,asia
2004,2285,62.9,13244731,Cambodia,asia
2005,2493,63.68,13439202,Cambodia,asia
2006,2658,64.46,13639028,Cambodia,asia
2007,2816,65.17,13841770,Cambodia,asia
2008,2885,65.89,14053479,Cambodia,asia
2009,2829,66.45,14276810,Cambodia,asia
2010,2821,66.87,14500726,Cambodia,asia
2011,2882,67.38,14722584,Cambodia,asia
2012,3023,67.87,14945085,Cambodia,asia
2013,3192,68.24,15170208,Cambodia,asia
2014,3364,68.59,15396772,Cambodia,asia
2015,3541,68.88,15623251,Cambodia,asia
2016,3728,69.15,15852803,Cambodia,asia
2017,3928,69.41,16073372,Cambodia,asia
2018,4159,69.66,16274522,Cambodia,asia
2019,4389,69.9,16481304,Cambodia,asia
2020,4230,70.02,16725474,Cambodia,asia
1950,2036,42.39,4330084,Cameroon,africa
1951,2090,42.42,4395353,Cameroon,africa
1952,2143,42.91,4464716,Cameroon,africa
1953,2197,43.81,4538446,Cameroon,africa
1954,2253,44.44,4616886,Cameroon,africa
1955,2309,45.06,4700257,Cameroon,africa
1956,2364,45.62,4788337,Cameroon,africa
1957,2423,45.06,4878933,Cameroon,africa
1958,2481,45.55,4972218,Cameroon,africa
1959,2538,46.05,5070071,Cameroon,africa
1960,2572,27.54,5159057,Cameroon,africa
1961,2578,26.43,5239273,Cameroon,africa
1962,2620,48.48,5338620,Cameroon,africa
1963,2670,48.82,5456623,Cameroon,africa
1964,2731,49.18,5578257,Cameroon,africa
1965,2817,49.55,5704686,Cameroon,africa
1966,2914,49.94,5837295,Cameroon,africa
1967,2552,50.27,5977318,Cameroon,africa
1968,2690,50.66,6125863,Cameroon,africa
1969,2738,51.11,6283462,Cameroon,africa
1970,2835,51.54,6449793,Cameroon,africa
1971,2852,51.95,6624408,Cameroon,africa
1972,2871,52.46,6806872,Cameroon,africa
1973,2941,52.83,6996660,Cameroon,africa
1974,2973,53.22,7193583,Cameroon,africa
1975,3013,53.56,7397120,Cameroon,africa
1976,2778,53.84,7597962,Cameroon,africa
1977,3081,54.19,7796501,Cameroon,africa
1978,3664,54.59,8011921,Cameroon,africa
1979,3785,55.01,8239641,Cameroon,africa
1980,4126,55.39,8512219,Cameroon,africa
1981,4309,55.79,8816377,Cameroon,africa
1982,4505,56.3,9028678,Cameroon,africa
1983,4751,56.79,9215397,Cameroon,africa
1984,4992,57.12,9475078,Cameroon,africa
1985,4968,57.71,9761730,Cameroon,africa
1986,4576,57.75,10060342,Cameroon,africa
1987,4199,58.35,10370749,Cameroon,africa
1988,3928,58.5,10684968,Cameroon,africa
1989,3701,58.53,11002745,Cameroon,africa
1990,3380,58.43,11331821,Cameroon,africa
1991,3155,58.2,11667180,Cameroon,africa
1992,2969,57.78,12006353,Cameroon,africa
1993,2656,57.37,12353131,Cameroon,africa
1994,2631,57.1,12704903,Cameroon,africa
1995,2634,56.64,13058516,Cameroon,africa
1996,2672,56.22,13414757,Cameroon,africa
1997,2720,55.69,13775214,Cameroon,africa
1998,2775,55.16,14144860,Cameroon,africa
1999,2826,54.82,14525140,Cameroon,africa
2000,2858,54.47,14912631,Cameroon,africa
2001,2904,54.3,15309490,Cameroon,africa
2002,2954,54.23,15725528,Cameroon,africa
2003,3033,54.27,16160340,Cameroon,africa
2004,3161,54.58,16610487,Cameroon,africa
2005,3145,54.99,17074594,Cameroon,africa
2006,3177,55.41,17550407,Cameroon,africa
2007,3225,55.91,18049896,Cameroon,africa
2008,3227,56.56,18574056,Cameroon,africa
2009,3220,57.18,19113974,Cameroon,africa
2010,3224,57.7,19668066,Cameroon,africa
2011,3242,58.17,20232304,Cameroon,africa
2012,3301,58.76,20809529,Cameroon,africa
2013,3373,59.15,21402376,Cameroon,africa
2014,3471,59.47,22059893,Cameroon,africa
2015,3570,60.05,22763414,Cameroon,africa
2016,3634,60.93,23454161,Cameroon,africa
2017,3665,61.85,24128601,Cameroon,africa
2018,3712,62.62,24806383,Cameroon,africa
2019,3743,63.35,25506095,Cameroon,africa
2020,3668,63.46,26210558,Cameroon,africa
1950,13510,68.5,13741747,Canada,americas
1951,13958,68.8,14083299,Canada,americas
1952,14514,69.03,14482799,Canada,americas
1953,14793,69.46,14897875,Canada,americas
1954,14266,70.12,15318987,Canada,americas
1955,15196,70.33,15728274,Canada,americas
1956,16031,70.34,16159622,Canada,americas
1957,15948,70.38,16641330,Canada,americas
1958,15813,70.72,17104086,Canada,americas
1959,16075,70.89,17515520,Canada,americas
1960,16218,71.15,17898790,Canada,americas
1961,16362,71.34,18263074,Canada,americas
1962,17178,71.39,18613601,Canada,americas
1963,17708,71.48,18964262,Canada,americas
1964,18504,71.75,19321666,Canada,americas
1965,19376,71.9,19685518,Canada,americas
1966,20244,72.03,20053671,Canada,americas
1967,20482,72.21,20408780,Canada,americas
1968,21216,72.41,20734172,Canada,americas
1969,22010,72.58,21037618,Canada,americas
1970,22257,72.76,21440022,Canada,americas
1971,23197,72.97,21895691,Canada,americas
1972,24131,73.0,22230880,Canada,americas
1973,25537,73.18,22512227,Canada,americas
1974,26206,73.38,22824082,Canada,americas
1975,26402,73.63,23148986,Canada,americas
1976,27475,74.03,23455781,Canada,americas
1977,28057,74.28,23730340,Canada,americas
1978,28891,74.61,23978738,Canada,americas
1979,29784,74.91,24237173,Canada,americas
1980,29785,75.21,24533776,Canada,americas
1981,30321,75.52,24844974,Canada,americas
1982,29036,75.81,25140164,Canada,americas
1983,29574,76.09,25412608,Canada,americas
1984,30961,76.35,25670375,Canada,americas
1985,32323,76.38,25927465,Canada,americas
1986,32828,76.6,26211031,Canada,americas
1987,33710,76.8,26540921,Canada,americas
1988,34885,76.98,26927945,Canada,americas
1989,35085,77.16,27366050,Canada,americas
1990,34641,77.43,27789443,Canada,americas
1991,33499,77.64,28157158,Canada,americas
1992,33403,77.81,28500059,Canada,americas
1993,33917,77.85,28830637,Canada,americas
1994,35056,78.0,29147381,Canada,americas
1995,35629,78.12,29459131,Canada,americas
1996,35830,78.37,29767206,Canada,americas
1997,34034,78.62,30059089,Canada,americas
1998,34697,78.83,30329969,Canada,americas
1999,35783,79.07,30599456,Canada,americas
2000,37194,79.36,30891803,Canada,americas
2001,37310,79.6,31213577,Canada,americas
2002,38169,79.79,31535577,Canada,americas
2003,39268,79.98,31836482,Canada,americas
2004,40426,80.24,32132678,Canada,americas
2005,42047,80.43,32440173,Canada,americas
2006,43358,80.74,32759171,Canada,americas
2007,45888,80.9,33092171,Canada,americas
2008,45852,81.11,33449085,Canada,americas
2009,44004,81.39,33826370,Canada,americas
2010,44862,81.64,34196899,Canada,americas
2011,45823,81.89,34555452,Canada,americas
2012,46127,82.01,34922516,Canada,americas
2013,46705,82.12,35293433,Canada,americas
2014,47565,82.15,35634264,Canada,americas
2015,47522,82.26,35962234,Canada,americas
2016,47458,82.29,36353343,Canada,americas
2017,48317,82.36,36808497,Canada,americas
2018,48962,82.19,37295005,Canada,americas
2019,49172,82.18,37782935,Canada,americas
2020,46041,81.49,38171902,Canada,americas
1950,1169,56.2,184972,Cape Verde,africa
1951,1185,56.36,187198,Cape Verde,africa
1952,1198,56.56,189432,Cape Verde,africa
1953,1214,56.79,191546,Cape Verde,africa
1954,1197,56.91,193548,Cape Verde,africa
1955,1202,57.0,195614,Cape Verde,africa
1956,1217,57.11,197847,Cape Verde,africa
1957,1176,56.35,200286,Cape Verde,africa
1958,1167,56.66,203089,Cape Verde,africa
1959,1264,57.1,206354,Cape Verde,africa
1960,1319,56.76,210024,Cape Verde,africa
1961,1353,57.53,215087,Cape Verde,africa
1962,1381,58.27,221919,Cape Verde,africa
1963,1404,58.97,229373,Cape Verde,africa
1964,1421,59.65,237006,Cape Verde,africa
1965,1436,60.19,244856,Cape Verde,africa
1966,1450,60.84,252976,Cape Verde,africa
1967,1459,60.32,261404,Cape Verde,africa
1968,1468,59.7,270164,Cape Verde,africa
1969,1476,58.08,279248,Cape Verde,africa
1970,1484,58.1,287885,Cape Verde,africa
1971,1525,57.36,294046,Cape Verde,africa
1972,1535,59.28,297386,Cape Verde,africa
1973,1535,60.34,299881,Cape Verde,africa
1974,1550,61.85,302570,Cape Verde,africa
1975,1269,62.6,305847,Cape Verde,africa
1976,1272,63.6,309455,Cape Verde,africa
1977,1185,64.55,312834,Cape Verde,africa
1978,1274,65.43,316147,Cape Verde,africa
1979,1288,66.31,319480,Cape Verde,africa
1980,1326,66.82,323301,Cape Verde,africa
1981,1406,67.12,327846,Cape Verde,africa
1982,1415,66.83,332724,Cape Verde,africa
1983,1514,66.87,337654,Cape Verde,africa
1984,1536,66.79,342505,Cape Verde,africa
1985,1629,67.57,347365,Cape Verde,africa
1986,1636,67.99,352312,Cape Verde,africa
1987,1666,68.43,357302,Cape Verde,africa
1988,1723,69.03,362329,Cape Verde,africa
1989,1780,69.44,367803,Cape Verde,africa
1990,1749,69.93,375428,Cape Verde,africa
1991,1731,69.8,384586,Cape Verde,africa
1992,1869,69.86,393415,Cape Verde,africa
1993,1974,69.82,401965,Cape Verde,africa
1994,2288,69.71,410228,Cape Verde,africa
1995,2547,68.74,418104,Cape Verde,africa
1996,2769,69.67,425581,Cape Verde,africa
1997,3011,69.48,432798,Cape Verde,africa
1998,3320,69.74,439784,Cape Verde,africa
1999,3623,69.74,446519,Cape Verde,africa
2000,4065,70.27,453317,Cape Verde,africa
2001,4084,70.58,460293,Cape Verde,africa
2002,4229,70.84,467046,Cape Verde,africa
2003,4337,71.15,473383,Cape Verde,africa
2004,4709,71.47,479370,Cape Verde,africa
2005,4965,71.83,485115,Cape Verde,africa
2006,5291,72.91,490728,Cape Verde,africa
2007,6018,73.18,496190,Cape Verde,africa
2008,6341,73.88,501355,Cape Verde,africa
2009,6186,74.09,506141,Cape Verde,africa
2010,6200,74.41,509784,Cape Verde,africa
2011,6366,74.51,511447,Cape Verde,africa
2012,6354,74.59,511955,Cape Verde,africa
2013,6323,74.85,512225,Cape Verde,africa
2014,6282,74.97,512326,Cape Verde,africa
2015,6267,74.86,512394,Cape Verde,africa
2016,6483,74.8,512554,Cape Verde,africa
2017,6643,74.83,512893,Cape Verde,africa
2018,6864,73.54,513415,Cape Verde,africa
2019,7172,73.74,514104,Cape Verde,africa
2020,6040,73.08,514679,Cape Verde,africa
1950,1519,43.64,1438057,Central African Republic,africa
1951,1557,43.76,1461251,Central African Republic,africa
1952,1591,43.89,1484824,Central African Republic,africa
1953,1627,44.0,1508948,Central African Republic,africa
1954,1663,44.13,1533757,Central African Republic,africa
1955,1699,44.24,1559363,Central African Republic,africa
1956,1734,44.34,1585846,Central African Republic,africa
1957,1769,44.74,1613277,Central African Republic,africa
1958,1805,45.07,1641670,Central African Republic,africa
1959,1838,45.33,1671331,Central African Republic,africa
1960,1822,45.76,1702346,Central African Republic,africa
1961,1857,46.15,1734580,Central African Republic,africa
1962,1774,46.47,1768115,Central African Republic,africa
1963,1736,46.76,1803063,Central African Republic,africa
1964,1730,47.03,1839583,Central African Republic,africa
1965,1707,47.28,1877854,Central African Republic,africa
1966,1662,47.42,1918082,Central African Republic,africa
1967,1692,47.55,1960444,Central African Republic,africa
1968,1673,47.77,2005100,Central African Republic,africa
1969,1721,47.97,2051515,Central African Republic,africa
1970,1759,48.12,2097505,Central African Republic,africa
1971,1665,48.17,2141450,Central African Republic,africa
1972,1597,48.22,2183769,Central African Republic,africa
1973,1638,48.33,2226008,Central African Republic,africa
1974,1557,48.39,2269338,Central African Republic,africa
1975,1546,48.44,2313916,Central African Republic,africa
1976,1572,48.56,2348566,Central African Republic,africa
1977,1657,48.73,2372930,Central African Republic,africa
1978,1635,48.87,2397961,Central African Republic,africa
1979,1552,49.01,2423794,Central African Republic,africa
1980,1445,49.17,2450535,Central African Republic,africa
1981,1427,49.33,2478402,Central African Republic,africa
1982,1415,49.48,2507375,Central African Republic,africa
1983,1295,49.46,2537399,Central African Republic,africa
1984,1343,49.44,2568610,Central African Republic,africa
1985,1346,49.5,2600932,Central African Republic,africa
1986,1363,49.49,2634258,Central African Republic,africa
1987,1266,49.41,2669155,Central African Republic,africa
1988,1260,48.99,2713965,Central African Republic,africa
1989,1256,48.66,2783970,Central African Republic,africa
1990,1202,48.09,2871910,Central African Republic,africa
1991,1165,47.51,2963191,Central African Republic,africa
1992,1061,46.84,3058831,Central African Republic,africa
1993,1034,46.04,3157839,Central African Republic,africa
1994,1054,45.32,3257954,Central African Republic,africa
1995,1099,44.69,3348052,Central African Republic,africa
1996,1028,44.16,3435965,Central African Republic,africa
1997,1055,43.83,3531700,Central African Republic,africa
1998,1078,43.79,3628827,Central African Republic,africa
1999,1091,43.75,3729450,Central African Republic,africa
2000,1040,43.79,3833416,Central African Republic,africa
2001,1063,43.94,3919487,Central African Republic,africa
2002,1078,44.21,4006077,Central African Republic,africa
2003,999,44.53,4103086,Central African Republic,africa
2004,1038,44.83,4192826,Central African Republic,africa
2005,1027,45.21,4288810,Central African Republic,africa
2006,1055,45.58,4377579,Central African Republic,africa
2007,1083,46.07,4462770,Central African Republic,africa
2008,1085,46.83,4558984,Central African Republic,africa
2009,1161,47.39,4529047,Central African Republic,africa
2010,1201,47.81,4492995,Central African Republic,africa
2011,1243,48.27,4565021,Central African Republic,africa
2012,1300,48.76,4610848,Central African Republic,africa
2013,825,47.46,4642419,Central African Republic,africa
2014,823,47.48,4623182,Central African Republic,africa
2015,853,49.67,4629320,Central African Republic,africa
2016,884,50.32,4713663,Central African Republic,africa
2017,913,50.41,4793511,Central African Republic,africa
2018,933,51.54,4878657,Central African Republic,africa
2019,945,52.35,4944703,Central African Republic,africa
2020,937,52.42,5026628,Central African Republic,africa
1950,947,45.02,2525454,Chad,africa
1951,969,45.25,2570407,Chad,africa
1952,989,45.5,2616313,Chad,africa
1953,1011,45.75,2663771,Chad,africa
1954,1032,46.0,2713005,Chad,africa
1955,1054,46.24,2764249,Chad,africa
1956,1076,46.47,2817656,Chad,africa
1957,1099,46.7,2873083,Chad,africa
1958,1123,46.93,2930367,Chad,africa
1959,1143,47.17,2989322,Chad,africa
1960,1132,47.41,3049838,Chad,africa
1961,1138,47.65,3111947,Chad,africa
1962,1186,47.93,3175598,Chad,africa
1963,1158,48.15,3240905,Chad,africa
1964,1116,48.31,3307479,Chad,africa
1965,1105,48.47,3374220,Chad,africa
1966,1071,47.79,3440903,Chad,africa
1967,1065,47.92,3508512,Chad,africa
1968,1045,48.02,3578231,Chad,africa
1969,1100,48.14,3651113,Chad,africa
1970,1107,48.36,3727828,Chad,africa
1971,1112,48.22,3807316,Chad,africa
1972,1022,48.99,3893252,Chad,africa
1973,960,49.85,3985909,Chad,africa
1974,1075,50.05,4078356,Chad,africa
1975,1244,50.42,4167234,Chad,africa
1976,1208,50.07,4251297,Chad,africa
1977,1100,50.32,4331667,Chad,africa
1978,1079,50.63,4411366,Chad,africa
1979,837,50.7,4505384,Chad,africa
1980,790,50.77,4515453,Chad,africa
1981,711,50.77,4520959,Chad,africa
1982,720,50.7,4738483,Chad,africa
1983,798,51.01,4979130,Chad,africa
1984,837,51.4,5045145,Chad,africa
1985,900,52.36,5096269,Chad,africa
1986,935,52.33,5251069,Chad,africa
1987,943,50.96,5438309,Chad,africa
1988,990,53.27,5625602,Chad,africa
1989,987,53.67,5819586,Chad,africa
1990,1004,53.54,5982833,Chad,africa
1991,1055,53.63,6205676,Chad,africa
1992,1104,53.51,6474656,Chad,africa
1993,901,53.71,6629146,Chad,africa
1994,961,53.52,6783450,Chad,africa
1995,941,53.46,7089064,Chad,africa
1996,930,53.14,7410108,Chad,africa
1997,949,52.78,7670366,Chad,africa
1998,980,52.54,7938840,Chad,africa
1999,939,52.52,8222705,Chad,africa
2000,897,52.25,8512093,Chad,africa
2001,965,52.52,8804124,Chad,africa
2002,1007,52.63,9116192,Chad,africa
2003,1112,52.81,9487833,Chad,africa
2004,1430,53.17,9920036,Chad,africa
2005,1618,53.73,10328092,Chad,africa
2006,1572,53.86,10706424,Chad,africa
2007,1570,54.79,11081660,Chad,africa
2008,1565,55.23,11476296,Chad,africa
2009,1578,55.97,11893754,Chad,africa
2010,1733,56.5,12312575,Chad,africa
2011,1677,56.85,12754997,Chad,africa
2012,1765,57.31,13210998,Chad,africa
2013,1804,57.76,13691079,Chad,africa
2014,1866,58.26,14188678,Chad,africa
2015,1857,58.75,14647621,Chad,africa
2016,1687,59.25,15114655,Chad,africa
2017,1587,59.53,15622759,Chad,africa
2018,1576,59.91,16156531,Chad,africa
2019,1580,60.38,16685223,Chad,africa
2020,1500,60.52,17224679,Chad,africa
1950,6835,50.26,6628577,Chile,americas
1951,6976,50.94,6756667,Chile,americas
1952,7268,53.55,6891989,Chile,americas
1953,7651,55.31,7033529,Chile,americas
1954,7250,54.61,7180569,Chile,americas
1955,7371,54.83,7332301,Chile,americas
1956,7306,56.07,7489533,Chile,americas
1957,7856,55.52,7651304,Chile,americas
1958,8088,55.77,7815986,Chile,americas
1959,7450,56.07,7983428,Chile,americas
1960,7883,54.2,8153350,Chile,americas
1961,8002,57.45,8324802,Chile,americas
1962,8127,56.75,8497059,Chile,americas
1963,8383,57.14,8670144,Chile,americas
1964,8317,57.63,8842525,Chile,americas
1965,8142,58.7,9012938,Chile,americas
1966,8809,59.23,9181722,Chile,americas
1967,8857,60.17,9348939,Chile,americas
1968,8938,61.0,9514716,Chile,americas
1969,9033,61.49,9680282,Chile,americas
1970,8988,61.99,9845344,Chile,americas
1971,9564,62.56,10009701,Chile,americas
1972,9232,62.28,10174678,Chile,americas
1973,8521,63.18,10340362,Chile,americas
1974,8411,64.94,10505817,Chile,americas
1975,7161,66.15,10671559,Chile,americas
1976,7262,66.17,10838251,Chile,americas
1977,7816,67.2,11005519,Chile,americas
1978,8287,68.15,11172695,Chile,americas
1979,8794,68.6,11339779,Chile,americas
1980,9304,69.44,11508550,Chile,americas
1981,9658,70.53,11678717,Chile,americas
1982,8160,71.04,11850214,Chile,americas
1983,7754,70.93,12026138,Chile,americas
1984,8030,71.29,12207733,Chile,americas
1985,8010,71.95,12395274,Chile,americas
1986,8255,72.61,12588914,Chile,americas
1987,8591,73.2,12790150,Chile,americas
1988,9001,73.19,12999424,Chile,americas
1989,9724,73.16,13215005,Chile,americas
1990,9850,73.43,13437176,Chile,americas
1991,10445,74.15,13662491,Chile,americas
1992,11421,74.74,13884577,Chile,americas
1993,11977,74.95,14102276,Chile,americas
1994,12383,75.23,14316256,Chile,americas
1995,13288,75.28,14527381,Chile,americas
1996,13991,75.49,14734046,Chile,americas
1997,14828,75.96,14932434,Chile,americas
1998,15271,76.2,15127799,Chile,americas
1999,15023,76.45,15319313,Chile,americas
2000,15638,76.93,15503635,Chile,americas
2001,15974,76.99,15683849,Chile,americas
2002,16293,77.37,15857925,Chile,americas
2003,16783,77.44,16024752,Chile,americas
2004,17807,77.56,16187322,Chile,americas
2005,18635,77.89,16348778,Chile,americas
2006,19604,78.2,16509195,Chile,americas
2007,20347,78.38,16671581,Chile,americas
2008,20840,78.72,16838988,Chile,americas
2009,20298,78.63,17009731,Chile,americas
2010,21262,78.61,17181464,Chile,americas
2011,22338,78.96,17351816,Chile,americas
2012,23300,79.17,17519119,Chile,americas
2013,24007,79.31,17687006,Chile,americas
2014,24173,79.49,17864195,Chile,americas
2015,24440,79.63,18047625,Chile,americas
2016,24531,79.97,18267221,Chile,americas
2017,24471,79.98,18558868,Chile,americas
2018,25029,80.07,18893191,Chile,americas
2019,24968,80.16,19197744,Chile,americas
2020,23031,79.1,19370624,Chile,americas
1950,929,41.59,544044358,China,asia
1951,1104,42.58,553758247,China,asia
1952,1217,43.57,565131438,China,asia
1953,1345,44.56,577557138,China,asia
1954,1219,46.47,590113858,China,asia
1955,1301,48.02,603547007,China,asia
1956,1382,51.24,616558583,China,asia
1957,1389,52.31,630356208,China,asia
1958,1364,49.42,644219479,China,asia
1959,1298,40.49,652708217,China,asia
1960,1229,27.79,654802069,China,asia
1961,996,40.83,655773486,China,asia
1962,1034,53.45,665073691,China,asia
1963,1131,57.41,684552645,China,asia
1964,1234,57.91,704798265,China,asia
1965,1314,58.47,723415733,China,asia
1966,1293,59.01,742402213,China,asia
1967,1240,59.48,761026026,China,asia
1968,1154,59.91,781011025,China,asia
1969,1210,60.37,802140332,China,asia
1970,1306,60.88,823308967,China,asia
1971,1318,61.44,844069867,China,asia
1972,1271,61.91,863677814,China,asia
1973,1310,62.35,882576946,China,asia
1974,1280,62.54,900307582,China,asia
1975,1307,62.81,916116793,China,asia
1976,1211,62.6,930372292,China,asia
1977,1226,63.47,943546375,China,asia
1978,1311,63.83,956161485,China,asia
1979,1355,64.03,969288069,China,asia
1980,1362,64.41,983163542,China,asia
1981,1340,64.73,997721071,China,asia
1982,1405,65.27,1013588179,China,asia
1983,1419,65.7,1029064956,China,asia
1984,1502,66.14,1043849638,China,asia
1985,1550,66.59,1059807820,China,asia
1986,1563,67.09,1077233607,China,asia
1987,1600,67.27,1096217446,China,asia
1988,1593,67.53,1115244165,China,asia
1989,1512,67.68,1133991008,China,asia
1990,1424,68.09,1153582724,China,asia
1991,1535,68.36,1170788528,China,asia
1992,1732,68.7,1184574237,China,asia
1993,1950,69.04,1197308575,China,asia
1994,2179,69.39,1209003096,China,asia
1995,2391,69.75,1220133927,China,asia
1996,2601,70.11,1230944812,China,asia
1997,2813,70.55,1241139622,China,asia
1998,3004,70.9,1250847127,China,asia
1999,3207,71.16,1260176655,China,asia
2000,3452,71.33,1269581175,China,asia
2001,3712,71.69,1278725063,China,asia
2002,4024,72.02,1286866839,China,asia
2003,4401,72.33,1294517326,China,asia
2004,4817,72.54,1302100316,China,asia
2005,5335,72.98,1310027136,China,asia
2006,5980,73.67,1318054036,China,asia
2007,6795,74.19,1325813582,China,asia
2008,7413,74.31,1333821016,China,asia
2009,8069,74.7,1342522716,China,asia
2010,8885,74.92,1351561514,China,asia
2011,9680,75.29,1360250664,China,asia
2012,10371,75.73,1369520864,China,asia
2013,11102,76.11,1379008040,China,asia
2014,11851,76.44,1387951972,China,asia
2015,12612,76.77,1396134174,China,asia
2016,13399,76.98,1404052632,China,asia
2017,14244,77.23,1412354727,China,asia
2018,15134,77.44,1419008956,China,asia
2019,15978,77.59,1423520357,China,asia
2020,16313,77.67,1426106093,China,asia
1950,3990,54.09,11766988,Colombia,americas
1951,3984,54.62,12078807,Colombia,americas
1952,4102,55.92,12405842,Colombia,americas
1953,4219,56.41,12746035,Colombia,americas
1954,4370,57.51,13100839,Colombia,americas
1955,4398,57.49,13473060,Colombia,americas
1956,4430,57.24,13861801,Colombia,americas
1957,4448,57.94,14270271,Colombia,americas
1958,4415,58.45,14693287,Colombia,americas
1959,4582,58.77,15136215,Colombia,americas
1960,4627,59.26,15606209,Colombia,americas
1961,4696,59.54,16095203,Colombia,americas
1962,4784,60.15,16599029,Colombia,americas
1963,4778,60.89,17113823,Colombia,americas
1964,4910,61.45,17637411,Colombia,americas
1965,4923,61.58,18169050,Colombia,americas
1966,5023,62.11,18702688,Colombia,americas
1967,5073,62.38,19235618,Colombia,americas
1968,5224,63.13,19766796,Colombia,americas
1969,5397,64.4,20291942,Colombia,americas
1970,5597,65.93,20811782,Colombia,americas
1971,5764,65.86,21319096,Colombia,americas
1972,6040,65.14,21819563,Colombia,americas
1973,6283,64.93,22325374,Colombia,americas
1974,6482,65.29,22833469,Colombia,americas
1975,6471,66.27,23344644,Colombia,americas
1976,6619,66.76,23858810,Colombia,americas
1977,6745,67.79,24393494,Colombia,americas
1978,7170,68.15,24950337,Colombia,americas
1979,7391,68.45,25515626,Colombia,americas
1980,7515,68.92,26104498,Colombia,americas
1981,7492,69.18,26713267,Colombia,americas
1982,7380,69.61,27338331,Colombia,americas
1983,7315,69.77,27988173,Colombia,americas
1984,7391,70.24,28642690,Colombia,americas
1985,7446,67.21,29268470,Colombia,americas
1986,7713,70.22,29879112,Colombia,americas
1987,7939,70.22,30499467,Colombia,americas
1988,8077,70.61,31130524,Colombia,americas
1989,8155,70.85,31776279,Colombia,americas
1990,8307,71.45,32440069,Colombia,americas
1991,8309,70.99,33098372,Colombia,americas
1992,8478,71.13,33760571,Colombia,americas
1993,8765,71.68,34441473,Colombia,americas
1994,9101,72.06,35127410,Colombia,americas
1995,9400,72.55,35804662,Colombia,americas
1996,9424,72.76,36462745,Colombia,americas
1997,9580,73.55,37121149,Colombia,americas
1998,9474,74.03,37792165,Colombia,americas
1999,8928,74.09,38454863,Colombia,americas
2000,9043,74.23,39089934,Colombia,americas
2001,9051,74.37,39709262,Colombia,americas
2002,9137,73.37,40324680,Colombia,americas
2003,9356,75.15,40937429,Colombia,americas
2004,9716,75.62,41543171,Colombia,americas
2005,10049,76.52,42128977,Colombia,americas
2006,10587,76.72,42691084,Colombia,americas
2007,11162,77.33,43235374,Colombia,americas
2008,11393,77.57,43758808,Colombia,americas
2009,11396,77.5,44271541,Colombia,americas
2010,11783,77.89,44777319,Colombia,americas
2011,12481,78.65,45259614,Colombia,americas
2012,12853,78.98,45715810,Colombia,americas
2013,13390,79.31,46151584,Colombia,americas
2014,13852,79.67,46565429,Colombia,americas
2015,14096,79.69,46969940,Colombia,americas
2016,14195,79.85,47437512,Colombia,americas
2017,14171,79.97,48131078,Colombia,americas
2018,14315,80.08,49024465,Colombia,americas
2019,14585,80.19,49907985,Colombia,americas
2020,13294,77.79,50629997,Colombia,americas
1950,814,44.74,161938,Comoros,africa
1951,843,40.73,165533,Comoros,africa
1952,854,45.11,168976,Comoros,africa
1953,868,45.31,172600,Comoros,africa
1954,899,45.55,176138,Comoros,africa
1955,908,45.77,179587,Comoros,africa
1956,923,45.99,182958,Comoros,africa
1957,937,46.22,186566,Comoros,africa
1958,943,46.46,190563,Comoros,africa
1959,975,46.74,194286,Comoros,africa
1960,1035,47.11,197700,Comoros,africa
1961,1047,47.45,201201,Comoros,africa
1962,1143,47.87,204702,Comoros,africa
1963,1386,48.36,208185,Comoros,africa
1964,1490,48.81,211644,Comoros,africa
1965,1493,49.28,214967,Comoros,africa
1966,1645,49.77,218663,Comoros,africa
1967,1707,50.26,223859,Comoros,africa
1968,1699,50.7,230244,Comoros,africa
1969,1715,51.03,237001,Comoros,africa
1970,1834,51.36,244185,Comoros,africa
1971,1894,51.7,251865,Comoros,africa
1972,1916,51.98,260077,Comoros,africa
1973,2033,52.26,268820,Comoros,africa
1974,2072,52.53,278075,Comoros,africa
1975,2180,52.87,287692,Comoros,africa
1976,2158,53.2,297538,Comoros,africa
1977,2102,53.51,307579,Comoros,africa
1978,2137,53.81,317688,Comoros,africa
1979,2293,54.12,327791,Comoros,africa
1980,2422,54.46,337721,Comoros,africa
1981,2503,54.85,347382,Comoros,africa
1982,2659,55.29,357139,Comoros,africa
1983,2781,55.59,367233,Comoros,africa
1984,2891,56.17,377637,Comoros,africa
1985,2940,56.55,388352,Comoros,africa
1986,2990,57.05,399318,Comoros,africa
1987,3033,57.37,410439,Comoros,africa
1988,3104,57.82,421687,Comoros,africa
1989,3046,58.01,433103,Comoros,africa
1990,3061,58.46,444596,Comoros,africa
1991,2812,58.74,455556,Comoros,africa
1992,2964,59.05,465113,Comoros,africa
1993,2966,59.36,473682,Comoros,africa
1994,2731,59.57,482142,Comoros,africa
1995,2751,59.83,490586,Comoros,africa
1996,2642,59.18,499107,Comoros,africa
1997,2676,60.11,507777,Comoros,africa
1998,2639,60.26,516597,Comoros,africa
1999,2622,61.23,525886,Comoros,africa
2000,2834,61.41,536080,Comoros,africa
2001,2829,62.22,547220,Comoros,africa
2002,2826,62.53,558923,Comoros,africa
2003,2817,63.29,569798,Comoros,africa
2004,2804,63.75,580704,Comoros,africa
2005,2816,64.07,592677,Comoros,africa
2006,2822,64.39,604753,Comoros,africa
2007,2777,64.55,616927,Comoros,africa
2008,2820,65.25,629307,Comoros,africa
2009,2841,64.85,641947,Comoros,africa
2010,2878,65.9,654836,Comoros,africa
2011,2925,65.69,668056,Comoros,africa
2012,2946,66.33,681630,Comoros,africa
2013,3006,66.72,696192,Comoros,africa
2014,2996,67.22,711503,Comoros,africa
2015,2959,67.54,726682,Comoros,africa
2016,2988,67.86,741741,Comoros,africa
2017,3032,68.17,756669,Comoros,africa
2018,3073,68.46,771590,Comoros,africa
2019,3059,68.73,786578,Comoros,africa
2020,2969,68.81,802163,Comoros,africa
1950,1943,45.34,12294287,"Congo, Dem. Rep.",africa
1951,2185,45.65,12542644,"Congo, Dem. Rep.",africa
1952,2297,45.9,12803639,"Congo, Dem. Rep.",africa
1953,2483,46.16,13069450,"Congo, Dem. Rep.",africa
1954,2543,46.36,13343031,"Congo, Dem. Rep.",africa
1955,2653,46.52,13630351,"Congo, Dem. Rep.",africa
1956,2745,46.8,13929951,"Congo, Dem. Rep.",africa
1957,2716,47.04,14242279,"Congo, Dem. Rep.",africa
1958,2602,47.19,14557796,"Congo, Dem. Rep.",africa
1959,2602,47.42,14891582,"Congo, Dem. Rep.",africa
1960,2778,47.55,15264846,"Congo, Dem. Rep.",africa
1961,2438,47.62,15662374,"Congo, Dem. Rep.",africa
1962,2707,47.89,16075724,"Congo, Dem. Rep.",africa
1963,2699,48.18,16507599,"Congo, Dem. Rep.",africa
1964,2655,48.06,16955327,"Congo, Dem. Rep.",africa
1965,2546,48.26,17427802,"Congo, Dem. Rep.",africa
1966,2638,48.77,17931929,"Congo, Dem. Rep.",africa
1967,2535,48.87,18462782,"Congo, Dem. Rep.",africa
1968,2620,49.14,19012189,"Congo, Dem. Rep.",africa
1969,2751,49.41,19570445,"Congo, Dem. Rep.",africa
1970,2673,49.62,20137436,"Congo, Dem. Rep.",africa
1971,2762,49.85,20695569,"Congo, Dem. Rep.",africa
1972,2698,50.03,21251160,"Congo, Dem. Rep.",africa
1973,2845,50.33,21827665,"Congo, Dem. Rep.",africa
1974,2861,50.66,22418878,"Congo, Dem. Rep.",africa
1975,2650,50.87,23021101,"Congo, Dem. Rep.",africa
1976,2443,51.09,23624031,"Congo, Dem. Rep.",africa
1977,2396,51.32,24229061,"Congo, Dem. Rep.",africa
1978,2207,51.52,24992689,"Congo, Dem. Rep.",africa
1979,2159,51.81,25886782,"Congo, Dem. Rep.",africa
1980,2152,52.13,26711099,"Congo, Dem. Rep.",africa
1981,2151,52.38,27500515,"Congo, Dem. Rep.",africa
1982,2092,52.66,28338190,"Congo, Dem. Rep.",africa
1983,2074,52.96,29250963,"Congo, Dem. Rep.",africa
1984,2139,53.36,30245081,"Congo, Dem. Rep.",africa
1985,2098,53.67,31264816,"Congo, Dem. Rep.",africa
1986,2143,53.88,32265196,"Congo, Dem. Rep.",africa
1987,2145,54.0,33298904,"Congo, Dem. Rep.",africa
1988,2097,54.18,34382752,"Congo, Dem. Rep.",africa
1989,2011,54.28,35486866,"Congo, Dem. Rep.",africa
1990,1820,54.27,36684063,"Congo, Dem. Rep.",africa
1991,1606,54.17,37925817,"Congo, Dem. Rep.",africa
1992,1383,54.13,39228910,"Congo, Dem. Rep.",africa
1993,1151,53.89,40656336,"Congo, Dem. Rep.",africa
1994,1066,53.69,42626876,"Congo, Dem. Rep.",africa
1995,1040,53.64,44433704,"Congo, Dem. Rep.",africa
1996,1001,51.99,45296124,"Congo, Dem. Rep.",africa
1997,921,53.06,46029902,"Congo, Dem. Rep.",africa
1998,886,53.31,47297600,"Congo, Dem. Rep.",africa
1999,828,53.54,48912971,"Congo, Dem. Rep.",africa
2000,752,53.93,50507442,"Congo, Dem. Rep.",africa
2001,716,54.23,52132646,"Congo, Dem. Rep.",africa
2002,715,54.36,53750524,"Congo, Dem. Rep.",africa
2003,733,54.79,55343867,"Congo, Dem. Rep.",africa
2004,758,55.47,56997741,"Congo, Dem. Rep.",africa
2005,779,56.14,58775724,"Congo, Dem. Rep.",africa
2006,794,56.66,60615908,"Congo, Dem. Rep.",africa
2007,817,57.12,62477752,"Congo, Dem. Rep.",africa
2008,840,57.46,64390664,"Congo, Dem. Rep.",africa
2009,836,57.95,66412044,"Congo, Dem. Rep.",africa
2010,866,58.78,68563038,"Congo, Dem. Rep.",africa
2011,895,59.41,70849311,"Congo, Dem. Rep.",africa
2012,927,60.07,73254618,"Congo, Dem. Rep.",africa
2013,972,60.91,75789395,"Congo, Dem. Rep.",africa
2014,1030,61.79,78403242,"Congo, Dem. Rep.",africa
2015,1065,62.65,81035531,"Congo, Dem. Rep.",africa
2016,1056,63.34,83956415,"Congo, Dem. Rep.",africa
2017,1060,63.91,87083398,"Congo, Dem. Rep.",africa
2018,1086,64.66,90047644,"Congo, Dem. Rep.",africa
2019,1098,65.05,92947442,"Congo, Dem. Rep.",africa
2020,1082,65.15,95989998,"Congo, Dem. Rep.",africa
1950,1968,42.05,835261,"Congo, Rep.",africa
1951,2006,42.13,853635,"Congo, Rep.",africa
1952,2044,42.19,872682,"Congo, Rep.",africa
1953,2081,42.32,892466,"Congo, Rep.",africa
1954,2118,42.44,913017,"Congo, Rep.",africa
1955,2155,42.5,934432,"Congo, Rep.",africa
1956,2190,42.76,956823,"Congo, Rep.",africa
1957,2225,43.0,980198,"Congo, Rep.",africa
1958,2262,43.2,1004628,"Congo, Rep.",africa
1959,2298,43.49,1030155,"Congo, Rep.",africa
1960,2324,43.74,1056732,"Congo, Rep.",africa
1961,2360,44.1,1084389,"Congo, Rep.",africa
1962,2394,44.44,1113175,"Congo, Rep.",africa
1963,2429,44.73,1143263,"Congo, Rep.",africa
1964,2465,45.07,1174816,"Congo, Rep.",africa
1965,2501,45.4,1207880,"Congo, Rep.",africa
1966,2582,45.71,1242534,"Congo, Rep.",africa
1967,2666,45.89,1278691,"Congo, Rep.",africa
1968,2750,46.41,1316519,"Congo, Rep.",africa
1969,2836,46.8,1356182,"Congo, Rep.",africa
1970,2924,47.23,1397638,"Congo, Rep.",africa
1971,3121,47.66,1441039,"Congo, Rep.",africa
1972,3181,48.1,1486468,"Congo, Rep.",africa
1973,3651,48.65,1533680,"Congo, Rep.",africa
1974,3541,49.21,1582301,"Congo, Rep.",africa
1975,3429,49.71,1627032,"Congo, Rep.",africa
1976,3506,50.26,1667225,"Congo, Rep.",africa
1977,3173,50.71,1707568,"Congo, Rep.",africa
1978,3287,51.15,1748089,"Congo, Rep.",africa
1979,3571,51.83,1788524,"Congo, Rep.",africa
1980,3930,52.75,1828985,"Congo, Rep.",africa
1981,4654,53.5,1869759,"Congo, Rep.",africa
1982,5616,54.21,1910430,"Congo, Rep.",africa
1983,5794,54.77,1950321,"Congo, Rep.",africa
1984,6069,55.18,1999528,"Congo, Rep.",africa
1985,5860,55.58,2059311,"Congo, Rep.",africa
1986,5327,55.64,2120602,"Congo, Rep.",africa
1987,5212,55.44,2183473,"Congo, Rep.",africa
1988,5175,55.0,2247653,"Congo, Rep.",africa
1989,5141,54.57,2313558,"Congo, Rep.",africa
1990,5068,53.97,2380560,"Congo, Rep.",africa
1991,5049,53.66,2449229,"Congo, Rep.",africa
1992,5040,53.46,2519465,"Congo, Rep.",africa
1993,4855,52.73,2595124,"Congo, Rep.",africa
1994,4462,52.55,2673144,"Congo, Rep.",africa
1995,4511,52.32,2749461,"Congo, Rep.",africa
1996,4572,52.09,2826785,"Congo, Rep.",africa
1997,4414,46.72,2887862,"Congo, Rep.",africa
1998,4448,50.31,2952061,"Congo, Rep.",africa
1999,4210,52.21,3032874,"Congo, Rep.",africa
2000,4400,53.05,3151345,"Congo, Rep.",africa
2001,4439,54.02,3272537,"Congo, Rep.",africa
2002,4512,54.71,3350771,"Congo, Rep.",africa
2003,4420,55.29,3445753,"Congo, Rep.",africa
2004,4439,56.1,3565554,"Congo, Rep.",africa
2005,4635,56.99,3696393,"Congo, Rep.",africa
2006,4842,57.83,3837409,"Congo, Rep.",africa
2007,4369,58.52,3980430,"Congo, Rep.",africa
2008,4487,59.39,4113517,"Congo, Rep.",africa
2009,4848,60.25,4281219,"Congo, Rep.",africa
2010,5169,60.87,4462290,"Congo, Rep.",africa
2011,5138,61.59,4609724,"Congo, Rep.",africa
2012,5504,61.91,4740450,"Congo, Rep.",africa
2013,5332,62.43,4857099,"Congo, Rep.",africa
2014,5553,62.88,4975880,"Congo, Rep.",africa
2015,5224,63.52,5097581,"Congo, Rep.",africa
2016,4544,64.2,5222536,"Congo, Rep.",africa
2017,4235,64.65,5351011,"Congo, Rep.",africa
2018,3928,65.03,5483118,"Congo, Rep.",africa
2019,3826,65.43,5616661,"Congo, Rep.",africa
2020,3428,65.44,5752791,"Congo, Rep.",africa
1950,3637,57.53,926758,Costa Rica,americas
1951,3615,59.01,958409,Costa Rica,americas
1952,3917,59.29,991793,Costa Rica,americas
1953,4360,59.55,1027005,Costa Rica,americas
1954,4242,60.97,1064119,Costa Rica,americas
1955,4558,61.93,1103049,Costa Rica,americas
1956,4264,62.95,1143847,Costa Rica,americas
1957,4458,62.4,1186633,Costa Rica,americas
1958,4826,64.6,1231551,Costa Rica,americas
1959,4814,64.36,1278588,Costa Rica,americas
1960,5031,65.35,1327496,Costa Rica,americas
1961,5067,66.36,1377920,Costa Rica,americas
1962,5205,65.38,1429445,Costa Rica,americas
1963,5479,65.21,1481604,Costa Rica,americas
1964,5581,64.46,1533960,Costa Rica,americas
1965,5917,65.49,1586208,Costa Rica,americas
1966,6193,66.37,1638116,Costa Rica,americas
1967,6392,66.72,1689523,Costa Rica,americas
1968,6703,67.17,1739731,Costa Rica,americas
1969,6971,66.87,1789276,Costa Rica,americas
1970,7256,67.04,1838949,Costa Rica,americas
1971,7547,68.4,1888539,Costa Rica,americas
1972,8025,68.8,1938248,Costa Rica,americas
1973,8450,70.32,1988343,Costa Rica,americas
1974,8703,70.97,2039643,Costa Rica,americas
1975,8671,71.6,2092719,Costa Rica,americas
1976,8924,72.46,2147774,Costa Rica,americas
1977,9484,73.79,2205025,Costa Rica,americas
1978,9724,74.44,2264510,Costa Rica,americas
1979,9941,74.47,2326490,Costa Rica,americas
1980,9883,74.68,2390633,Costa Rica,americas
1981,9457,75.58,2456637,Costa Rica,americas
1982,8591,75.69,2524806,Costa Rica,americas
1983,8615,76.13,2595153,Costa Rica,americas
1984,9061,75.74,2667595,Costa Rica,americas
1985,8908,75.71,2741894,Costa Rica,americas
1986,9161,76.01,2817216,Costa Rica,americas
1987,9370,76.31,2892699,Costa Rica,americas
1988,9470,76.63,2968103,Costa Rica,americas
1989,9793,76.52,3043827,Costa Rica,americas
1990,9933,76.94,3121706,Costa Rica,americas
1991,9895,76.93,3202176,Costa Rica,americas
1992,10528,76.93,3284258,Costa Rica,americas
1993,10989,77.14,3367434,Costa Rica,americas
1994,11198,76.79,3451122,Costa Rica,americas
1995,11378,76.53,3535176,Costa Rica,americas
1996,11256,77.14,3619013,Costa Rica,americas
1997,11596,77.18,3701711,Costa Rica,americas
1998,12148,77.37,3782838,Costa Rica,americas
1999,12395,77.31,3862101,Costa Rica,americas
2000,12624,77.9,3937739,Costa Rica,americas
2001,12833,77.92,4008947,Costa Rica,americas
2002,13055,78.43,4075705,Costa Rica,americas
2003,13412,78.49,4138784,Costa Rica,americas
2004,13803,78.56,4200078,Costa Rica,americas
2005,14150,79.44,4261240,Costa Rica,americas
2006,14977,79.09,4321340,Costa Rica,americas
2007,15989,80.35,4380248,Costa Rica,americas
2008,16527,80.29,4440056,Costa Rica,americas
2009,16174,80.64,4499791,Costa Rica,americas
2010,16830,79.51,4555962,Costa Rica,americas
2011,17360,80.17,4609833,Costa Rica,americas
2012,17995,80.33,4663934,Costa Rica,americas
2013,18233,80.41,4716147,Costa Rica,americas
2014,18669,80.47,4767119,Costa Rica,americas
2015,19142,80.2,4818038,Costa Rica,americas
2016,19737,79.75,4866998,Costa Rica,americas
2017,20347,79.83,4913177,Costa Rica,americas
2018,20673,79.95,4957818,Costa Rica,americas
2019,20938,80.07,4999553,Costa Rica,americas
2020,19882,78.94,5034320,Costa Rica,americas
1950,1929,41.8,2735180,Cote d'Ivoire,africa
1951,1960,42.05,2809367,Cote d'Ivoire,africa
1952,1992,42.36,2885711,Cote d'Ivoire,africa
1953,2024,42.68,2965131,Cote d'Ivoire,africa
1954,2056,42.95,3048537,Cote d'Ivoire,africa
1955,2088,43.1,3136628,Cote d'Ivoire,africa
1956,2120,43.55,3230010,Cote d'Ivoire,africa
1957,2153,43.92,3329278,Cote d'Ivoire,africa
1958,2184,44.39,3435080,Cote d'Ivoire,africa
1959,2206,45.09,3548941,Cote d'Ivoire,africa
1960,2327,45.61,3673666,Cote d'Ivoire,africa
1961,2457,46.06,3810151,Cote d'Ivoire,africa
1962,2474,46.46,3956939,Cote d'Ivoire,africa
1963,2764,46.95,4112061,Cote d'Ivoire,africa
1964,3128,47.64,4273952,Cote d'Ivoire,africa
1965,2929,48.35,4442377,Cote d'Ivoire,africa
1966,3017,48.91,4617519,Cote d'Ivoire,africa
1967,2917,49.28,4799744,Cote d'Ivoire,africa
1968,3206,49.66,4990021,Cote d'Ivoire,africa
1969,3182,50.33,5192221,Cote d'Ivoire,africa
1970,3350,50.93,5411567,Cote d'Ivoire,africa
1971,3341,51.64,5650868,Cote d'Ivoire,africa
1972,3356,52.29,5909716,Cote d'Ivoire,africa
1973,3457,52.94,6184944,Cote d'Ivoire,africa
1974,3407,53.48,6474057,Cote d'Ivoire,africa
1975,3269,53.98,6776297,Cote d'Ivoire,africa
1976,3507,54.57,7057958,Cote d'Ivoire,africa
1977,3526,55.11,7321950,Cote d'Ivoire,africa
1978,3722,55.71,7603130,Cote d'Ivoire,africa
1979,3649,56.25,7902267,Cote d'Ivoire,africa
1980,3781,56.72,8220714,Cote d'Ivoire,africa
1981,3769,57.03,8556596,Cote d'Ivoire,africa
1982,3640,57.16,8907936,Cote d'Ivoire,africa
1983,3372,57.27,9272744,Cote d'Ivoire,africa
1984,3142,57.32,9650516,Cote d'Ivoire,africa
1985,3179,57.38,10040483,Cote d'Ivoire,africa
1986,3160,57.39,10440917,Cote d'Ivoire,africa
1987,2998,57.21,10851475,Cote d'Ivoire,africa
1988,2841,56.85,11275189,Cote d'Ivoire,africa
1989,2724,56.3,11719771,Cote d'Ivoire,africa
1990,2421,55.74,12189778,Cote d'Ivoire,africa
1991,2367,55.1,12683870,Cote d'Ivoire,africa
1992,2338,54.3,13200310,Cote d'Ivoire,africa
1993,2305,53.41,13735951,Cote d'Ivoire,africa
1994,2269,52.51,14287201,Cote d'Ivoire,africa
1995,2366,51.7,14855565,Cote d'Ivoire,africa
1996,2533,51.31,15442312,Cote d'Ivoire,africa
1997,2661,51.09,16047170,Cote d'Ivoire,africa
1998,2782,50.94,16663948,Cote d'Ivoire,africa
1999,2810,50.95,17215935,Cote d'Ivoire,africa
2000,2735,51.13,17699004,Cote d'Ivoire,africa
2001,2723,51.46,18178913,Cote d'Ivoire,africa
2002,2672,51.74,18654771,Cote d'Ivoire,africa
2003,2631,52.11,19125542,Cote d'Ivoire,africa
2004,2651,52.65,19595000,Cote d'Ivoire,africa
2005,2689,53.46,20068458,Cote d'Ivoire,africa
2006,2725,54.43,20546802,Cote d'Ivoire,africa
2007,2767,55.33,21030558,Cote d'Ivoire,africa
2008,2831,56.3,21514439,Cote d'Ivoire,africa
2009,2916,56.96,21997940,Cote d'Ivoire,africa
2010,2970,57.39,22488065,Cote d'Ivoire,africa
2011,2841,57.81,22982000,Cote d'Ivoire,africa
2012,3064,58.81,23467078,Cote d'Ivoire,africa
2013,3282,59.42,23939775,Cote d'Ivoire,africa
2014,3500,60.16,24527395,Cote d'Ivoire,africa
2015,3741,61.07,25246342,Cote d'Ivoire,africa
2016,4114,61.97,25989405,Cote d'Ivoire,africa
2017,4484,62.81,26733372,Cote d'Ivoire,africa
2018,4854,63.59,27464173,Cote d'Ivoire,africa
2019,5213,64.25,28193009,Cote d'Ivoire,africa
2020,5180,64.41,28915449,Cote d'Ivoire,africa
1950,3534,55.0,3864990,Croatia,europe
1951,3560,54.32,3911671,Croatia,europe
1952,3183,57.94,3957414,Croatia,europe
1953,3432,58.18,4006122,Croatia,europe
1954,3712,60.63,4048114,Croatia,europe
1955,4358,60.23,4080735,Croatia,europe
1956,4143,61.43,4110124,Croatia,europe
1957,4886,62.0,4136704,Croatia,europe
1958,4981,64.58,4160692,Croatia,europe
1959,5394,64.18,4182093,Croatia,europe
1960,5890,64.71,4200264,Croatia,europe
1961,6282,65.96,4223427,Croatia,europe
1962,6404,65.39,4255014,Croatia,europe
1963,7043,66.58,4287266,Croatia,europe
1964,7662,66.61,4317757,Croatia,europe
1965,7836,67.64,4346706,Croatia,europe
1966,8429,68.82,4374301,Croatia,europe
1967,8741,68.47,4400269,Croatia,europe
1968,9162,68.54,4423828,Croatia,europe
1969,9899,68.02,4444447,Croatia,europe
1970,10647,68.67,4462673,Croatia,europe
1971,11556,69.15,4480162,Croatia,europe
1972,11927,69.13,4497891,Croatia,europe
1973,12454,70.0,4515758,Croatia,europe
1974,13591,70.38,4533953,Croatia,europe
1975,14047,70.58,4552730,Croatia,europe
1976,14701,70.84,4571750,Croatia,europe
1977,16009,70.94,4590623,Croatia,europe
1978,17290,70.72,4609020,Croatia,europe
1979,18392,70.71,4626959,Croatia,europe
1980,18808,70.67,4643896,Croatia,europe
1981,18947,70.72,4664258,Croatia,europe
1982,19021,70.64,4689156,Croatia,europe
1983,18792,70.33,4712884,Croatia,europe
1984,19302,70.67,4734488,Croatia,europe
1985,19404,71.32,4754555,Croatia,europe
1986,20042,71.63,4773051,Croatia,europe
1987,20122,71.38,4790209,Croatia,europe
1988,20059,71.77,4806032,Croatia,europe
1989,19860,72.21,4820733,Croatia,europe
1990,18562,72.46,4835065,Croatia,europe
1991,14872,72.01,4825157,Croatia,europe
1992,13581,72.41,4782233,Croatia,europe
1993,12814,72.7,4729743,Croatia,europe
1994,13814,73.28,4675514,Croatia,europe
1995,15147,73.01,4619360,Croatia,europe
1996,16274,73.49,4562299,Croatia,europe
1997,17356,73.48,4504621,Croatia,europe
1998,17750,73.82,4445667,Croatia,europe
1999,17670,74.11,4385822,Croatia,europe
2000,18362,74.65,4326105,Croatia,europe
2001,19661,74.93,4301074,Croatia,europe
2002,20774,75.05,4305782,Croatia,europe
2003,21916,75.06,4306686,Croatia,europe
2004,22819,75.58,4310056,Croatia,europe
2005,23772,75.57,4313946,Croatia,europe
2006,24940,75.96,4315800,Croatia,europe
2007,26171,75.91,4315954,Croatia,europe
2008,26670,75.94,4314631,Croatia,europe
2009,24754,76.48,4310530,Croatia,europe
2010,24500,76.8,4301145,Croatia,europe
2011,24564,77.13,4280824,Croatia,europe
2012,24078,77.37,4259236,Croatia,europe
2013,24058,77.85,4242398,Croatia,europe
2014,24072,77.94,4219479,Croatia,europe
2015,24885,77.72,4183729,Croatia,europe
2016,25944,78.39,4136444,Croatia,europe
2017,27154,78.5,4079200,Croatia,europe
2018,28192,78.61,4024868,Croatia,europe
2019,29336,78.66,3986334,Croatia,europe
2020,27073,77.86,3953958,Croatia,europe
1950,3067,66.38,5924511,Cuba,americas
1951,3097,66.49,6042200,Cuba,americas
1952,3306,66.69,6162175,Cuba,americas
1953,3035,66.78,6285748,Cuba,americas
1954,3035,66.89,6412849,Cuba,americas
1955,3067,67.12,6543100,Cuba,americas
1956,3185,66.89,6676052,Cuba,americas
1957,3397,67.08,6811727,Cuba,americas
1958,3397,67.39,6950289,Cuba,americas
1959,3494,68.27,7092332,Cuba,americas
1960,3480,69.27,7238081,Cuba,americas
1961,3566,68.71,7387117,Cuba,americas
1962,3457,68.79,7541098,Cuba,americas
1963,3439,68.94,7701660,Cuba,americas
1964,3671,70.07,7866020,Cuba,americas
1965,3590,69.81,8030797,Cuba,americas
1966,3702,69.98,8193450,Cuba,americas
1967,4056,70.12,8352625,Cuba,americas
1968,3754,70.11,8509522,Cuba,americas
1969,3647,69.91,8666640,Cuba,americas
1970,3459,70.78,8824382,Cuba,americas
1971,3674,71.72,8979085,Cuba,americas
1972,3781,72.79,9123891,Cuba,americas
1973,4052,72.73,9255328,Cuba,americas
1974,4195,72.66,9374183,Cuba,americas
1975,4339,73.15,9479726,Cuba,americas
1976,4401,73.22,9571242,Cuba,americas
1977,4549,72.73,9648440,Cuba,americas
1978,4782,73.29,9711980,Cuba,americas
1979,4863,73.4,9763355,Cuba,americas
1980,4773,73.57,9804796,Cuba,americas
1981,5138,73.82,9849320,Cuba,americas
1982,5216,74.28,9912681,Cuba,americas
1983,5469,74.56,9991026,Cuba,americas
1984,5872,74.48,10073299,Cuba,americas
1985,5952,74.15,10157228,Cuba,americas
1986,5899,74.77,10244247,Cuba,americas
1987,5681,74.89,10335342,Cuba,americas
1988,5805,74.78,10432585,Cuba,americas
1989,5802,75.26,10533243,Cuba,americas
1990,5479,75.01,10631799,Cuba,americas
1991,4629,75.18,10717640,Cuba,americas
1992,3952,75.15,10785801,Cuba,americas
1993,3089,75.07,10841031,Cuba,americas
1994,3119,75.13,10886021,Cuba,americas
1995,3325,75.39,10925362,Cuba,americas
1996,3778,75.83,10962010,Cuba,americas
1997,3982,76.18,10997934,Cuba,americas
1998,3970,76.34,11034712,Cuba,americas
1999,4212,76.59,11072230,Cuba,americas
2000,4661,77.01,11109109,Cuba,americas
2001,4919,77.17,11144132,Cuba,americas
2002,5079,77.87,11177418,Cuba,americas
2003,5239,77.8,11209383,Cuba,americas
2004,5302,77.8,11238756,Cuba,americas
2005,5479,77.68,11262554,Cuba,americas
2006,6296,78.37,11278550,Cuba,americas
2007,6551,78.46,11287272,Cuba,americas
2008,6980,78.44,11291762,Cuba,americas
2009,7263,78.46,11294719,Cuba,americas
2010,7647,78.46,11297409,Cuba,americas
2011,8053,79.07,11301571,Cuba,americas
2012,8298,78.84,11303175,Cuba,americas
2013,8578,78.81,11298167,Cuba,americas
2014,8867,78.74,11285775,Cuba,americas
2015,9171,78.42,11275065,Cuba,americas
2016,9300,78.52,11265612,Cuba,americas
2017,9464,78.25,11247829,Cuba,americas
2018,9678,78.29,11227118,Cuba,americas
2019,9892,78.67,11202846,Cuba,americas
2020,10082,78.7,11176354,Cuba,americas
1950,3354,62.2,493871,Cyprus,europe
1951,3234,62.51,501050,Cyprus,europe
1952,3507,62.7,508690,Cyprus,europe
1953,3806,62.83,516730,Cyprus,europe
1954,3821,63.27,525111,Cyprus,europe
1955,3906,63.12,533865,Cyprus,europe
1956,4287,63.38,543071,Cyprus,europe
1957,4473,63.66,552830,Cyprus,europe
1958,4255,64.02,563284,Cyprus,europe
1959,4434,64.33,574559,Cyprus,europe
1960,4064,64.98,586490,Cyprus,europe
1961,4528,65.27,595514,Cyprus,europe
1962,5024,65.59,601466,Cyprus,europe
1963,5345,65.91,607252,Cyprus,europe
1964,4859,66.15,612521,Cyprus,europe
1965,5978,66.52,617736,Cyprus,europe
1966,6375,66.87,623390,Cyprus,europe
1967,7277,67.27,629251,Cyprus,europe
1968,7641,67.56,635157,Cyprus,europe
1969,8381,67.89,641189,Cyprus,europe
1970,8669,67.56,647446,Cyprus,europe
1971,9824,67.57,654050,Cyprus,europe
1972,10512,67.9,661063,Cyprus,europe
1973,10773,68.19,665937,Cyprus,europe
1974,8953,49.04,663254,Cyprus,europe
1975,7695,68.55,659405,Cyprus,europe
1976,9362,69.26,662032,Cyprus,europe
1977,10960,70.42,667101,Cyprus,europe
1978,11873,71.01,672249,Cyprus,europe
1979,13095,71.43,677549,Cyprus,europe
1980,13879,71.3,683076,Cyprus,europe
1981,14291,71.59,688893,Cyprus,europe
1982,15188,71.68,696497,Cyprus,europe
1983,15968,72.04,707225,Cyprus,europe
1984,17332,72.78,719334,Cyprus,europe
1985,18116,73.35,731277,Cyprus,europe
1986,18913,73.87,743105,Cyprus,europe
1987,20156,74.07,754785,Cyprus,europe
1988,21873,74.48,766235,Cyprus,europe
1989,23632,74.85,777420,Cyprus,europe
1990,25232,75.07,788351,Cyprus,europe
1991,24769,75.05,798944,Cyprus,europe
1992,26386,75.07,810341,Cyprus,europe
1993,25937,75.17,826034,Cyprus,europe
1994,26905,75.37,844667,Cyprus,europe
1995,28631,75.52,862695,Cyprus,europe
1996,28530,75.75,880290,Cyprus,europe
1997,28871,75.93,897568,Cyprus,europe
1998,30262,75.96,914548,Cyprus,europe
1999,31421,76.32,931234,Cyprus,europe
2000,32943,76.66,947667,Cyprus,europe
2001,33878,77.06,964127,Cyprus,europe
2002,34739,77.33,981440,Cyprus,europe
2003,35220,77.69,999590,Cyprus,europe
2004,36498,77.88,1017875,Cyprus,europe
2005,37722,77.93,1036151,Cyprus,europe
2006,38847,78.16,1054418,Cyprus,europe
2007,39967,78.35,1072714,Cyprus,europe
2008,40398,78.77,1091026,Cyprus,europe
2009,38535,79.12,1109371,Cyprus,europe
2010,38297,79.52,1127816,Cyprus,europe
2011,37482,79.85,1146493,Cyprus,europe
2012,35643,80.14,1165397,Cyprus,europe
2013,33384,80.3,1183895,Cyprus,europe
2014,33136,80.36,1201801,Cyprus,europe
2015,34453,80.45,1219502,Cyprus,europe
2016,36509,80.67,1237112,Cyprus,europe
2017,38288,80.84,1254275,Cyprus,europe
2018,39977,80.81,1270737,Cyprus,europe
2019,41522,80.81,1286671,Cyprus,europe
2020,38914,80.81,1302247,Cyprus,europe
1950,7798,64.25,8916711,Czech Republic,europe
1951,7716,65.16,8997239,Czech Republic,europe
1952,7743,66.67,9077205,Czech Republic,europe
1953,7497,67.51,9152599,Czech Republic,europe
1954,7589,68.15,9221190,Czech Republic,europe
1955,8008,68.9,9289421,Czech Republic,europe
1956,8243,69.34,9358018,Czech Republic,europe
1957,8509,69.16,9418968,Czech Republic,europe
1958,8916,69.9,9469704,Czech Republic,europe
1959,9076,70.03,9508391,Czech Republic,europe
1960,9521,70.39,9541605,Czech Republic,europe
1961,9793,70.65,9573390,Czech Republic,europe
1962,9846,70.23,9597460,Czech Republic,europe
1963,9572,70.48,9627331,Czech Republic,europe
1964,9918,70.61,9668746,Czech Republic,europe
1965,10180,70.32,9706847,Czech Republic,europe
1966,10522,70.54,9736239,Czech Republic,europe
1967,10887,70.42,9758983,Czech Republic,europe
1968,11307,70.01,9775113,Czech Republic,europe
1969,11489,69.59,9787789,Czech Republic,europe
1970,11630,69.68,9801252,Czech Republic,europe
1971,12354,69.96,9822779,Czech Republic,europe
1972,13119,70.39,9858068,Czech Republic,europe
1973,13832,70.27,9906210,Czech Republic,europe
1974,14583,70.32,9965949,Czech Republic,europe
1975,15478,70.65,10030774,Czech Republic,europe
1976,16180,70.79,10092938,Czech Republic,europe
1977,16827,70.79,10149365,Czech Republic,europe
1978,17637,70.82,10200749,Czech Republic,europe
1979,18000,70.85,10246156,Czech Republic,europe
1980,18461,70.5,10275403,Czech Republic,europe
1981,18621,70.84,10289513,Czech Republic,europe
1982,18525,71.04,10299008,Czech Republic,europe
1983,19025,70.78,10302943,Czech Republic,europe
1984,19655,70.96,10303818,Czech Republic,europe
1985,20311,71.25,10305145,Czech Republic,europe
1986,21094,71.29,10304373,Czech Republic,europe
1987,21803,71.68,10303419,Czech Republic,europe
1988,22481,71.86,10305450,Czech Republic,europe
1989,23100,71.92,10305605,Czech Republic,europe
1990,23585,71.58,10301988,Czech Republic,europe
1991,20896,72.1,10304426,Czech Republic,europe
1992,20769,72.44,10312448,Czech Republic,europe
1993,20760,72.99,10320398,Czech Republic,europe
1994,21356,73.22,10322329,Czech Republic,europe
1995,22759,73.38,10312042,Czech Republic,europe
1996,23757,74.0,10296128,Czech Republic,europe
1997,23659,74.12,10280051,Czech Republic,europe
1998,23597,74.73,10265426,Czech Republic,europe
1999,23948,75.02,10251378,Czech Republic,europe
2000,24977,75.2,10236804,Czech Republic,europe
2001,25833,75.48,10231936,Czech Republic,europe
2002,26290,75.69,10239468,Czech Republic,europe
2003,27240,75.61,10248912,Czech Republic,europe
2004,28542,76.14,10261450,Czech Republic,europe
2005,30384,76.42,10280153,Czech Republic,europe
2006,32353,76.95,10304588,Czech Republic,europe
2007,33956,77.19,10337543,Czech Republic,europe
2008,34580,77.35,10378292,Czech Republic,europe
2009,32783,77.62,10420985,Czech Republic,europe
2010,33483,77.85,10464035,Czech Republic,europe
2011,34002,78.05,10495511,Czech Republic,europe
2012,33688,78.3,10507335,Czech Republic,europe
2013,33661,78.55,10511163,Czech Republic,europe
2014,34387,78.95,10517226,Czech Republic,europe
2015,36168,79.0,10524416,Czech Republic,europe
2016,37015,79.17,10531948,Czech Republic,europe
2017,38825,79.28,10541342,Czech Republic,europe
2018,39933,79.29,10548937,Czech Republic,europe
2019,40981,79.46,10554875,Czech Republic,europe
2020,38446,78.46,10550129,Czech Republic,europe
1950,12865,70.66,4268404,Denmark,europe
1951,12852,71.05,4300259,Denmark,europe
1952,12887,71.12,4332233,Denmark,europe
1953,13511,71.4,4369106,Denmark,europe
1954,13658,71.69,4406408,Denmark,europe
1955,13703,72.1,4438838,Denmark,europe
1956,13784,72.22,4466336,Denmark,europe
1957,14758,72.21,4489654,Denmark,europe
1958,14999,72.43,4516070,Denmark,europe
1959,16003,72.46,4548481,Denmark,europe
1960,16328,72.51,4579342,Denmark,europe
1961,17336,72.61,4611360,Denmark,europe
1962,18231,72.63,4647467,Denmark,europe
1963,18288,72.63,4684266,Denmark,europe
1964,19935,72.73,4721891,Denmark,europe
1965,20774,72.66,4758836,Denmark,europe
1966,21264,72.8,4797207,Denmark,europe
1967,21891,73.06,4835217,Denmark,europe
1968,22761,73.28,4864796,Denmark,europe
1969,24204,73.46,4891799,Denmark,europe
1970,24615,73.57,4928668,Denmark,europe
1971,25210,73.59,4963062,Denmark,europe
1972,26504,73.7,4991573,Denmark,europe
1973,27423,73.9,5021756,Denmark,europe
1974,27162,74.08,5045632,Denmark,europe
1975,27025,74.24,5060400,Denmark,europe
1976,28828,74.23,5072805,Denmark,europe
1977,29332,74.69,5088572,Denmark,europe
1978,29803,74.66,5104343,Denmark,europe
1979,30917,74.51,5116859,Denmark,europe
1980,30877,74.39,5123081,Denmark,europe
1981,30743,74.55,5121629,Denmark,europe
1982,31829,74.73,5117894,Denmark,europe
1983,32794,74.74,5114467,Denmark,europe
1984,34397,74.83,5111831,Denmark,europe
1985,36010,74.82,5113880,Denmark,europe
1986,37429,74.94,5120688,Denmark,europe
1987,37648,74.98,5127132,Denmark,europe
1988,38228,75.14,5129640,Denmark,europe
1989,38465,75.12,5132715,Denmark,europe
1990,39028,75.23,5141025,Denmark,europe
1991,39469,75.42,5154345,Denmark,europe
1992,40109,75.48,5171367,Denmark,europe
1993,39980,75.54,5188637,Denmark,europe
1994,41970,75.49,5206190,Denmark,europe
1995,43016,75.6,5233360,Denmark,europe
1996,44013,75.91,5263068,Denmark,europe
1997,45260,76.29,5285035,Denmark,europe
1998,46096,76.67,5304262,Denmark,europe
1999,47299,76.7,5321810,Denmark,europe
2000,48907,77.16,5339658,Denmark,europe
2001,49133,77.29,5358828,Denmark,europe
2002,49205,77.41,5375959,Denmark,europe
2003,49263,77.67,5390620,Denmark,europe
2004,50447,77.99,5404598,Denmark,europe
2005,51483,78.34,5419555,Denmark,europe
2006,53322,78.53,5437420,Denmark,europe
2007,53569,78.68,5461607,Denmark,europe
2008,52983,78.97,5493764,Denmark,europe
2009,50114,79.21,5523173,Denmark,europe
2010,50825,79.52,5547863,Denmark,europe
2011,51293,79.94,5570849,Denmark,europe
2012,51216,80.25,5591917,Denmark,europe
2013,51479,80.52,5615333,Denmark,europe
2014,52048,80.8,5643794,Denmark,europe
2015,52893,80.99,5683701,Denmark,europe
2016,54185,81.03,5728201,Denmark,europe
2017,55357,81.06,5765168,Denmark,europe
2018,56179,81.09,5793824,Denmark,europe
2019,57162,81.13,5814618,Denmark,europe
2020,55823,81.23,5831530,Denmark,europe
1950,4021,54.65,62331,Djibouti,africa
1951,4145,54.74,64308,Djibouti,africa
1952,4167,54.87,66355,Djibouti,africa
1953,4223,55.0,68486,Djibouti,africa
1954,4351,55.16,70707,Djibouti,africa
1955,4377,55.28,73004,Djibouti,africa
1956,4429,55.44,75391,Djibouti,africa
1957,4473,55.57,77872,Djibouti,africa
1958,4464,55.75,80437,Djibouti,africa
1959,4589,55.94,83087,Djibouti,africa
1960,4751,56.21,86024,Djibouti,africa
1961,4782,56.47,89390,Djibouti,africa
1962,4716,56.71,93283,Djibouti,africa
1963,4757,56.95,97872,Djibouti,africa
1964,4714,57.13,103198,Djibouti,africa
1965,4704,57.3,109092,Djibouti,africa
1966,4723,57.43,115269,Djibouti,africa
1967,4714,57.57,121649,Djibouti,africa
1968,4682,57.84,128250,Djibouti,africa
1969,4671,58.09,136078,Djibouti,africa
1970,5550,58.44,145175,Djibouti,africa
1971,5633,58.18,155136,Djibouti,africa
1972,5565,59.15,166256,Djibouti,africa
1973,5581,59.56,178449,Djibouti,africa
1974,5131,59.83,192613,Djibouti,africa
1975,5453,60.09,209908,Djibouti,africa
1976,5670,60.49,230737,Djibouti,africa
1977,4692,60.71,254613,Djibouti,africa
1978,3974,60.81,280031,Djibouti,africa
1979,3845,60.27,304513,Djibouti,africa
1980,3681,60.84,325815,Djibouti,africa
1981,3593,60.62,343047,Djibouti,africa
1982,3537,60.77,356880,Djibouti,africa
1983,3444,60.72,369553,Djibouti,africa
1984,3453,60.66,384053,Djibouti,africa
1985,3409,60.59,402687,Djibouti,africa
1986,3275,60.6,426341,Djibouti,africa
1987,3216,60.62,454399,Djibouti,africa
1988,3223,60.75,484523,Djibouti,africa
1989,2986,60.77,523355,Djibouti,africa
1990,2853,60.57,579538,Djibouti,africa
1991,2510,60.31,631092,Djibouti,africa
1992,2693,58.99,626010,Djibouti,africa
1993,2905,60.23,614245,Djibouti,africa
1994,2781,59.77,626710,Djibouti,africa
1995,2916,60.49,633074,Djibouti,africa
1996,2706,60.52,648348,Djibouti,africa
1997,2726,60.35,671817,Djibouti,africa
1998,2608,60.21,699352,Djibouti,africa
1999,2570,60.27,724218,Djibouti,africa
2000,2524,60.37,747318,Djibouti,africa
2001,2496,60.45,771313,Djibouti,africa
2002,2486,60.57,795574,Djibouti,africa
2003,2672,60.86,813519,Djibouti,africa
2004,2902,60.98,826124,Djibouti,africa
2005,2966,61.39,839167,Djibouti,africa
2006,3291,61.36,855764,Djibouti,africa
2007,3392,62.15,874528,Djibouti,africa
2008,3513,62.53,892734,Djibouti,africa
2009,3623,62.89,911527,Djibouti,africa
2010,3682,63.24,930251,Djibouti,africa
2011,3776,63.65,948558,Djibouti,africa
2012,3897,64.08,966747,Djibouti,africa
2013,4028,64.47,984824,Djibouti,africa
2014,4239,64.88,1002717,Djibouti,africa
2015,4489,65.28,1020313,Djibouti,africa
2016,4710,65.8,1037653,Djibouti,africa
2017,4885,66.23,1054841,Djibouti,africa
2018,5214,66.65,1071882,Djibouti,africa
2019,5535,66.82,1088709,Djibouti,africa
2020,5508,66.84,1105188,Djibouti,africa
1950,1696,49.34,50196,Dominica,americas
1951,1844,50.6,50441,Dominica,americas
1952,1936,51.74,50837,Dominica,americas
1953,1854,53.01,51383,Dominica,americas
1954,1900,54.1,52084,Dominica,americas
1955,1953,55.06,52952,Dominica,americas
1956,2080,56.11,53986,Dominica,americas
1957,2140,57.19,55196,Dominica,americas
1958,2179,58.21,56583,Dominica,americas
1959,2119,59.25,58108,Dominica,americas
1960,2151,60.22,59372,Dominica,americas
1961,2055,61.15,60209,Dominica,americas
1962,2353,62.1,60948,Dominica,americas
1963,2451,62.91,61739,Dominica,americas
1964,2559,63.76,62587,Dominica,americas
1965,2193,64.41,63505,Dominica,americas
1966,2438,65.01,64507,Dominica,americas
1967,2470,65.6,65585,Dominica,americas
1968,2426,66.1,66732,Dominica,americas
1969,2641,66.61,67934,Dominica,americas
1970,2869,67.15,68908,Dominica,americas
1971,3071,67.67,69532,Dominica,americas
1972,3310,68.27,70060,Dominica,americas
1973,3605,68.86,70585,Dominica,americas
1974,3851,69.39,71091,Dominica,americas
1975,3968,69.87,71570,Dominica,americas
1976,4226,70.26,72017,Dominica,americas
1977,4306,70.56,72406,Dominica,americas
1978,4723,71.06,72724,Dominica,americas
1979,3836,70.12,72959,Dominica,americas
1980,4344,71.82,73083,Dominica,americas
1981,4832,71.84,72986,Dominica,americas
1982,5070,72.28,72688,Dominica,americas
1983,5255,72.5,72365,Dominica,americas
1984,5542,72.06,72056,Dominica,americas
1985,5691,71.38,71744,Dominica,americas
1986,6172,71.43,71406,Dominica,americas
1987,6648,71.39,71023,Dominica,americas
1988,7257,71.35,70608,Dominica,americas
1989,7318,71.26,70153,Dominica,americas
1990,7775,71.09,69627,Dominica,americas
1991,7885,71.12,69296,Dominica,americas
1992,8026,71.47,69325,Dominica,americas
1993,8168,71.59,69433,Dominica,americas
1994,8145,71.67,69477,Dominica,americas
1995,8384,71.72,69469,Dominica,americas
1996,8666,71.87,69410,Dominica,americas
1997,8898,72.13,69299,Dominica,americas
1998,9288,71.87,69124,Dominica,americas
1999,9368,72.1,68870,Dominica,americas
2000,9612,72.09,68511,Dominica,americas
2001,9603,72.24,68288,Dominica,americas
2002,9308,72.25,68367,Dominica,americas
2003,9863,72.17,68531,Dominica,americas
2004,10122,72.33,68649,Dominica,americas
2005,10161,72.61,68734,Dominica,americas
2006,10614,72.62,68806,Dominica,americas
2007,11275,72.45,68847,Dominica,americas
2008,12073,72.69,68854,Dominica,americas
2009,11928,72.65,68864,Dominica,americas
2010,12004,72.43,68859,Dominica,americas
2011,11971,72.43,69053,Dominica,americas
2012,11837,72.35,69118,Dominica,americas
2013,11708,72.27,69715,Dominica,americas
2014,12217,72.2,70373,Dominica,americas
2015,11874,71.54,70410,Dominica,americas
2016,12155,72.3,69606,Dominica,americas
2017,11304,71.23,68496,Dominica,americas
2018,11528,72.3,68174,Dominica,americas
2019,12369,72.32,67880,Dominica,americas
1950,1903,56.21,2379894,Dominican Republic,americas
1951,2069,57.77,2450148,Dominican Republic,americas
1952,2171,58.67,2525048,Dominican Republic,americas
1953,2081,59.97,2604813,Dominican Republic,americas
1954,2131,60.76,2689095,Dominican Republic,americas
1955,2192,60.36,2777628,Dominican Republic,americas
1956,2334,60.63,2870023,Dominican Republic,americas
1957,2402,61.05,2965774,Dominican Republic,americas
1958,2446,62.06,3064343,Dominican Republic,americas
1959,2380,61.35,3165302,Dominican Republic,americas
1960,2412,61.92,3268336,Dominican Republic,americas
1961,2310,61.81,3373233,Dominican Republic,americas
1962,2644,63.04,3479936,Dominican Republic,americas
1963,2758,63.6,3588287,Dominican Republic,americas
1964,2879,64.28,3698559,Dominican Republic,americas
1965,2471,61.62,3808963,Dominican Republic,americas
1966,2746,64.44,3921847,Dominican Republic,americas
1967,2783,63.93,4038928,Dominican Republic,americas
1968,2736,63.82,4157189,Dominican Republic,americas
1969,2979,64.15,4277035,Dominican Republic,americas
1970,3234,64.88,4399290,Dominican Republic,americas
1971,3518,65.3,4524234,Dominican Republic,americas
1972,3887,65.69,4651883,Dominican Republic,americas
1973,4286,66.35,4782227,Dominican Republic,americas
1974,4464,66.75,4914197,Dominican Republic,americas
1975,4605,67.18,5046776,Dominican Republic,americas
1976,4844,67.57,5180404,Dominican Republic,americas
1977,5007,68.34,5315443,Dominican Republic,americas
1978,5052,69.12,5451882,Dominican Republic,americas
1979,5195,68.4,5589690,Dominican Republic,americas
1980,5435,69.25,5729037,Dominican Republic,americas
1981,5581,69.5,5868453,Dominican Republic,americas
1982,5605,69.72,6007114,Dominican Republic,americas
1983,5774,69.91,6147248,Dominican Republic,americas
1984,5716,70.01,6289040,Dominican Republic,americas
1985,5502,70.24,6430404,Dominican Republic,americas
1986,5596,70.71,6571208,Dominican Republic,americas
1987,5946,70.73,6712515,Dominican Republic,americas
1988,5912,71.06,6855734,Dominican Republic,americas
1989,6586,71.59,7002295,Dominican Republic,americas
1990,6203,71.97,7151166,Dominican Republic,americas
1991,6144,72.48,7299853,Dominican Republic,americas
1992,6706,73.01,7447474,Dominican Republic,americas
1993,7068,73.19,7594572,Dominican Republic,americas
1994,7122,73.6,7741694,Dominican Republic,americas
1995,7397,73.71,7888115,Dominican Republic,americas
1996,7707,73.45,8032894,Dominican Republic,americas
1997,8256,73.35,8174078,Dominican Republic,americas
1998,8670,73.23,8310362,Dominican Republic,americas
1999,9044,73.41,8446208,Dominican Republic,americas
2000,9322,73.66,8584190,Dominican Republic,americas
2001,9410,73.79,8720283,Dominican Republic,americas
2002,9691,73.9,8852235,Dominican Republic,americas
2003,9425,73.46,8980620,Dominican Republic,americas
2004,9533,72.58,9104892,Dominican Republic,americas
2005,10291,72.56,9225034,Dominican Republic,americas
2006,11087,72.68,9341183,Dominican Republic,americas
2007,11756,72.87,9455658,Dominican Republic,americas
2008,11981,73.28,9573130,Dominican Republic,americas
2009,11944,73.39,9695265,Dominican Republic,americas
2010,12782,73.5,9820175,Dominican Republic,americas
2011,13024,73.42,9945621,Dominican Republic,americas
2012,13220,72.87,10070411,Dominican Republic,americas
2013,13702,72.32,10193833,Dominican Republic,americas
2014,14500,72.17,10315528,Dominican Republic,americas
2015,15328,72.0,10434829,Dominican Republic,americas
2016,16167,72.1,10551430,Dominican Republic,americas
2017,16735,72.49,10666843,Dominican Republic,americas
2018,17712,72.86,10782053,Dominican Republic,americas
2019,18413,73.19,10894043,Dominican Republic,americas
2020,17026,72.66,11008300,Dominican Republic,americas
1950,3452,50.27,3516791,Ecuador,americas
1951,3400,50.89,3607829,Ecuador,americas
1952,3722,51.57,3702399,Ecuador,americas
1953,3702,52.27,3800293,Ecuador,americas
1954,3897,53.38,3901506,Ecuador,americas
1955,3893,53.94,4006188,Ecuador,americas
1956,3930,54.45,4114534,Ecuador,americas
1957,3995,54.74,4226859,Ecuador,americas
1958,4000,54.92,4343497,Ecuador,americas
1959,4096,55.9,4464756,Ecuador,americas
1960,4242,56.1,4590891,Ecuador,americas
1961,4244,57.16,4722331,Ecuador,americas
1962,4362,57.71,4859269,Ecuador,americas
1963,4362,58.17,5001716,Ecuador,americas
1964,4555,59.34,5149918,Ecuador,americas
1965,4871,59.75,5303963,Ecuador,americas
1966,4875,60.03,5463748,Ecuador,americas
1967,5005,60.44,5629057,Ecuador,americas
1968,5151,60.91,5799680,Ecuador,americas
1969,5299,60.76,5975236,Ecuador,americas
1970,5530,61.35,6155387,Ecuador,americas
1971,5706,61.95,6340052,Ecuador,americas
1972,5909,62.16,6529034,Ecuador,americas
1973,6484,62.53,6722033,Ecuador,americas
1974,6698,63.21,6918573,Ecuador,americas
1975,6880,64.09,7118251,Ecuador,americas
1976,7367,64.8,7320912,Ecuador,americas
1977,7647,65.71,7526819,Ecuador,americas
1978,7987,66.0,7736167,Ecuador,americas
1979,8223,66.73,7948869,Ecuador,americas
1980,8400,67.01,8165877,Ecuador,americas
1981,8543,67.88,8386910,Ecuador,americas
1982,8444,68.4,8611298,Ecuador,americas
1983,8086,68.26,8840417,Ecuador,americas
1984,8231,69.12,9074782,Ecuador,americas
1985,8393,69.88,9311154,Ecuador,americas
1986,8455,70.39,9545998,Ecuador,americas
1987,7756,69.1,9779290,Ecuador,americas
1988,8403,70.8,10010808,Ecuador,americas
1989,8240,71.52,10241852,Ecuador,americas
1990,8294,71.95,10473673,Ecuador,americas
1991,8450,71.55,10702380,Ecuador,americas
1992,8433,72.07,10930128,Ecuador,americas
1993,8407,72.54,11154274,Ecuador,americas
1994,8572,73.17,11372197,Ecuador,americas
1995,8576,73.63,11590514,Ecuador,americas
1996,8539,73.53,11810950,Ecuador,americas
1997,8724,74.21,12031127,Ecuador,americas
1998,8826,74.07,12251184,Ecuador,americas
1999,8243,74.2,12470795,Ecuador,americas
2000,8176,74.46,12689206,Ecuador,americas
2001,8351,74.96,12910740,Ecuador,americas
2002,8542,74.13,13138472,Ecuador,americas
2003,8626,73.91,13372306,Ecuador,americas
2004,9178,73.89,13608701,Ecuador,americas
2005,9504,73.61,13846163,Ecuador,americas
2006,9757,73.6,14086131,Ecuador,americas
2007,9806,73.72,14328773,Ecuador,americas
2008,10257,73.81,14575202,Ecuador,americas
2009,10149,74.11,14825954,Ecuador,americas
2010,10341,74.27,15076695,Ecuador,americas
2011,10984,74.87,15326227,Ecuador,americas
2012,11431,74.94,15572194,Ecuador,americas
2013,11819,75.23,15807128,Ecuador,americas
2014,12078,75.56,16035124,Ecuador,americas
2015,11896,75.88,16266225,Ecuador,americas
2016,11552,75.86,16505139,Ecuador,americas
2017,11618,76.02,16759519,Ecuador,americas
2018,11562,76.19,17049547,Ecuador,americas
2019,11371,76.38,17340021,Ecuador,americas
2020,10340,73.88,17546065,Ecuador,americas
1950,1687,41.25,21148164,Egypt,africa
1951,1677,41.53,21605918,Egypt,africa
1952,1668,43.7,22104945,Egypt,africa
1953,1656,43.7,22644142,Egypt,africa
1954,1647,44.11,23212560,Egypt,africa
1955,1640,43.8,23795229,Egypt,africa
1956,1677,44.63,24387343,Egypt,africa
1957,1713,44.68,24994408,Egypt,africa
1958,1755,44.87,25600321,Egypt,africa
1959,1796,46.43,26226857,Egypt,africa
1960,1837,46.87,26896479,Egypt,africa
1961,1929,47.71,27600898,Egypt,africa
1962,2030,47.71,28337013,Egypt,africa
1963,2138,48.97,29091869,Egypt,africa
1964,2248,49.67,29858922,Egypt,africa
1965,2361,50.67,30629174,Egypt,africa
1966,2342,50.39,31406541,Egypt,africa
1967,2283,50.86,32196360,Egypt,africa
1968,2295,50.85,32998319,Egypt,africa
1969,2426,50.82,33811615,Egypt,africa
1970,2558,51.25,34623990,Egypt,africa
1971,2640,52.54,35433368,Egypt,africa
1972,2667,52.63,36258328,Egypt,africa
1973,2712,52.58,37102043,Egypt,africa
1974,2784,53.85,37969667,Egypt,africa
1975,3030,54.43,38875327,Egypt,africa
1976,3455,55.01,39795557,Egypt,africa
1977,3835,55.78,40748870,Egypt,africa
1978,4035,56.66,41761431,Egypt,africa
1979,4259,57.84,42818628,Egypt,africa
1980,4605,58.48,43950413,Egypt,africa
1981,4659,58.6,45147224,Egypt,africa
1982,5030,59.09,46407611,Egypt,africa
1983,5298,59.76,47786402,Egypt,africa
1984,5498,60.51,49247334,Egypt,africa
1985,5731,60.12,50734968,Egypt,africa
1986,5750,60.65,52206295,Egypt,africa
1987,5808,61.4,53674435,Egypt,africa
1988,5961,62.69,55187681,Egypt,africa
1989,6052,63.15,56710642,Egypt,africa
1990,6087,63.92,58396618,Egypt,africa
1991,6017,64.54,60028997,Egypt,africa
1992,6153,65.21,61480660,Egypt,africa
1993,6203,65.44,62915681,Egypt,africa
1994,6321,65.74,64285589,Egypt,africa
1995,6483,66.38,65652622,Egypt,africa
1996,6671,66.92,67028048,Egypt,africa
1997,6898,67.18,68431740,Egypt,africa
1998,7138,67.55,69943294,Egypt,africa
1999,7423,67.87,71520954,Egypt,africa
2000,7745,68.54,73083284,Egypt,africa
2001,7868,68.35,74652029,Egypt,africa
2002,7905,68.29,76239137,Egypt,africa
2003,8008,68.22,77853548,Egypt,africa
2004,8184,68.48,79477443,Egypt,africa
2005,8397,68.78,81101004,Egypt,africa
2006,8814,68.9,82700403,Egypt,africa
2007,9275,69.22,84276225,Egypt,africa
2008,9764,69.29,85864789,Egypt,africa
2009,10031,69.27,87501636,Egypt,africa
2010,10340,69.44,89196072,Egypt,africa
2011,10302,69.62,91093059,Egypt,africa
2012,10301,69.68,93161001,Egypt,africa
2013,10290,70.08,95333553,Egypt,africa
2014,10354,70.26,97528654,Egypt,africa
2015,10570,69.92,99597342,Egypt,africa
2016,10796,70.21,101644589,Egypt,africa
2017,11014,70.52,103696057,Egypt,africa
2018,11366,70.74,105682094,Egypt,africa
2019,11763,70.97,107553158,Egypt,africa
2020,11977,70.96,109315124,Egypt,africa
1950,2761,46.04,2183506,El Salvador,americas
1951,2745,45.58,2235305,El Salvador,americas
1952,2874,46.4,2287952,El Salvador,americas
1953,2996,47.5,2341983,El Salvador,americas
1954,2948,48.04,2397831,El Salvador,americas
1955,3011,48.83,2456595,El Salvador,americas
1956,3156,49.95,2518165,El Salvador,americas
1957,3226,50.32,2582511,El Salvador,americas
1958,3198,50.84,2648661,El Salvador,americas
1959,3241,52.06,2717537,El Salvador,americas
1960,3270,53.46,2791459,El Salvador,americas
1961,3317,53.87,2870016,El Salvador,americas
1962,3642,54.38,2949204,El Salvador,americas
1963,3724,55.32,3028679,El Salvador,americas
1964,3991,55.9,3111883,El Salvador,americas
1965,4120,56.44,3199466,El Salvador,americas
1966,4306,57.07,3290961,El Salvador,americas
1967,4440,58.31,3385184,El Salvador,americas
1968,4475,58.04,3480773,El Salvador,americas
1969,4517,57.25,3576485,El Salvador,americas
1970,4523,57.81,3668796,El Salvador,americas
1971,4655,60.22,3757523,El Salvador,americas
1972,4855,59.99,3846830,El Salvador,americas
1973,5037,61.37,3938068,El Salvador,americas
1974,5283,61.64,4029671,El Salvador,americas
1975,5496,62.42,4120449,El Salvador,americas
1976,5625,63.57,4210310,El Salvador,americas
1977,5870,63.65,4301256,El Salvador,americas
1978,6143,64.65,4394114,El Salvador,americas
1979,5945,64.05,4480388,El Salvador,americas
1980,5411,63.81,4540382,El Salvador,americas
1981,5066,58.05,4570599,El Salvador,americas
1982,4868,62.03,4622477,El Salvador,americas
1983,4899,60.59,4707367,El Salvador,americas
1984,4984,63.09,4798003,El Salvador,americas
1985,5043,65.59,4894706,El Salvador,americas
1986,5029,66.26,4992769,El Salvador,americas
1987,5110,67.48,5092441,El Salvador,americas
1988,5144,68.7,5195833,El Salvador,americas
1989,5155,67.66,5298979,El Salvador,americas
1990,5287,69.8,5399726,El Salvador,americas
1991,5294,70.14,5495077,El Salvador,americas
1992,5588,70.82,5585609,El Salvador,americas
1993,5834,70.87,5659957,El Salvador,americas
1994,6029,70.92,5714129,El Salvador,americas
1995,6239,71.59,5762131,El Salvador,americas
1996,6222,72.18,5805286,El Salvador,americas
1997,6355,72.1,5844578,El Salvador,americas
1998,6465,71.38,5880781,El Salvador,americas
1999,6552,72.79,5913900,El Salvador,americas
2000,6577,73.07,5943366,El Salvador,americas
2001,6591,73.0,5968060,El Salvador,americas
2002,6655,74.26,5986631,El Salvador,americas
2003,6724,73.86,5998599,El Salvador,americas
2004,6750,73.61,6004671,El Salvador,americas
2005,6900,73.58,6005578,El Salvador,americas
2006,7168,73.71,6002319,El Salvador,americas
2007,7270,74.11,6009824,El Salvador,americas
2008,7393,74.65,6029297,El Salvador,americas
2009,7208,74.06,6048279,El Salvador,americas
2010,7329,75.19,6068249,El Salvador,americas
2011,7576,75.07,6090127,El Salvador,americas
2012,7755,74.5,6113975,El Salvador,americas
2013,7892,74.27,6138839,El Salvador,americas
2014,7990,73.48,6162955,El Salvador,americas
2015,8143,73.4,6183676,El Salvador,americas
2016,8310,75.21,6200800,El Salvador,americas
2017,8454,75.41,6213533,El Salvador,americas
2018,8616,75.59,6219807,El Salvador,americas
2019,8776,75.72,6222318,El Salvador,americas
2020,8039,75.06,6234673,El Salvador,americas
1950,926,39.25,226563,Equatorial Guinea,africa
1951,961,39.25,230615,Equatorial Guinea,africa
1952,982,39.25,234684,Equatorial Guinea,africa
1953,1008,39.27,238796,Equatorial Guinea,africa
1954,1047,39.32,242975,Equatorial Guinea,africa
1955,1064,39.33,247215,Equatorial Guinea,africa
1956,1093,39.45,251528,Equatorial Guinea,africa
1957,1114,39.63,255915,Equatorial Guinea,africa
1958,1132,39.79,260387,Equatorial Guinea,africa
1959,1180,40.03,264996,Equatorial Guinea,africa
1960,1280,40.37,269807,Equatorial Guinea,africa
1961,1384,40.73,274896,Equatorial Guinea,africa
1962,1523,41.14,280286,Equatorial Guinea,africa
1963,1727,41.71,285965,Equatorial Guinea,africa
1964,1965,42.3,291942,Equatorial Guinea,africa
1965,2206,42.89,298238,Equatorial Guinea,africa
1966,2270,43.43,304859,Equatorial Guinea,africa
1967,2392,43.97,311805,Equatorial Guinea,africa
1968,2443,44.49,318849,Equatorial Guinea,africa
1969,2342,44.92,322517,Equatorial Guinea,africa
1970,2248,45.21,320803,Equatorial Guinea,africa
1971,2297,45.54,315940,Equatorial Guinea,africa
1972,2299,45.85,309468,Equatorial Guinea,africa
1973,2501,46.25,302281,Equatorial Guinea,africa
1974,2769,46.73,294953,Equatorial Guinea,africa
1975,3417,47.39,287901,Equatorial Guinea,africa
1976,3780,48.2,281031,Equatorial Guinea,africa
1977,3955,49.0,276779,Equatorial Guinea,africa
1978,3660,49.62,276531,Equatorial Guinea,africa
1979,3002,47.07,279846,Equatorial Guinea,africa
1980,2668,50.47,288644,Equatorial Guinea,africa
1981,2601,50.71,303252,Equatorial Guinea,africa
1982,2472,50.91,322216,Equatorial Guinea,africa
1983,2410,50.99,343421,Equatorial Guinea,africa
1984,2254,50.83,364899,Equatorial Guinea,africa
1985,2389,51.06,385547,Equatorial Guinea,africa
1986,2201,51.1,404728,Equatorial Guinea,africa
1987,2161,51.06,422522,Equatorial Guinea,africa
1988,2078,51.02,439651,Equatorial Guinea,africa
1989,1916,51.06,456808,Equatorial Guinea,africa
1990,1827,51.06,474274,Equatorial Guinea,africa
1991,1727,51.24,492217,Equatorial Guinea,africa
1992,1979,51.57,510770,Equatorial Guinea,africa
1993,2065,51.8,530023,Equatorial Guinea,africa
1994,2204,51.99,550138,Equatorial Guinea,africa
1995,2390,52.23,571264,Equatorial Guinea,africa
1996,3446,52.69,593492,Equatorial Guinea,africa
1997,7543,54.39,616893,Equatorial Guinea,africa
1998,8791,55.51,641474,Equatorial Guinea,africa
1999,10492,56.56,667214,Equatorial Guinea,africa
2000,11725,57.61,703279,Equatorial Guinea,africa
2001,18333,58.94,749836,Equatorial Guinea,africa
2002,20838,60.02,797957,Equatorial Guinea,africa
2003,22522,60.46,847862,Equatorial Guinea,africa
2004,29285,60.94,899917,Equatorial Guinea,africa
2005,32390,61.13,947367,Equatorial Guinea,africa
2006,33331,61.97,990343,Equatorial Guinea,africa
2007,36685,62.46,1036044,Equatorial Guinea,africa
2008,41249,62.9,1084530,Equatorial Guinea,africa
2009,39914,63.52,1135673,Equatorial Guinea,africa
2010,34732,63.54,1189085,Equatorial Guinea,africa
2011,35378,63.13,1241835,Equatorial Guinea,africa
2012,36671,63.39,1293483,Equatorial Guinea,africa
2013,33679,64.45,1346218,Equatorial Guinea,africa
2014,32437,65.02,1399828,Equatorial Guinea,africa
2015,28313,64.77,1453923,Equatorial Guinea,africa
2016,24827,64.93,1508186,Equatorial Guinea,africa
2017,22551,65.57,1562396,Equatorial Guinea,africa
2018,20386,65.85,1616422,Equatorial Guinea,africa
2019,18503,65.98,1670177,Equatorial Guinea,africa
2020,17019,66.13,1716468,Equatorial Guinea,africa
1950,919,39.79,814866,Eritrea,africa
1951,929,39.95,827025,Eritrea,africa
1952,941,40.11,840340,Eritrea,africa
1953,978,40.33,854702,Eritrea,africa
1954,962,40.57,870021,Eritrea,africa
1955,996,40.81,886237,Eritrea,africa
1956,1011,41.06,903407,Eritrea,africa
1957,986,41.31,918798,Eritrea,africa
1958,1000,41.54,932583,Eritrea,africa
1959,1008,41.8,950563,Eritrea,africa
1960,1040,42.12,972547,Eritrea,africa
1961,1072,42.42,995573,Eritrea,africa
1962,1100,42.7,1019788,Eritrea,africa
1963,1134,42.98,1045092,Eritrea,africa
1964,1161,38.57,1071287,Eritrea,africa
1965,1223,38.94,1098335,Eritrea,africa
1966,1270,39.33,1124957,Eritrea,africa
1967,1339,39.71,1152339,Eritrea,africa
1968,1393,40.09,1181737,Eritrea,africa
1969,1427,40.47,1212005,Eritrea,africa
1970,1387,40.89,1243453,Eritrea,africa
1971,1427,41.32,1276154,Eritrea,africa
1972,1464,41.77,1309235,Eritrea,africa
1973,1471,42.23,1342669,Eritrea,africa
1974,1452,40.2,1375688,Eritrea,africa
1975,1371,40.66,1408210,Eritrea,africa
1976,1361,41.12,1443807,Eritrea,africa
1977,1353,41.55,1482565,Eritrea,africa
1978,1270,41.94,1522378,Eritrea,africa
1979,1397,42.34,1563332,Eritrea,africa
1980,1416,42.72,1605797,Eritrea,africa
1981,1433,43.17,1649939,Eritrea,africa
1982,1421,43.6,1695461,Eritrea,africa
1983,1500,43.98,1736160,Eritrea,africa
1984,1433,44.32,1771730,Eritrea,africa
1985,1241,44.64,1807816,Eritrea,africa
1986,1332,45.11,1845164,Eritrea,africa
1987,1483,45.59,1888669,Eritrea,africa
1988,1458,46.05,1938255,Eritrea,africa
1989,1418,46.26,1987017,Eritrea,africa
1990,1420,46.21,2032737,Eritrea,africa
1991,1568,47.04,1919571,Eritrea,africa
1992,1737,52.72,1798748,Eritrea,africa
1993,1988,53.19,1856006,Eritrea,africa
1994,2432,53.56,1913915,Eritrea,africa
1995,2517,53.61,2025267,Eritrea,africa
1996,2760,54.0,2128464,Eritrea,africa
1997,2980,54.48,2152135,Eritrea,africa
1998,3017,54.48,2180419,Eritrea,africa
1999,2976,47.25,2212780,Eritrea,africa
2000,2813,54.83,2247031,Eritrea,africa
2001,2954,56.08,2312079,Eritrea,africa
2002,2912,56.57,2392978,Eritrea,africa
2003,2704,56.96,2493903,Eritrea,africa
2004,2623,57.35,2598284,Eritrea,africa
2005,2589,57.7,2661215,Eritrea,africa
2006,2484,58.25,2703502,Eritrea,africa
2007,2453,58.74,2743222,Eritrea,africa
2008,2165,59.07,2816327,Eritrea,africa
2009,2208,59.56,2887885,Eritrea,africa
2010,2221,59.95,2945186,Eritrea,africa
2011,2381,60.38,2998485,Eritrea,africa
2012,1336,60.86,3036988,Eritrea,africa
2013,1311,61.3,3074360,Eritrea,africa
2014,1357,61.76,3095173,Eritrea,africa
2015,1408,62.2,3105546,Eritrea,africa
2016,1408,62.59,3124698,Eritrea,africa
2017,1413,63.01,3150347,Eritrea,africa
2018,1555,63.42,3192760,Eritrea,africa
2019,1594,63.8,3240194,Eritrea,africa
2020,1563,63.97,3291271,Eritrea,africa
1950,5612,66.74,1102042,Estonia,europe
1951,5527,66.91,1116198,Estonia,europe
1952,5767,67.08,1129876,Estonia,europe
1953,5899,67.27,1142640,Estonia,europe
1954,6065,67.47,1154804,Estonia,europe
1955,6449,67.68,1166871,Estonia,europe
1956,6922,67.9,1178171,Estonia,europe
1957,6920,68.06,1188778,Estonia,europe
1958,7287,68.28,1200406,Estonia,europe
1959,7057,68.55,1209939,Estonia,europe
1960,7565,69.41,1220453,Estonia,europe
1961,7875,69.58,1235168,Estonia,europe
1962,7974,69.82,1249624,Estonia,europe
1963,7693,69.95,1263756,Estonia,europe
1964,8587,70.56,1278340,Estonia,europe
1965,8983,70.82,1292804,Estonia,europe
1966,9332,70.7,1306438,Estonia,europe
1967,9660,70.92,1320053,Estonia,europe
1968,10145,70.64,1334299,Estonia,europe
1969,10210,70.31,1348702,Estonia,europe
1970,10914,70.46,1361866,Estonia,europe
1971,11113,70.57,1374514,Estonia,europe
1972,11084,70.3,1387212,Estonia,europe
1973,11923,70.71,1399341,Estonia,europe
1974,12132,70.84,1411547,Estonia,europe
1975,12345,70.23,1423504,Estonia,europe
1976,12561,69.94,1434871,Estonia,europe
1977,12781,69.87,1446564,Estonia,europe
1978,13004,69.69,1458224,Estonia,europe
1979,13231,69.39,1468023,Estonia,europe
1980,13462,69.66,1476463,Estonia,europe
1981,13918,69.41,1485339,Estonia,europe
1982,14393,69.87,1494909,Estonia,europe
1983,14856,69.85,1505237,Estonia,europe
1984,15404,69.64,1515610,Estonia,europe
1985,15532,69.82,1525280,Estonia,europe
1986,16046,70.97,1535593,Estonia,europe
1987,16249,71.14,1547255,Estonia,europe
1988,17127,71.02,1559097,Estonia,europe
1989,18323,70.47,1567588,Estonia,europe
1990,16896,69.99,1570303,Estonia,europe
1991,15099,69.51,1565383,Estonia,europe
1992,12994,69.47,1540212,Estonia,europe
1993,11948,68.35,1504342,Estonia,europe
1994,12005,66.77,1475714,Estonia,europe
1995,12731,68.0,1452777,Estonia,europe
1996,13559,70.01,1434651,Estonia,europe
1997,15504,70.28,1421496,Estonia,europe
1998,16333,69.89,1411203,Estonia,europe
1999,16216,70.74,1403578,Estonia,europe
2000,17765,71.05,1396997,Estonia,europe
2001,18952,70.76,1388171,Estonia,europe
2002,20364,71.44,1379435,Estonia,europe
2003,22050,72.09,1370850,Estonia,europe
2004,23691,72.54,1362676,Estonia,europe
2005,26097,73.01,1354848,Estonia,europe
2006,28815,73.26,1346880,Estonia,europe
2007,31141,73.32,1340705,Estonia,europe
2008,29622,74.44,1337074,Estonia,europe
2009,25337,75.18,1334528,Estonia,europe
2010,26016,76.25,1331448,Estonia,europe
2011,27990,76.25,1327358,Estonia,europe
2012,28997,76.49,1322616,Estonia,europe
2013,29525,77.22,1317919,Estonia,europe
2014,30494,77.25,1314452,Estonia,europe
2015,31039,77.78,1314576,Estonia,europe
2016,32009,77.69,1315849,Estonia,europe
2017,33822,77.79,1317425,Estonia,europe
2018,35098,77.9,1321965,Estonia,europe
2019,36401,78.05,1326822,Estonia,europe
2020,35257,77.65,1329669,Estonia,europe
1950,723,33.3,17670412,Ethiopia,africa
1951,732,33.47,17989061,Ethiopia,africa
1952,739,33.83,18326173,Ethiopia,africa
1953,770,34.25,18674776,Ethiopia,africa
1954,756,34.72,19038035,Ethiopia,africa
1955,782,35.24,19419770,Ethiopia,africa
1956,793,35.81,19818885,Ethiopia,africa
1957,773,33.0,20173739,Ethiopia,africa
1958,783,31.0,20480285,Ethiopia,africa
1959,792,37.74,20878105,Ethiopia,africa
1960,815,38.42,21376693,Ethiopia,africa
1961,831,39.08,21906102,Ethiopia,africa
1962,840,39.71,22465126,Ethiopia,africa
1963,924,40.29,23051637,Ethiopia,africa
1964,940,40.2,23666548,Ethiopia,africa
1965,967,39.0,24310612,Ethiopia,africa
1966,975,40.0,24952689,Ethiopia,africa
1967,986,42.03,25620276,Ethiopia,africa
1968,971,42.36,26337930,Ethiopia,africa
1969,977,42.66,27072571,Ethiopia,africa
1970,1000,42.95,27829128,Ethiopia,africa
1971,1010,43.22,28600106,Ethiopia,africa
1972,1028,43.1,29374608,Ethiopia,africa
1973,1026,41.0,30166785,Ethiopia,africa
1974,1004,38.9,30957273,Ethiopia,africa
1975,972,40.0,31723252,Ethiopia,africa
1976,964,44.12,32534418,Ethiopia,africa
1977,956,43.7,33167272,Ethiopia,africa
1978,921,43.4,33734592,Ethiopia,africa
1979,956,44.29,34238652,Ethiopia,africa
1980,978,44.61,34428514,Ethiopia,africa
1981,944,44.99,35304012,Ethiopia,africa
1982,906,45.34,36701290,Ethiopia,africa
1983,913,42.56,37740817,Ethiopia,africa
1984,863,41.52,38735722,Ethiopia,africa
1985,785,46.34,39842136,Ethiopia,africa
1986,811,46.89,41037656,Ethiopia,africa
1987,853,47.36,42460039,Ethiopia,africa
1988,833,47.56,44150825,Ethiopia,africa
1989,812,47.25,45879690,Ethiopia,africa
1990,767,46.91,47609755,Ethiopia,africa
1991,688,48.35,49717198,Ethiopia,africa
1992,606,48.88,51853747,Ethiopia,africa
1993,661,49.19,53708891,Ethiopia,africa
1994,659,49.39,55611508,Ethiopia,africa
1995,677,49.64,57537335,Ethiopia,africa
1996,737,50.15,59467635,Ethiopia,africa
1997,737,50.64,61404539,Ethiopia,africa
1998,691,51.12,63363524,Ethiopia,africa
1999,706,50.75,65374561,Ethiopia,africa
2000,728,51.13,67411494,Ethiopia,africa
2001,766,53.27,69487762,Ethiopia,africa
2002,755,54.17,71635517,Ethiopia,africa
2003,718,54.99,73832663,Ethiopia,africa
2004,793,55.94,76077206,Ethiopia,africa
2005,862,57.04,78367470,Ethiopia,africa
2006,930,58.18,80703490,Ethiopia,africa
2007,1008,59.52,83103217,Ethiopia,africa
2008,1087,60.81,85543668,Ethiopia,africa
2009,1150,61.93,88007636,Ethiopia,africa
2010,1259,63.05,90538514,Ethiopia,africa
2011,1361,64.05,93149970,Ethiopia,africa
2012,1437,64.89,95798767,Ethiopia,africa
2013,1545,65.6,98438751,Ethiopia,africa
2014,1657,66.25,101115610,Ethiopia,africa
2015,1779,66.84,103867135,Ethiopia,africa
2016,1895,67.36,106718162,Ethiopia,africa
2017,2022,67.92,109666481,Ethiopia,africa
2018,2104,68.38,112664152,Ethiopia,africa
2019,2221,68.84,115737383,Ethiopia,africa
2020,2319,68.96,118917671,Ethiopia,africa
1950,3430,59.26,309514,Fiji,asia
1951,3531,59.85,316123,Fiji,asia
1952,3634,60.02,323365,Fiji,asia
1953,3739,61.31,331215,Fiji,asia
1954,3848,61.95,339745,Fiji,asia
1955,3959,63.0,349070,Fiji,asia
1956,4074,63.95,359210,Fiji,asia
1957,4190,64.24,369913,Fiji,asia
1958,4311,64.64,381072,Fiji,asia
1959,4432,64.51,392760,Fiji,asia
1960,4558,64.6,404887,Fiji,asia
1961,4535,64.77,417406,Fiji,asia
1962,4540,64.76,430536,Fiji,asia
1963,4674,65.13,444276,Fiji,asia
1964,4749,65.42,458324,Fiji,asia
1965,4487,65.57,472575,Fiji,asia
1966,4390,65.51,486487,Fiji,asia
1967,4871,65.55,498873,Fiji,asia
1968,5163,65.27,510002,Fiji,asia
1969,5169,65.34,520797,Fiji,asia
1970,5648,65.17,531188,Fiji,asia
1971,5887,64.66,541121,Fiji,asia
1972,6210,65.13,550499,Fiji,asia
1973,6769,65.13,559222,Fiji,asia
1974,6814,65.43,567489,Fiji,asia
1975,6828,65.03,575906,Fiji,asia
1976,6815,66.47,585534,Fiji,asia
1977,7036,67.68,597805,Fiji,asia
1978,7040,67.31,612091,Fiji,asia
1979,7738,67.78,626862,Fiji,asia
1980,7436,66.47,641975,Fiji,asia
1981,7721,65.69,657471,Fiji,asia
1982,7346,66.17,673414,Fiji,asia
1983,6953,66.48,689835,Fiji,asia
1984,7363,66.95,706716,Fiji,asia
1985,6956,66.11,723761,Fiji,asia
1986,7353,65.8,739306,Fiji,asia
1987,6842,66.09,750540,Fiji,asia
1988,6950,66.21,758697,Fiji,asia
1989,7848,66.24,766321,Fiji,asia
1990,8451,66.34,773316,Fiji,asia
1991,8147,66.32,779656,Fiji,asia
1992,8539,66.4,785346,Fiji,asia
1993,8599,66.19,790369,Fiji,asia
1994,8912,66.18,794771,Fiji,asia
1995,9019,66.12,798746,Fiji,asia
1996,9344,65.97,803789,Fiji,asia
1997,9042,65.93,812139,Fiji,asia
1998,9075,66.45,822258,Fiji,asia
1999,9798,65.89,831828,Fiji,asia
2000,9576,65.75,840909,Fiji,asia
2001,9732,66.24,849596,Fiji,asia
2002,10027,66.63,858049,Fiji,asia
2003,10118,66.55,866286,Fiji,asia
2004,10630,67.07,874366,Fiji,asia
2005,10656,67.11,882379,Fiji,asia
2006,10771,67.11,890365,Fiji,asia
2007,10574,67.09,897832,Fiji,asia
2008,10567,67.1,903399,Fiji,asia
2009,10319,67.53,907239,Fiji,asia
2010,10548,67.64,910419,Fiji,asia
2011,10788,67.7,912989,Fiji,asia
2012,10919,67.73,914918,Fiji,asia
2013,11429,67.87,916352,Fiji,asia
2014,12058,67.96,917585,Fiji,asia
2015,12569,68.02,918578,Fiji,asia
2016,12821,67.96,919166,Fiji,asia
2017,13429,68.19,918759,Fiji,asia
2018,13846,68.27,917180,Fiji,asia
2019,13684,68.38,914899,Fiji,asia
2020,11547,68.44,914963,Fiji,asia
1950,7880,64.51,4008407,Finland,europe
1951,8470,65.84,4047643,Finland,europe
1952,8660,66.67,4090834,Finland,europe
1953,8620,66.93,4139764,Finland,europe
1954,9268,67.62,4187254,Finland,europe
1955,9630,67.73,4235197,Finland,europe
1956,9811,68.09,4281931,Finland,europe
1957,10173,67.94,4324184,Finland,europe
1958,10142,68.69,4359880,Finland,europe
1959,10662,69.01,4394748,Finland,europe
1960,11544,69.22,4429624,Finland,europe
1961,12359,69.22,4460995,Finland,europe
1962,12680,69.16,4491730,Finland,europe
1963,13029,69.38,4523899,Finland,europe
1964,13637,69.55,4549087,Finland,europe
1965,14340,69.56,4564150,Finland,europe
1966,14654,69.86,4581441,Finland,europe
1967,14910,70.0,4606650,Finland,europe
1968,15212,70.09,4627346,Finland,europe
1969,16716,70.12,4624084,Finland,europe
1970,18065,70.66,4606305,Finland,europe
1971,18452,70.86,4612127,Finland,europe
1972,19778,71.25,4639548,Finland,europe
1973,21020,71.68,4665914,Finland,europe
1974,21581,71.71,4690355,Finland,europe
1975,21772,72.17,4711168,Finland,europe
1976,21651,72.43,4725337,Finland,europe
1977,21684,72.8,4738584,Finland,europe
1978,22112,73.33,4752246,Finland,europe
1979,23632,73.63,4764439,Finland,europe
1980,24857,74.01,4779350,Finland,europe
1981,25256,74.33,4799848,Finland,europe
1982,25977,74.74,4826882,Finland,europe
1983,26565,74.8,4855788,Finland,europe
1984,27268,74.97,4881825,Finland,europe
1985,28120,74.88,4902261,Finland,europe
1986,28744,75.01,4918255,Finland,europe
1987,29888,75.1,4932257,Finland,europe
1988,31313,75.11,4946628,Finland,europe
1989,33040,75.28,4964526,Finland,europe
1990,32939,75.43,4986575,Finland,europe
1991,30832,75.74,5013880,Finland,europe
1992,29649,75.98,5042148,Finland,europe
1993,29310,76.3,5066590,Finland,europe
1994,30341,76.79,5088458,Finland,europe
1995,31500,76.94,5107922,Finland,europe
1996,32548,77.17,5124717,Finland,europe
1997,34507,77.33,5139925,Finland,europe
1998,36293,77.57,5153548,Finland,europe
1999,37795,77.8,5165516,Finland,europe
2000,39894,78.04,5176202,Finland,europe
2001,40842,78.39,5187971,Finland,europe
2002,41439,78.6,5200546,Finland,europe
2003,42169,78.82,5212955,Finland,europe
2004,43725,79.03,5228148,Finland,europe
2005,44787,79.32,5246082,Finland,europe
2006,46412,79.63,5266247,Finland,europe
2007,48664,79.74,5288710,Finland,europe
2008,48818,79.99,5313377,Finland,europe
2009,44662,80.18,5338856,Finland,europe
2010,45875,80.4,5363350,Finland,europe
2011,46826,80.71,5388241,Finland,europe
2012,45952,80.91,5413971,Finland,europe
2013,45329,81.16,5439053,Finland,europe
2014,44977,81.41,5461684,Finland,europe
2015,45073,81.68,5479717,Finland,europe
2016,46207,81.76,5495469,Finland,europe
2017,47570,81.77,5508396,Finland,europe
2018,48050,81.83,5515736,Finland,europe
2019,48583,81.87,5521759,Finland,europe
2020,47402,81.97,5529612,Finland,europe
1950,9609,67.13,41883119,France,europe
1951,10119,66.68,42333662,France,europe
1952,10310,68.08,42780273,France,europe
1953,10532,68.51,43227880,France,europe
1954,10960,69.04,43676898,France,europe
1955,11486,69.33,44136090,France,europe
1956,11948,69.45,44588519,France,europe
1957,12530,69.9,45036376,France,europe
1958,12702,70.79,45493498,France,europe
1959,12931,70.96,45963763,France,europe
1960,13708,71.19,46428134,France,europe
1961,14316,71.35,46893835,France,europe
1962,14979,71.18,47352622,France,europe
1963,15544,71.19,47817824,France,europe
1964,16409,71.74,48319087,France,europe
1965,17072,71.83,48772830,France,europe
1966,17796,72.04,49184656,France,europe
1967,18493,72.13,49574909,France,europe
1968,19184,72.12,49947251,France,europe
1969,20362,72.08,50355295,France,europe
1970,21364,72.6,50813075,France,europe
1971,22203,72.74,51293059,France,europe
1972,23012,72.93,51743874,France,europe
1973,24087,73.24,52162210,France,europe
1974,24656,73.38,52504738,France,europe
1975,24387,73.34,52746325,France,europe
1976,25373,73.57,52959113,France,europe
1977,26241,74.02,53197137,France,europe
1978,26886,74.32,53429668,France,europe
1979,27658,74.52,53660895,France,europe
1980,27937,74.68,53941061,France,europe
1981,28106,74.88,54255012,France,europe
1982,28688,75.11,54582408,France,europe
1983,28932,75.27,54889408,France,europe
1984,29223,75.59,55176619,France,europe
1985,29534,75.77,55467150,France,europe
1986,30142,76.05,55752834,France,europe
1987,30792,76.51,56048364,France,europe
1988,32028,76.8,56361849,France,europe
1989,33035,76.98,56685082,France,europe
1990,33732,77.21,56990238,France,europe
1991,33897,77.37,57271565,France,europe
1992,34269,77.6,57554870,France,europe
1993,33906,77.77,57801266,France,europe
1994,34577,78.04,57999866,France,europe
1995,35178,78.19,58192203,France,europe
1996,35549,78.39,58380641,France,europe
1997,36251,78.72,58568660,France,europe
1998,37413,78.77,58778816,France,europe
1999,38495,78.93,59084210,France,europe
2000,39732,79.19,59483717,France,europe
2001,40227,79.35,59905128,France,europe
2002,40389,79.52,60327248,France,europe
2003,40433,79.73,60741126,France,europe
2004,41273,80.32,61175247,France,europe
2005,41644,80.56,61625032,France,europe
2006,42368,80.84,62049838,France,europe
2007,43127,81.09,62432439,France,europe
2008,42996,81.24,62780190,France,europe
2009,41546,81.37,63106463,France,europe
2010,42148,81.58,63417363,France,europe
2011,42864,81.82,63733777,France,europe
2012,42791,82.0,64058465,France,europe
2013,42816,82.26,64387734,France,europe
2014,43021,82.57,64692493,France,europe
2015,43346,82.52,64916336,France,europe
2016,43705,82.83,65086855,France,europe
2017,44577,82.87,65284776,France,europe
2018,45284,82.92,65519543,France,europe
2019,46018,82.87,65729459,France,europe
2020,42221,82.17,65905277,France,europe
1950,2561,48.65,472842,Gabon,africa
1951,2782,48.67,475638,Gabon,africa
1952,3019,48.74,478589,Gabon,africa
1953,3274,48.8,481752,Gabon,africa
1954,3553,48.84,485151,Gabon,africa
1955,3853,48.87,488817,Gabon,africa
1956,4178,49.04,492786,Gabon,africa
1957,4527,49.24,497070,Gabon,africa
1958,4906,49.43,501728,Gabon,africa
1959,5314,49.71,506805,Gabon,africa
1960,5758,49.98,512316,Gabon,africa
1961,6320,50.32,518266,Gabon,africa
1962,6836,50.65,524649,Gabon,africa
1963,7707,51.0,531452,Gabon,africa
1964,8515,51.24,538657,Gabon,africa
1965,9180,51.69,546308,Gabon,africa
1966,8896,51.97,554463,Gabon,africa
1967,10001,52.28,563108,Gabon,africa
1968,10192,52.55,572257,Gabon,africa
1969,11152,52.85,583276,Gabon,africa
1970,11978,53.16,595846,Gabon,africa
1971,12946,53.51,608348,Gabon,africa
1972,14138,53.89,620960,Gabon,africa
1973,15281,54.31,633995,Gabon,africa
1974,20898,54.92,647691,Gabon,africa
1975,24391,55.56,662197,Gabon,africa
1976,32355,56.36,677628,Gabon,africa
1977,27635,56.87,693984,Gabon,africa
1978,20488,57.22,711245,Gabon,africa
1979,20080,57.65,729375,Gabon,africa
1980,20075,58.12,748389,Gabon,africa
1981,20556,58.47,768385,Gabon,africa
1982,19399,58.72,789286,Gabon,africa
1983,19940,59.02,811005,Gabon,africa
1984,20856,59.41,833501,Gabon,africa
1985,19807,59.78,856726,Gabon,africa
1986,19099,60.33,880705,Gabon,africa
1987,15377,60.51,905479,Gabon,africa
1988,16860,60.45,931020,Gabon,africa
1989,17782,60.45,957138,Gabon,africa
1990,18179,60.45,983734,Gabon,africa
1991,18771,60.6,1010818,Gabon,africa
1992,17705,60.85,1038380,Gabon,africa
1993,17917,60.73,1066405,Gabon,africa
1994,18099,60.56,1094720,Gabon,africa
1995,18515,60.41,1123213,Gabon,africa
1996,18703,60.02,1152015,Gabon,africa
1997,19285,60.22,1181439,Gabon,africa
1998,19465,60.1,1211736,Gabon,africa
1999,17298,59.84,1243016,Gabon,africa
2000,16567,59.59,1275572,Gabon,africa
2001,16522,59.52,1309589,Gabon,africa
2002,16093,59.77,1345135,Gabon,africa
2003,16061,59.82,1382350,Gabon,africa
2004,15767,60.17,1421609,Gabon,africa
2005,15761,61.11,1463495,Gabon,africa
2006,14895,61.66,1508337,Gabon,africa
2007,15335,62.03,1556237,Gabon,africa
2008,14378,62.17,1607175,Gabon,africa
2009,13935,62.69,1661556,Gabon,africa
2010,14415,63.27,1719879,Gabon,africa
2011,14883,63.69,1781985,Gabon,africa
2012,15083,64.47,1846889,Gabon,africa
2013,15342,65.28,1913059,Gabon,africa
2014,15437,65.89,1978399,Gabon,africa
2015,15510,66.27,2040989,Gabon,africa
2016,15360,66.63,2100306,Gabon,africa
2017,15007,67.05,2156900,Gabon,africa
2018,14744,67.46,2212318,Gabon,africa
2019,14946,67.81,2267706,Gabon,africa
2020,14477,67.83,2322539,Gabon,africa
1950,1142,51.81,306736,Gambia,africa
1951,1180,52.1,314491,Gambia,africa
1952,1188,52.27,322638,Gambia,africa
1953,1204,52.46,331089,Gambia,africa
1954,1241,52.67,339813,Gambia,africa
1955,1248,52.84,348789,Gambia,africa
1956,1262,52.99,358030,Gambia,africa
1957,1275,53.15,367546,Gambia,africa
1958,1275,53.27,377374,Gambia,africa
1959,1312,53.56,387544,Gambia,africa
1960,1357,53.85,398060,Gambia,africa
1961,1552,54.14,408930,Gambia,africa
1962,1505,54.37,420163,Gambia,africa
1963,1488,54.6,431757,Gambia,africa
1964,1558,54.85,443687,Gambia,africa
1965,1694,55.21,455952,Gambia,africa
1966,1937,55.6,468516,Gambia,africa
1967,1964,55.97,481588,Gambia,africa
1968,1950,56.22,495269,Gambia,africa
1969,2116,56.52,509440,Gambia,africa
1970,1869,56.59,524105,Gambia,africa
1971,1829,56.66,539388,Gambia,africa
1972,1794,56.7,555370,Gambia,africa
1973,1919,56.78,571991,Gambia,africa
1974,1997,56.87,589085,Gambia,africa
1975,2081,56.99,606821,Gambia,africa
1976,2018,57.14,625667,Gambia,africa
1977,2013,57.33,645770,Gambia,africa
1978,2076,57.0,667103,Gambia,africa
1979,1973,57.88,689781,Gambia,africa
1980,1943,58.16,713913,Gambia,africa
1981,2253,56.54,739125,Gambia,africa
1982,2366,58.88,765753,Gambia,africa
1983,2240,59.2,794525,Gambia,africa
1984,2232,59.44,825631,Gambia,africa
1985,2238,59.64,858874,Gambia,africa
1986,2214,59.87,894019,Gambia,africa
1987,2211,60.05,931091,Gambia,africa
1988,2250,60.25,970160,Gambia,africa
1989,2255,60.39,1011357,Gambia,africa
1990,2265,60.61,1054696,Gambia,africa
1991,2248,60.8,1099959,Gambia,africa
1992,2246,60.75,1145582,Gambia,africa
1993,2240,61.18,1188365,Gambia,africa
1994,2176,61.25,1227226,Gambia,africa
1995,2128,61.37,1264313,Gambia,africa
1996,2109,61.43,1301410,Gambia,africa
1997,2145,61.12,1338889,Gambia,africa
1998,2153,61.51,1376987,Gambia,africa
1999,2221,61.48,1415779,Gambia,africa
2000,2270,61.6,1455084,Gambia,africa
2001,2327,61.69,1495011,Gambia,africa
2002,2181,61.73,1535691,Gambia,africa
2003,2257,61.82,1577611,Gambia,africa
2004,2341,61.97,1621312,Gambia,africa
2005,2216,62.16,1667037,Gambia,africa
2006,2138,62.43,1715275,Gambia,africa
2007,2138,62.6,1765774,Gambia,africa
2008,2205,62.94,1817852,Gambia,africa
2009,2283,63.28,1871422,Gambia,africa
2010,2347,63.71,1926630,Gambia,africa
2011,2092,64.17,1983784,Gambia,africa
2012,2136,64.53,2043094,Gambia,africa
2013,2131,64.79,2103820,Gambia,africa
2014,2039,65.03,2164528,Gambia,africa
2015,2059,65.36,2224529,Gambia,africa
2016,2037,65.69,2283769,Gambia,africa
2017,2073,66.04,2342189,Gambia,africa
2018,2158,66.39,2399632,Gambia,africa
2019,2225,66.74,2456844,Gambia,africa
2020,2156,66.86,2515733,Gambia,africa
1950,3164,49.59,3497441,Georgia,europe
1951,3201,50.39,3541236,Georgia,europe
1952,3429,51.35,3586784,Georgia,europe
1953,3601,52.3,3633974,Georgia,europe
1954,3800,53.27,3682723,Georgia,europe
1955,4147,54.29,3734030,Georgia,europe
1956,4565,55.4,3789579,Georgia,europe
1957,4681,56.37,3849526,Georgia,europe
1958,5053,57.31,3913624,Georgia,europe
1959,5018,58.3,3981694,Georgia,europe
1960,5512,59.25,4053800,Georgia,europe
1961,5764,60.14,4129029,Georgia,europe
1962,5859,60.95,4205699,Georgia,europe
1963,5673,61.56,4282793,Georgia,europe
1964,6353,62.26,4358324,Georgia,europe
1965,6667,62.95,4429322,Georgia,europe
1966,7118,63.56,4503014,Georgia,europe
1967,7518,64.12,4582952,Georgia,europe
1968,7807,64.6,4663584,Georgia,europe
1969,8135,64.99,4743028,Georgia,europe
1970,9066,65.36,4804055,Georgia,europe
1971,9234,65.67,4843145,Georgia,europe
1972,9438,65.93,4877277,Georgia,europe
1973,9987,66.23,4911008,Georgia,europe
1974,10062,66.51,4944635,Georgia,europe
1975,10137,66.74,4979409,Georgia,europe
1976,10211,67.06,5015921,Georgia,europe
1977,10286,67.41,5053551,Georgia,europe
1978,10360,67.73,5091796,Georgia,europe
1979,10434,68.09,5128673,Georgia,europe
1980,10508,68.54,5165546,Georgia,europe
1981,10951,68.84,5205030,Georgia,europe
1982,11409,69.1,5246474,Georgia,europe
1983,11922,69.1,5290180,Georgia,europe
1984,12685,68.95,5334257,Georgia,europe
1985,13287,69.06,5376896,Georgia,europe
1986,13146,69.08,5419133,Georgia,europe
1987,12909,68.89,5461016,Georgia,europe
1988,13691,68.7,5500240,Georgia,europe
1989,13105,68.52,5499641,Georgia,europe
1990,11135,68.53,5448868,Georgia,europe
1991,8724,68.41,5379510,Georgia,europe
1992,4770,67.93,5294187,Georgia,europe
1993,3347,67.78,5178780,Georgia,europe
1994,3045,68.81,5046271,Georgia,europe
1995,3244,69.98,4925743,Georgia,europe
1996,3740,70.93,4812775,Georgia,europe
1997,4269,70.88,4695356,Georgia,europe
1998,4511,70.63,4576451,Georgia,europe
1999,4737,70.67,4455583,Georgia,europe
2000,4919,70.68,4328358,Georgia,europe
2001,5236,70.78,4209636,Georgia,europe
2002,5573,70.38,4127846,Georgia,europe
2003,6231,70.59,4085483,Georgia,europe
2004,6633,70.68,4056073,Georgia,europe
2005,7315,71.05,4026131,Georgia,europe
2006,8050,71.47,3996591,Georgia,europe
2007,9110,71.96,3967590,Georgia,europe
2008,9359,71.52,3941195,Georgia,europe
2009,9097,71.72,3918941,Georgia,europe
2010,9737,71.88,3895925,Georgia,europe
2011,10541,72.17,3868724,Georgia,europe
2012,11296,72.45,3839208,Georgia,europe
2013,11740,72.92,3809125,Georgia,europe
2014,12255,73.18,3792916,Georgia,europe
2015,12605,73.29,3791573,Georgia,europe
2016,12964,73.14,3792057,Georgia,europe
2017,13590,73.2,3792859,Georgia,europe
2018,14253,73.28,3794877,Georgia,europe
2019,14989,73.4,3796722,Georgia,europe
2020,14001,72.58,3795678,Georgia,europe
1950,7191,66.51,69847782,Germany,europe
1951,7793,66.91,69782052,Germany,europe
1952,8436,67.33,69826953,Germany,europe
1953,9088,67.72,69935117,Germany,europe
1954,9723,68.1,70104621,Germany,europe
1955,10741,68.53,70334152,Germany,europe
1956,11445,68.89,70613903,Germany,europe
1957,12029,68.9,71088146,Germany,europe
1958,12484,69.31,71694673,Germany,europe
1959,13298,69.35,72241717,Germany,europe
1960,14277,69.41,72811640,Germany,europe
1961,14854,69.76,73376115,Germany,europe
1962,15482,70.01,73997003,Germany,europe
1963,15917,70.18,74698010,Germany,europe
1964,16877,70.53,75313485,Germany,europe
1965,17711,70.68,75966964,Germany,europe
1966,18242,70.76,76611031,Germany,europe
1967,18401,70.81,76970791,Germany,europe
1968,19463,70.54,77321279,Germany,europe
1969,20757,70.38,77944020,Germany,europe
1970,21713,70.61,78205102,Germany,europe
1971,22357,70.81,78345872,Germany,europe
1972,23345,71.02,78719918,Germany,europe
1973,24511,71.29,78966971,Germany,europe
1974,24890,71.56,78996693,Germany,europe
1975,25026,71.67,78701865,Germany,europe
1976,26553,72.1,78364505,Germany,europe
1977,27563,72.55,78185559,Germany,europe
1978,28572,72.7,78115360,Germany,europe
1979,29925,72.99,78147901,Germany,europe
1980,30395,73.26,78315375,Germany,europe
1981,30683,73.52,78448040,Germany,europe
1982,30659,73.81,78393674,Germany,europe
1983,31505,74.14,78224133,Germany,europe
1984,32725,74.58,77998198,Germany,europe
1985,33743,74.83,77863424,Germany,europe
1986,34708,75.06,77923807,Germany,europe
1987,35465,75.32,78062324,Germany,europe
1988,36746,75.46,78385992,Germany,europe
1989,37899,75.65,79007065,Germany,europe
1990,36699,75.66,79707959,Germany,europe
1991,38294,75.85,80303196,Germany,europe
1992,38735,76.17,80934898,Germany,europe
1993,38105,76.34,81486773,Germany,europe
1994,38882,76.61,81773617,Germany,europe
1995,39366,76.87,82019890,Germany,europe
1996,39569,77.14,82263189,Germany,europe
1997,40219,77.48,82389638,Germany,europe
1998,41023,77.81,82011939,Germany,europe
1999,41770,78.1,81678287,Germany,europe
2000,42928,78.39,81797258,Germany,europe
2001,43577,78.67,81933885,Germany,europe
2002,43417,78.77,82068326,Germany,europe
2003,43089,78.91,82111615,Germany,europe
2004,43605,79.35,82092708,Germany,europe
2005,43949,79.64,82046731,Germany,europe
2006,45678,79.89,81701971,Germany,europe
2007,47101,80.04,81298542,Germany,europe
2008,47643,80.15,81110777,Germany,europe
2009,45044,80.29,80935283,Germany,europe
2010,46999,80.5,80830924,Germany,europe
2011,49758,80.67,80857874,Germany,europe
2012,49872,80.79,80916390,Germany,europe
2013,49954,80.79,81041582,Germany,europe
2014,50846,81.01,81376080,Germany,europe
2015,51159,80.88,82077550,Germany,europe
2016,51880,80.95,82760102,Germany,europe
2017,53071,81.09,83104007,Germany,europe
2018,53487,81.15,83368505,Germany,europe
2019,53930,81.2,83559186,Germany,europe
2020,51428,81.0,83628708,Germany,europe
1950,1903,47.14,5080664,Ghana,africa
1951,1929,47.28,5229124,Ghana,africa
1952,1850,47.37,5387497,Ghana,africa
1953,2056,47.72,5553970,Ghana,africa
1954,2260,47.97,5729428,Ghana,africa
1955,2063,48.33,5914923,Ghana,africa
1956,2453,48.98,6109609,Ghana,africa
1957,2192,49.45,6312501,Ghana,africa
1958,2368,50.09,6520156,Ghana,africa
1959,2428,50.6,6735541,Ghana,africa
1960,2543,51.03,6961215,Ghana,africa
1961,2557,51.48,7162667,Ghana,africa
1962,2618,52.03,7337375,Ghana,africa
1963,2657,52.38,7514714,Ghana,africa
1964,2673,52.71,7695739,Ghana,africa
1965,2676,53.0,7882606,Ghana,africa
1966,2620,53.24,8074521,Ghana,africa
1967,2609,53.5,8271913,Ghana,africa
1968,2587,53.84,8475729,Ghana,africa
1969,2618,54.12,8690383,Ghana,africa
1970,2834,54.46,8925813,Ghana,africa
1971,2988,54.77,9176264,Ghana,africa
1972,2829,55.18,9438187,Ghana,africa
1973,2838,55.55,9714617,Ghana,africa
1974,2975,55.95,10000523,Ghana,africa
1975,2567,56.27,10294308,Ghana,africa
1976,2441,56.55,10594913,Ghana,africa
1977,2463,56.8,10911871,Ghana,africa
1978,2645,57.16,11248450,Ghana,africa
1979,2557,57.4,11597255,Ghana,africa
1980,2460,57.53,11941448,Ghana,africa
1981,2444,57.69,12281712,Ghana,africa
1982,2245,57.7,12643819,Ghana,africa
1983,2022,57.78,13029836,Ghana,africa
1984,2094,57.9,13370590,Ghana,africa
1985,2147,58.17,13661229,Ghana,africa
1986,2183,58.45,13965217,Ghana,africa
1987,2238,58.68,14289108,Ghana,africa
1988,2312,58.94,14636568,Ghana,africa
1989,2379,59.19,15006813,Ghana,africa
1990,2405,59.37,15394648,Ghana,africa
1991,2459,59.57,15787496,Ghana,africa
1992,2482,59.68,16184855,Ghana,africa
1993,2529,59.89,16589519,Ghana,africa
1994,2541,59.65,16993190,Ghana,africa
1995,2575,59.89,17399017,Ghana,africa
1996,2624,59.84,17810181,Ghana,africa
1997,2666,59.53,18238958,Ghana,africa
1998,2723,59.71,18688036,Ghana,africa
1999,2774,59.66,19149864,Ghana,africa
2000,2807,59.61,19637087,Ghana,africa
2001,2849,59.5,20167069,Ghana,africa
2002,2905,59.53,20729388,Ghana,africa
2003,2982,59.64,21296705,Ghana,africa
2004,3072,59.81,21868298,Ghana,africa
2005,3172,60.01,22449438,Ghana,africa
2006,3290,60.25,23040702,Ghana,africa
2007,3346,60.53,23642279,Ghana,africa
2008,3559,60.95,24249946,Ghana,africa
2009,3637,61.34,24862664,Ghana,africa
2010,3828,61.79,25474995,Ghana,africa
2011,4262,62.41,26095088,Ghana,africa
2012,4549,63.01,26734268,Ghana,africa
2013,4769,63.47,27386193,Ghana,africa
2014,4794,63.88,28041592,Ghana,africa
2015,4786,64.22,28696068,Ghana,africa
2016,4838,64.65,29356742,Ghana,africa
2017,5116,65.11,30008354,Ghana,africa
2018,5315,65.77,30637585,Ghana,africa
2019,5540,66.31,31258945,Ghana,africa
2020,5453,66.41,31887809,Ghana,africa
1950,3548,69.0,7651079,Greece,europe
1951,3821,69.17,7712870,Greece,europe
1952,3804,70.45,7775542,Greece,europe
1953,4279,70.51,7841270,Greece,europe
1954,4370,71.02,7910867,Greece,europe
1955,4658,71.5,7984711,Greece,europe
1956,5014,71.7,8060988,Greece,europe
1957,5297,71.36,8136974,Greece,europe
1958,5490,72.2,8214996,Greece,europe
1959,5633,72.23,8297710,Greece,europe
1960,5830,72.43,8384492,Greece,europe
1961,6351,72.37,8447002,Greece,europe
1962,6616,72.18,8473376,Greece,europe
1963,7335,72.4,8488375,Greece,europe
1964,7988,72.55,8504002,Greece,europe
1965,8783,73.01,8521363,Greece,europe
1966,9341,73.16,8579992,Greece,europe
1967,9832,73.05,8655156,Greece,europe
1968,10558,73.15,8717917,Greece,europe
1969,11670,73.55,8747073,Greece,europe
1970,12688,73.82,8747776,Greece,europe
1971,13658,74.13,8787038,Greece,europe
1972,15397,74.11,8849378,Greece,europe
1973,16074,74.43,8893400,Greece,europe
1974,15573,74.6,8929114,Greece,europe
1975,16508,74.63,9016967,Greece,europe
1976,17480,74.66,9160209,Greece,europe
1977,17960,74.86,9282021,Greece,europe
1978,19084,75.14,9389967,Greece,europe
1979,19711,75.24,9526004,Greece,europe
1980,20030,75.3,9653414,Greece,europe
1981,20031,75.44,9754402,Greece,europe
1982,20162,75.6,9837470,Greece,europe
1983,20300,75.6,9911493,Greece,europe
1984,20933,75.78,9978782,Greece,europe
1985,21685,75.86,10037037,Greece,europe
1986,22152,76.23,10088763,Greece,europe
1987,22179,76.37,10134534,Greece,europe
1988,23332,76.8,10177006,Greece,europe
1989,24303,77.06,10218039,Greece,europe
1990,24263,77.23,10258487,Greece,europe
1991,24717,77.32,10306644,Greece,europe
1992,24700,77.39,10359895,Greece,europe
1993,24162,77.58,10412751,Greece,europe
1994,24523,77.68,10466260,Greece,europe
1995,24921,77.75,10519235,Greece,europe
1996,25521,77.89,10570080,Greece,europe
1997,26535,78.09,10622325,Greece,europe
1998,27416,78.16,10675409,Greece,europe
1999,28150,78.23,10727951,Greece,europe
2000,29134,78.44,10782635,Greece,europe
2001,30180,78.68,10843164,Greece,europe
2002,31250,78.89,10890285,Greece,europe
2003,32981,79.08,10918471,Greece,europe
2004,34565,79.23,10947365,Greece,europe
2005,34670,79.43,10981334,Greece,europe
2006,36520,79.7,11016103,Greece,europe
2007,37620,79.64,11045737,Greece,europe
2008,37394,79.97,11076872,Greece,europe
2009,35692,80.15,11108069,Greece,europe
2010,33693,80.4,11124670,Greece,europe
2011,30318,80.49,11108844,Greece,europe
2012,28323,80.56,11048298,Greece,europe
2013,27811,80.87,10967540,Greece,europe
2014,28130,81.05,10893166,Greece,europe
2015,28260,80.92,10820903,Greece,europe
2016,28240,81.0,10775504,Greece,europe
2017,28605,81.14,10753533,Greece,europe
2018,29141,80.96,10730844,Greece,europe
2019,29698,80.94,10718576,Greece,europe
2020,27035,80.43,10699369,Greece,europe
1950,1790,58.64,77261,Grenada,americas
1951,1823,59.01,77933,Grenada,americas
1952,1855,59.49,78934,Grenada,americas
1953,1889,60.2,80216,Grenada,americas
1954,1922,60.8,81776,Grenada,americas
1955,1957,61.2,83635,Grenada,americas
1956,1991,61.78,85804,Grenada,americas
1957,2028,62.66,88147,Grenada,americas
1958,2064,63.22,90415,Grenada,americas
1959,2101,63.68,92423,Grenada,americas
1960,2138,64.11,94058,Grenada,americas
1961,2189,64.62,95335,Grenada,americas
1962,2242,64.68,96375,Grenada,americas
1963,2295,64.66,97195,Grenada,americas
1964,2351,65.23,97760,Grenada,americas
1965,2406,65.58,98067,Grenada,americas
1966,2464,65.53,98121,Grenada,americas
1967,2522,65.83,98066,Grenada,americas
1968,2582,66.29,98078,Grenada,americas
1969,2642,66.72,98204,Grenada,americas
1970,2704,66.98,98414,Grenada,americas
1971,2917,67.41,98648,Grenada,americas
1972,3159,67.94,98777,Grenada,americas
1973,3463,68.38,98709,Grenada,americas
1974,3723,68.75,98486,Grenada,americas
1975,3883,69.02,98126,Grenada,americas
1976,4303,69.15,97632,Grenada,americas
1977,4634,69.09,97017,Grenada,americas
1978,4972,69.25,96305,Grenada,americas
1979,5327,69.46,95490,Grenada,americas
1980,5304,69.31,94538,Grenada,americas
1981,5283,69.52,94052,Grenada,americas
1982,5420,69.52,94383,Grenada,americas
1983,5437,66.18,94948,Grenada,americas
1984,5582,69.45,95498,Grenada,americas
1985,5973,69.55,96111,Grenada,americas
1986,6481,69.65,96790,Grenada,americas
1987,7293,69.5,97526,Grenada,americas
1988,7681,69.46,98308,Grenada,americas
1989,8288,69.42,99121,Grenada,americas
1990,8814,69.21,99957,Grenada,americas
1991,8924,69.66,100793,Grenada,americas
1992,8784,69.74,101602,Grenada,americas
1993,8518,69.89,102382,Grenada,americas
1994,8565,70.25,103138,Grenada,americas
1995,8666,70.7,103869,Grenada,americas
1996,8986,71.18,104584,Grenada,americas
1997,9384,71.62,105293,Grenada,americas
1998,10440,71.94,106009,Grenada,americas
1999,11116,71.89,106727,Grenada,americas
2000,11613,71.97,107451,Grenada,americas
2001,11334,72.07,107987,Grenada,americas
2002,11679,72.08,108404,Grenada,americas
2003,12739,72.16,108884,Grenada,americas
2004,12615,71.75,109323,Grenada,americas
2005,14247,72.38,109734,Grenada,americas
2006,13641,72.55,110135,Grenada,americas
2007,14443,72.6,110522,Grenada,americas
2008,14542,72.52,110896,Grenada,americas
2009,13538,72.5,111254,Grenada,americas
2010,13413,72.47,111586,Grenada,americas
2011,13445,72.58,112079,Grenada,americas
2012,13207,73.16,112775,Grenada,americas
2013,13428,73.12,113487,Grenada,americas
2014,14317,73.05,114132,Grenada,americas
2015,15142,73.09,114676,Grenada,americas
2016,15614,72.87,115130,Grenada,americas
2017,16217,73.03,115438,Grenada,americas
2018,16827,73.17,115691,Grenada,americas
2019,16868,73.32,115981,Grenada,americas
2020,14480,73.33,116341,Grenada,americas
1950,3863,42.67,3097198,Guatemala,americas
1951,3793,44.13,3177367,Guatemala,americas
1952,3750,42.63,3261652,Guatemala,americas
1953,3765,42.77,3348810,Guatemala,americas
1954,3713,44.54,3439102,Guatemala,americas
1955,3685,44.31,3533307,Guatemala,americas
1956,3891,44.19,3631182,Guatemala,americas
1957,3980,44.78,3732743,Guatemala,americas
1958,4034,45.35,3837026,Guatemala,americas
1959,4096,47.38,3946494,Guatemala,americas
1960,4064,47.9,4063655,Guatemala,americas
1961,4096,49.29,4186201,Guatemala,americas
1962,4098,48.77,4312044,Guatemala,americas
1963,4341,49.06,4440264,Guatemala,americas
1964,4390,49.47,4571109,Guatemala,americas
1965,4478,49.53,4704965,Guatemala,americas
1966,4619,49.27,4840958,Guatemala,americas
1967,4700,50.31,4978862,Guatemala,americas
1968,4997,49.51,5118111,Guatemala,americas
1969,5112,48.62,5257081,Guatemala,americas
1970,5276,49.87,5396966,Guatemala,americas
1971,5430,51.86,5538355,Guatemala,americas
1972,5682,53.52,5682833,Guatemala,americas
1973,5913,53.92,5831631,Guatemala,americas
1974,6130,54.26,5981197,Guatemala,americas
1975,6089,54.38,6128731,Guatemala,americas
1976,6371,46.34,6262404,Guatemala,americas
1977,6689,57.22,6401515,Guatemala,americas
1978,6839,58.22,6561534,Guatemala,americas
1979,6979,57.99,6727797,Guatemala,americas
1980,7056,57.95,6900212,Guatemala,americas
1981,6897,56.8,7075648,Guatemala,americas
1982,6491,55.46,7240241,Guatemala,americas
1983,6125,58.4,7419642,Guatemala,americas
1984,5982,59.83,7630682,Guatemala,americas
1985,5773,59.42,7849693,Guatemala,americas
1986,5589,59.88,8070818,Guatemala,americas
1987,5533,60.35,8296485,Guatemala,americas
1988,5505,60.99,8532099,Guatemala,americas
1989,5553,61.58,8775546,Guatemala,americas
1990,5561,61.4,9024773,Guatemala,americas
1991,5612,61.25,9272584,Guatemala,americas
1992,5731,61.42,9522266,Guatemala,americas
1993,5806,61.91,9779761,Guatemala,americas
1994,5891,62.48,10043718,Guatemala,americas
1995,6033,64.08,10312996,Guatemala,americas
1996,6064,65.18,10583526,Guatemala,americas
1997,6181,65.25,10857754,Guatemala,americas
1998,6338,65.43,11139145,Guatemala,americas
1999,6428,66.37,11422965,Guatemala,americas
2000,6500,66.74,11697592,Guatemala,americas
2001,6494,67.19,11969422,Guatemala,americas
2002,6590,67.76,12246915,Guatemala,americas
2003,6613,68.11,12525842,Guatemala,americas
2004,6677,68.4,12807402,Guatemala,americas
2005,6754,68.4,13087629,Guatemala,americas
2006,6972,68.91,13367459,Guatemala,americas
2007,7269,69.51,13652040,Guatemala,americas
2008,7365,69.86,13935174,Guatemala,americas
2009,7263,69.87,14215611,Guatemala,americas
2010,7336,70.27,14500112,Guatemala,americas
2011,7504,70.66,14792126,Guatemala,americas
2012,7591,71.07,15089647,Guatemala,americas
2013,7734,71.33,15387337,Guatemala,americas
2014,7939,71.58,15681725,Guatemala,americas
2015,8126,71.77,15971743,Guatemala,americas
2016,8206,71.95,16268760,Guatemala,americas
2017,8322,72.32,16567357,Guatemala,americas
2018,8462,72.41,16845685,Guatemala,americas
2019,8653,72.58,17103803,Guatemala,americas
2020,8352,71.46,17357325,Guatemala,americas
1950,1041,38.37,3013177,Guinea,africa
1951,1095,38.55,3061973,Guinea,africa
1952,1119,38.8,3111681,Guinea,africa
1953,1149,39.11,3162523,Guinea,africa
1954,1207,39.42,3214561,Guinea,africa
1955,1235,39.69,3267860,Guinea,africa
1956,1270,39.99,3322500,Guinea,africa
1957,1302,40.24,3378654,Guinea,africa
1958,1327,40.49,3436432,Guinea,africa
1959,1388,40.81,3495773,Guinea,africa
1960,1567,41.15,3556749,Guinea,africa
1961,1666,41.48,3619551,Guinea,africa
1962,1658,41.8,3684273,Guinea,africa
1963,1646,42.14,3750954,Guinea,africa
1964,1497,42.43,3819722,Guinea,africa
1965,1536,42.75,3890716,Guinea,africa
1966,1546,43.02,3964155,Guinea,africa
1967,1486,43.28,4040153,Guinea,africa
1968,1468,43.5,4118550,Guinea,africa
1969,1411,43.72,4198300,Guinea,africa
1970,1261,43.85,4277535,Guinea,africa
1971,1308,44.08,4355200,Guinea,africa
1972,1317,44.35,4431292,Guinea,africa
1973,1318,44.6,4506324,Guinea,africa
1974,1367,44.85,4580510,Guinea,africa
1975,1385,45.13,4653876,Guinea,africa
1976,1473,45.53,4727022,Guinea,africa
1977,1403,45.9,4801128,Guinea,africa
1978,1475,46.4,4877854,Guinea,africa
1979,1433,46.88,4959283,Guinea,africa
1980,1444,47.27,5047419,Guinea,africa
1981,1425,47.66,5143288,Guinea,africa
1982,1420,48.08,5247672,Guinea,africa
1983,1406,48.38,5359814,Guinea,africa
1984,1391,49.02,5480096,Guinea,africa
1985,1423,49.57,5610373,Guinea,africa
1986,1426,50.14,5750668,Guinea,africa
1987,1430,50.55,5900198,Guinea,africa
1988,1475,50.95,6056574,Guinea,africa
1989,1488,51.39,6215811,Guinea,africa
1990,1508,51.92,6434374,Guinea,africa
1991,1504,52.39,6697166,Guinea,africa
1992,1511,52.62,6914366,Guinea,africa
1993,1546,53.07,7128177,Guinea,africa
1994,1565,53.29,7345107,Guinea,africa
1995,1595,53.55,7553249,Guinea,africa
1996,1623,53.98,7770035,Guinea,africa
1997,1663,54.24,7931370,Guinea,africa
1998,1680,54.34,8081990,Guinea,africa
1999,1702,54.44,8265123,Guinea,africa
2000,1705,54.34,8428832,Guinea,africa
2001,1730,54.71,8539960,Guinea,africa
2002,1784,55.09,8674066,Guinea,africa
2003,1772,55.44,8870781,Guinea,africa
2004,1778,55.7,9062726,Guinea,africa
2005,1794,56.0,9245844,Guinea,africa
2006,1777,56.25,9441171,Guinea,africa
2007,1856,56.5,9662281,Guinea,africa
2008,1889,56.87,9898870,Guinea,africa
2009,1826,57.14,10143534,Guinea,africa
2010,1871,57.56,10396086,Guinea,africa
2011,1933,57.91,10656810,Guinea,africa
2012,2002,58.19,10921581,Guinea,africa
2013,2035,58.4,11191873,Guinea,africa
2014,2062,57.86,11472924,Guinea,africa
2015,2088,58.49,11767070,Guinea,africa
2016,2253,59.26,12073030,Guinea,africa
2017,2418,59.91,12385659,Guinea,africa
2018,2500,60.57,12704774,Guinea,africa
2019,2567,61.24,13034346,Guinea,africa
2020,2664,61.28,13371183,Guinea,africa
1950,691,33.27,543627,Guinea-Bissau,africa
1951,725,33.6,549737,Guinea-Bissau,africa
1952,759,33.94,553912,Guinea-Bissau,africa
1953,796,34.33,557625,Guinea-Bissau,africa
1954,943,34.95,560977,Guinea-Bissau,africa
1955,893,35.3,564068,Guinea-Bissau,africa
1956,1001,35.76,566970,Guinea-Bissau,africa
1957,1051,36.2,569742,Guinea-Bissau,africa
1958,1068,36.61,572423,Guinea-Bissau,africa
1959,1065,36.98,575034,Guinea-Bissau,africa
1960,1107,37.39,577633,Guinea-Bissau,africa
1961,1166,37.79,582532,Guinea-Bissau,africa
1962,1224,38.17,589474,Guinea-Bissau,africa
1963,1260,35.95,594418,Guinea-Bissau,africa
1964,1377,36.38,588543,Guinea-Bissau,africa
1965,1461,36.8,575005,Guinea-Bissau,africa
1966,1511,37.2,566908,Guinea-Bissau,africa
1967,1556,37.63,569011,Guinea-Bissau,africa
1968,1615,38.06,578170,Guinea-Bissau,africa
1969,1713,38.53,581610,Guinea-Bissau,africa
1970,1811,39.02,584403,Guinea-Bissau,africa
1971,1749,39.41,586221,Guinea-Bissau,africa
1972,1872,39.83,586620,Guinea-Bissau,africa
1973,1890,40.21,592808,Guinea-Bissau,africa
1974,1973,43.21,613338,Guinea-Bissau,africa
1975,2021,43.57,650966,Guinea-Bissau,africa
1976,1992,43.99,694191,Guinea-Bissau,africa
1977,1836,44.28,741789,Guinea-Bissau,africa
1978,2062,44.69,791694,Guinea-Bissau,africa
1979,2086,45.1,819867,Guinea-Bissau,africa
1980,1732,45.31,829303,Guinea-Bissau,africa
1981,1699,45.45,842432,Guinea-Bissau,africa
1982,1747,45.68,855891,Guinea-Bissau,africa
1983,1666,45.9,869592,Guinea-Bissau,africa
1984,1730,46.2,883519,Guinea-Bissau,africa
1985,1779,46.53,897697,Guinea-Bissau,africa
1986,1738,46.88,912126,Guinea-Bissau,africa
1987,1810,47.24,926862,Guinea-Bissau,africa
1988,1906,47.7,942061,Guinea-Bissau,africa
1989,1960,48.15,957789,Guinea-Bissau,africa
1990,1995,48.62,973669,Guinea-Bissau,africa
1991,2050,49.04,994639,Guinea-Bissau,africa
1992,2026,49.38,1024356,Guinea-Bissau,africa
1993,2023,49.7,1058745,Guinea-Bissau,africa
1994,2042,49.79,1092031,Guinea-Bissau,africa
1995,2088,50.27,1119949,Guinea-Bissau,africa
1996,2284,49.51,1143535,Guinea-Bissau,africa
1997,2386,50.04,1165545,Guinea-Bissau,africa
1998,1683,49.79,1187473,Guinea-Bissau,africa
1999,1668,49.95,1210206,Guinea-Bissau,africa
2000,1723,51.47,1234741,Guinea-Bissau,africa
2001,1723,51.8,1261273,Guinea-Bissau,africa
2002,1669,52.09,1289307,Guinea-Bissau,africa
2003,1641,52.41,1318806,Guinea-Bissau,africa
2004,1648,52.67,1349563,Guinea-Bissau,africa
2005,1678,52.75,1381585,Guinea-Bissau,africa
2006,1676,53.59,1415303,Guinea-Bissau,africa
2007,1689,54.26,1450986,Guinea-Bissau,africa
2008,1700,54.79,1488054,Guinea-Bissau,africa
2009,1714,55.52,1526377,Guinea-Bissau,africa
2010,1747,56.2,1566347,Guinea-Bissau,africa
2011,1840,56.87,1608076,Guinea-Bissau,africa
2012,1761,57.41,1651417,Guinea-Bissau,africa
2013,1770,57.92,1695973,Guinea-Bissau,africa
2014,1741,58.25,1741122,Guinea-Bissau,africa
2015,1800,58.75,1786457,Guinea-Bissau,africa
2016,1864,59.31,1831893,Guinea-Bissau,africa
2017,1925,59.84,1877072,Guinea-Bissau,africa
2018,1902,60.33,1922168,Guinea-Bissau,africa
2019,1939,60.95,1967696,Guinea-Bissau,africa
2020,1926,61.02,2013255,Guinea-Bissau,africa
1950,4601,51.81,418038,Guyana,americas
1951,4478,52.56,429101,Guyana,americas
1952,4360,52.99,441245,Guyana,americas
1953,4243,53.44,454555,Guyana,americas
1954,4131,54.19,468971,Guyana,americas
1955,4021,55.05,484363,Guyana,americas
1956,3914,56.01,500575,Guyana,americas
1957,3809,56.66,517501,Guyana,americas
1958,3709,57.54,535071,Guyana,americas
1959,3610,58.09,553067,Guyana,americas
1960,3514,58.85,569143,Guyana,americas
1961,3629,59.41,582568,Guyana,americas
1962,3622,59.46,595461,Guyana,americas
1963,3142,59.74,608537,Guyana,americas
1964,3459,60.01,621764,Guyana,americas
1965,3784,60.28,635128,Guyana,americas
1966,3940,60.52,648646,Guyana,americas
1967,4069,60.78,662311,Guyana,americas
1968,4075,61.08,676160,Guyana,americas
1969,4332,61.29,690223,Guyana,americas
1970,4500,61.68,702705,Guyana,americas
1971,4649,61.54,712662,Guyana,americas
1972,4581,61.42,721617,Guyana,americas
1973,4686,61.22,730138,Guyana,americas
1974,5041,61.0,738057,Guyana,americas
1975,5596,61.22,745393,Guyana,americas
1976,5787,61.68,752253,Guyana,americas
1977,5660,61.67,758654,Guyana,americas
1978,5587,59.57,764586,Guyana,americas
1979,5523,61.99,770062,Guyana,americas
1980,5675,62.36,774367,Guyana,americas
1981,5833,62.46,776453,Guyana,americas
1982,5140,62.73,776712,Guyana,americas
1983,4874,62.72,775891,Guyana,americas
1984,4716,62.13,774111,Guyana,americas
1985,4927,62.61,771477,Guyana,americas
1986,4988,62.65,768098,Guyana,americas
1987,5148,62.79,764120,Guyana,americas
1988,5070,63.15,759663,Guyana,americas
1989,4916,62.18,754865,Guyana,americas
1990,4843,62.37,749894,Guyana,americas
1991,5128,62.95,747861,Guyana,americas
1992,5496,63.55,749911,Guyana,americas
1993,5901,63.18,752965,Guyana,americas
1994,6365,63.41,755822,Guyana,americas
1995,6664,63.1,758388,Guyana,americas
1996,7199,62.98,760526,Guyana,americas
1997,7672,63.34,762245,Guyana,americas
1998,7585,63.5,763586,Guyana,americas
1999,7853,64.11,764483,Guyana,americas
2000,7776,63.96,764832,Guyana,americas
2001,7970,63.94,764477,Guyana,americas
2002,8064,63.85,763652,Guyana,americas
2003,8010,64.08,763101,Guyana,americas
2004,8128,64.25,762418,Guyana,americas
2005,7965,64.39,760914,Guyana,americas
2006,8372,65.01,758966,Guyana,americas
2007,8972,65.24,756861,Guyana,americas
2008,9112,65.3,754606,Guyana,americas
2009,9454,65.87,752094,Guyana,americas
2010,9789,65.75,749256,Guyana,americas
2011,10276,65.74,746153,Guyana,americas
2012,10781,65.69,746288,Guyana,americas
2013,11118,65.99,750021,Guyana,americas
2014,11244,66.02,754229,Guyana,americas
2015,11262,66.41,758781,Guyana,americas
2016,11631,66.67,763548,Guyana,americas
2017,12005,66.88,768479,Guyana,americas
2018,12478,67.09,791556,Guyana,americas
2019,13082,67.31,807665,Guyana,americas
2020,13582,66.8,807481,Guyana,americas
1950,2081,42.47,3265707,Haiti,americas
1951,2078,42.74,3314919,Haiti,americas
1952,2162,43.01,3366262,Haiti,americas
1953,2059,43.3,3419840,Haiti,americas
1954,2190,43.38,3475528,Haiti,americas
1955,2065,43.97,3533744,Haiti,americas
1956,2205,44.29,3594803,Haiti,americas
1957,2037,44.52,3657817,Haiti,americas
1958,2156,44.77,3722709,Haiti,americas
1959,2016,45.06,3789689,Haiti,americas
1960,2103,45.41,3858443,Haiti,americas
1961,2038,45.65,3929030,Haiti,americas
1962,2253,45.95,4001575,Haiti,americas
1963,2123,44.22,4073068,Haiti,americas
1964,2089,46.3,4146244,Haiti,americas
1965,2123,46.51,4223820,Haiti,americas
1966,2121,46.59,4302639,Haiti,americas
1967,2085,47.02,4382999,Haiti,americas
1968,2177,47.36,4465328,Haiti,americas
1969,2255,47.67,4549334,Haiti,americas
1970,2369,47.96,4635124,Haiti,americas
1971,2554,48.27,4723244,Haiti,americas
1972,2586,48.51,4813868,Haiti,americas
1973,2713,48.96,4906743,Haiti,americas
1974,2877,49.41,5001796,Haiti,americas
1975,2911,49.73,5099086,Haiti,americas
1976,3159,50.06,5198357,Haiti,americas
1977,3176,50.39,5299476,Haiti,americas
1978,3330,50.62,5402580,Haiti,americas
1979,3578,50.93,5507590,Haiti,americas
1980,3840,51.28,5614493,Haiti,americas
1981,3724,51.68,5723725,Haiti,americas
1982,3582,51.99,5835937,Haiti,americas
1983,3608,52.31,5951096,Haiti,americas
1984,3608,52.67,6069230,Haiti,americas
1985,3616,53.05,6190862,Haiti,americas
1986,3581,53.35,6316122,Haiti,americas
1987,3542,53.79,6445123,Haiti,americas
1988,3641,54.14,6578145,Haiti,americas
1989,3522,54.35,6714730,Haiti,americas
1990,3541,54.57,6854441,Haiti,americas
1991,3537,54.65,6995450,Haiti,americas
1992,3285,54.93,7136571,Haiti,americas
1993,3048,54.49,7278181,Haiti,americas
1994,2634,54.79,7419771,Haiti,americas
1995,2841,55.35,7562546,Haiti,americas
1996,2905,55.71,7707557,Haiti,americas
1997,2931,56.06,7854298,Haiti,americas
1998,2942,56.55,8002143,Haiti,americas
1999,2969,57.03,8151296,Haiti,americas
2000,2944,57.43,8303151,Haiti,americas
2001,2884,57.79,8455918,Haiti,americas
2002,2866,58.17,8607641,Haiti,americas
2003,2917,58.45,8759912,Haiti,americas
2004,2832,57.54,8910263,Haiti,americas
2005,2872,59.05,9061273,Haiti,americas
2006,2876,59.5,9216562,Haiti,americas
2007,2964,59.96,9373296,Haiti,americas
2008,2995,60.23,9530774,Haiti,americas
2009,3122,60.73,9689581,Haiti,americas
2010,2901,32.52,9803294,Haiti,americas
2011,3003,60.02,9914904,Haiti,americas
2012,2974,61.42,10069771,Haiti,americas
2013,3058,61.62,10222362,Haiti,americas
2014,3067,61.93,10373235,Haiti,americas
2015,3102,62.18,10523242,Haiti,americas
2016,3116,62.41,10671457,Haiti,americas
2017,3153,63.14,10817754,Haiti,americas
2018,3165,63.49,10962362,Haiti,americas
2019,3073,63.79,11105163,Haiti,americas
2020,2929,63.87,11243848,Haiti,americas
1950,2346,40.81,1558938,Honduras,americas
1951,2402,41.7,1601486,Honduras,americas
1952,2421,41.77,1645832,Honduras,americas
1953,2539,42.41,1691965,Honduras,americas
1954,2321,42.92,1739815,Honduras,americas
1955,2309,43.6,1789390,Honduras,americas
1956,2418,44.52,1840666,Honduras,americas
1957,2449,45.44,1893582,Honduras,americas
1958,2448,46.44,1948150,Honduras,americas
1959,2430,47.79,2004320,Honduras,americas
1960,2496,49.05,2062060,Honduras,americas
1961,2489,50.07,2121242,Honduras,americas
1962,2554,51.27,2182064,Honduras,americas
1963,2571,52.34,2244878,Honduras,americas
1964,2622,53.37,2309855,Honduras,americas
1965,2761,54.39,2377157,Honduras,americas
1966,2836,55.31,2446751,Honduras,americas
1967,2906,56.02,2518648,Honduras,americas
1968,2985,56.56,2593057,Honduras,americas
1969,2919,56.15,2670289,Honduras,americas
1970,2927,57.69,2750715,Honduras,americas
1971,2958,58.45,2834616,Honduras,americas
1972,3027,59.02,2922064,Honduras,americas
1973,3162,57.61,3011459,Honduras,americas
1974,3494,54.74,3099836,Honduras,americas
1975,3469,62.45,3193234,Honduras,americas
1976,3726,63.81,3294457,Honduras,americas
1977,3997,64.8,3398655,Honduras,americas
1978,4262,65.96,3505463,Honduras,americas
1979,4329,66.84,3614981,Honduras,americas
1980,4221,67.86,3727173,Honduras,americas
1981,4175,67.5,3841778,Honduras,americas
1982,3994,68.31,3958728,Honduras,americas
1983,3845,69.19,4078174,Honduras,americas
1984,3891,68.96,4199850,Honduras,americas
1985,3927,68.86,4323342,Honduras,americas
1986,3835,68.74,4448899,Honduras,americas
1987,3948,69.7,4576910,Honduras,americas
1988,4019,69.21,4707677,Honduras,americas
1989,4086,69.06,4841838,Honduras,americas
1990,3990,69.09,4980488,Honduras,americas
1991,3749,69.57,5123792,Honduras,americas
1992,3866,69.39,5271431,Honduras,americas
1993,4003,69.53,5423249,Honduras,americas
1994,3900,69.98,5579242,Honduras,americas
1995,4025,69.45,5739637,Honduras,americas
1996,3985,69.38,5903954,Honduras,americas
1997,4050,69.56,6071454,Honduras,americas
1998,4078,63.35,6234431,Honduras,americas
1999,3936,69.88,6400463,Honduras,americas
2000,4109,70.07,6577773,Honduras,americas
2001,4110,70.22,6757993,Honduras,americas
2002,4155,70.38,6938859,Honduras,americas
2003,4236,70.47,7119213,Honduras,americas
2004,4390,70.67,7298994,Honduras,americas
2005,4546,70.89,7478355,Honduras,americas
2006,4734,71.06,7656832,Honduras,americas
2007,4914,71.2,7834798,Honduras,americas
2008,5012,71.27,8012587,Honduras,americas
2009,4788,71.29,8189899,Honduras,americas
2010,4867,71.1,8365878,Honduras,americas
2011,4956,70.97,8540583,Honduras,americas
2012,5065,69.28,8715076,Honduras,americas
2013,5113,69.64,8889278,Honduras,americas
2014,5177,69.86,9063122,Honduras,americas
2015,5283,69.9,9237305,Honduras,americas
2016,5396,71.53,9412380,Honduras,americas
2017,5562,71.73,9588137,Honduras,americas
2018,5680,71.92,9765210,Honduras,americas
2019,5736,72.07,9943633,Honduras,americas
2020,5132,70.68,10119640,Honduras,americas
1950,4745,62.12,1978342,"Hong Kong, China",asia
1951,4287,62.38,2069481,"Hong Kong, China",asia
1952,4471,62.9,2164798,"Hong Kong, China",asia
1953,4629,63.43,2264329,"Hong Kong, China",asia
1954,4794,63.98,2368615,"Hong Kong, China",asia
1955,4975,64.54,2478198,"Hong Kong, China",asia
1956,5173,65.11,2594257,"Hong Kong, China",asia
1957,5377,65.69,2717184,"Hong Kong, China",asia
1958,5579,66.28,2845501,"Hong Kong, China",asia
1959,5762,66.87,2974544,"Hong Kong, China",asia
1960,5915,67.45,3094840,"Hong Kong, China",asia
1961,5986,68.01,3076657,"Hong Kong, China",asia
1962,6668,68.55,2889084,"Hong Kong, China",asia
1963,7333,69.05,2662601,"Hong Kong, China",asia
1964,7629,69.52,3136028,"Hong Kong, China",asia
1965,8455,69.96,3855421,"Hong Kong, China",asia
1966,8420,70.37,4015302,"Hong Kong, China",asia
1967,8457,70.77,3474128,"Hong Kong, China",asia
1968,8674,71.15,3065327,"Hong Kong, China",asia
1969,9581,71.53,3395521,"Hong Kong, China",asia
1970,10344,71.89,3739916,"Hong Kong, China",asia
1971,10902,72.25,3989236,"Hong Kong, China",asia
1972,11796,72.58,4117123,"Hong Kong, China",asia
1973,12948,72.9,4223247,"Hong Kong, China",asia
1974,12898,73.2,4330722,"Hong Kong, China",asia
1975,12558,73.49,4438378,"Hong Kong, China",asia
1976,14116,73.78,4545132,"Hong Kong, China",asia
1977,15208,74.06,4650490,"Hong Kong, China",asia
1978,15908,74.35,4754069,"Hong Kong, China",asia
1979,17152,74.64,4857671,"Hong Kong, China",asia
1980,18353,74.93,4962484,"Hong Kong, China",asia
1981,19577,75.22,5060956,"Hong Kong, China",asia
1982,19737,75.5,5150094,"Hong Kong, China",asia
1983,20527,75.77,5235106,"Hong Kong, China",asia
1984,22230,76.03,5315979,"Hong Kong, China",asia
1985,21970,76.28,5393122,"Hong Kong, China",asia
1986,23910,76.53,5451433,"Hong Kong, China",asia
1987,26513,76.78,5486372,"Hong Kong, China",asia
1988,28114,77.02,5514899,"Hong Kong, China",asia
1989,28319,77.27,5540574,"Hong Kong, China",asia
1990,28798,77.52,5560597,"Hong Kong, China",asia
1991,30189,77.77,5628094,"Hong Kong, China",asia
1992,31803,78.01,5759556,"Hong Kong, China",asia
1993,33200,78.25,5902513,"Hong Kong, China",asia
1994,34420,78.48,6042261,"Hong Kong, China",asia
1995,34546,78.72,6177104,"Hong Kong, China",asia
1996,34454,78.99,6302464,"Hong Kong, China",asia
1997,35911,79.29,6416673,"Hong Kong, China",asia
1998,33517,79.63,6521334,"Hong Kong, China",asia
1999,34031,79.99,6616525,"Hong Kong, China",asia
2000,36317,80.36,6704664,"Hong Kong, China",asia
2001,36253,80.73,6774239,"Hong Kong, China",asia
2002,36690,81.08,6821408,"Hong Kong, China",asia
2003,37886,81.4,6858907,"Hong Kong, China",asia
2004,40863,81.68,6888163,"Hong Kong, China",asia
2005,43690,81.92,6908486,"Hong Kong, China",asia
2006,46464,82.12,6931090,"Hong Kong, China",asia
2007,49044,82.31,6971345,"Hong Kong, China",asia
2008,49789,82.49,7020689,"Hong Kong, China",asia
2009,48460,82.66,7064467,"Hong Kong, China",asia
2010,51361,82.84,7101617,"Hong Kong, China",asia
2011,53473,83.02,7142970,"Hong Kong, China",asia
2012,53785,83.2,7201061,"Hong Kong, China",asia
2013,55231,83.38,7264335,"Hong Kong, China",asia
2014,56359,83.56,7319501,"Hong Kong, China",asia
2015,57216,83.73,7366409,"Hong Kong, China",asia
2016,58096,83.91,7408010,"Hong Kong, China",asia
2017,59849,84.09,7444891,"Hong Kong, China",asia
2018,61063,84.28,7471194,"Hong Kong, China",asia
2019,59586,84.45,7485813,"Hong Kong, China",asia
2020,56419,84.45,7490235,"Hong Kong, China",asia
1950,4595,61.87,9337880,Hungary,europe
1951,4994,62.45,9423174,Hungary,europe
1952,5118,64.02,9503927,Hungary,europe
1953,5162,64.22,9594481,Hungary,europe
1954,5281,65.47,9704585,Hungary,europe
1955,5689,66.64,9823207,Hungary,europe
1956,5384,65.71,9853988,Hungary,europe
1957,5872,66.32,9837927,Hungary,europe
1958,6239,67.29,9880677,Hungary,europe
1959,6455,67.33,9936841,Hungary,europe
1960,6761,68.14,9983374,Hungary,europe
1961,7071,68.81,10026513,Hungary,europe
1962,7470,68.16,10058066,Hungary,europe
1963,7995,68.9,10083841,Hungary,europe
1964,8559,69.46,10114371,Hungary,europe
1965,8745,69.37,10141119,Hungary,europe
1966,9366,69.86,10170405,Hungary,europe
1967,10024,69.62,10206810,Hungary,europe
1968,10267,69.43,10244544,Hungary,europe
1969,10699,69.35,10281589,Hungary,europe
1970,10791,69.21,10315143,Hungary,europe
1971,11411,69.13,10343969,Hungary,europe
1972,11798,69.67,10374303,Hungary,europe
1973,12556,69.75,10407439,Hungary,europe
1974,13011,69.45,10453913,Hungary,europe
1975,13403,69.43,10515652,Hungary,europe
1976,13559,69.62,10573772,Hungary,europe
1977,14543,69.88,10623139,Hungary,europe
1978,15048,69.49,10660188,Hungary,europe
1979,15247,69.53,10688253,Hungary,europe
1980,15587,69.11,10695367,Hungary,europe
1981,15903,69.07,10679329,Hungary,europe
1982,16699,69.35,10656116,Hungary,europe
1983,16765,68.92,10622989,Hungary,europe
1984,17459,68.94,10584328,Hungary,europe
1985,17274,68.92,10547265,Hungary,europe
1986,17866,69.15,10511098,Hungary,europe
1987,18394,69.57,10475105,Hungary,europe
1988,19209,69.98,10440531,Hungary,europe
1989,19084,69.42,10403421,Hungary,europe
1990,18068,69.47,10381281,Hungary,europe
1991,16432,69.5,10378176,Hungary,europe
1992,15935,69.13,10371474,Hungary,europe
1993,15861,69.17,10356870,Hungary,europe
1994,16351,69.56,10339937,Hungary,europe
1995,16618,69.95,10322788,Hungary,europe
1996,16660,70.76,10302235,Hungary,europe
1997,17218,71.01,10278602,Hungary,europe
1998,17931,70.95,10251717,Hungary,europe
1999,18534,71.12,10219796,Hungary,europe
2000,19415,71.9,10190600,Hungary,europe
2001,20252,72.47,10166690,Hungary,europe
2002,21273,72.63,10138466,Hungary,europe
2003,22206,72.71,10108963,Hungary,europe
2004,23368,73.07,10085791,Hungary,europe
2005,24420,73.07,10065706,Hungary,europe
2006,25423,73.51,10049943,Hungary,europe
2007,25533,73.6,10034082,Hungary,europe
2008,25836,74.17,10016657,Hungary,europe
2009,24169,74.36,10001378,Hungary,europe
2010,24486,74.77,9979129,Hungary,europe
2011,25012,75.1,9946676,Hungary,europe
2012,24826,75.39,9916623,Hungary,europe
2013,25344,75.87,9889346,Hungary,europe
2014,26485,75.99,9862842,Hungary,europe
2015,27532,75.9,9839211,Hungary,europe
2016,28218,76.33,9810532,Hungary,europe
2017,29501,76.34,9785604,Hungary,europe
2018,31122,76.32,9774394,Hungary,europe
2019,32554,76.61,9770346,Hungary,europe
2020,31043,75.81,9749457,Hungary,europe
1950,9878,71.5,142667,Iceland,europe
1951,9393,71.77,145420,Iceland,europe
1952,10256,72.03,147762,Iceland,europe
1953,10330,72.19,150742,Iceland,europe
1954,10980,72.53,154263,Iceland,europe
1955,11736,72.71,157746,Iceland,europe
1956,12000,72.85,161079,Iceland,europe
1957,11716,72.99,164755,Iceland,europe
1958,12285,73.11,168478,Iceland,europe
1959,12441,73.2,171994,Iceland,europe
1960,12739,73.38,175560,Iceland,europe
1961,12480,73.4,178998,Iceland,europe
1962,13313,73.55,182341,Iceland,europe
1963,14407,73.61,185643,Iceland,europe
1964,15607,73.65,189026,Iceland,europe
1965,16452,73.72,192333,Iceland,europe
1966,17583,73.76,195596,Iceland,europe
1967,17110,73.84,198783,Iceland,europe
1968,15960,73.91,201504,Iceland,europe
1969,16244,73.95,203377,Iceland,europe
1970,17368,73.93,204478,Iceland,europe
1971,19463,74.17,206161,Iceland,europe
1972,20368,74.54,209203,Iceland,europe
1973,21453,74.81,212381,Iceland,europe
1974,22381,75.09,215266,Iceland,europe
1975,22258,75.67,218028,Iceland,europe
1976,23383,75.92,220190,Iceland,europe
1977,25270,76.06,221834,Iceland,europe
1978,26601,76.23,223572,Iceland,europe
1979,27639,76.29,225756,Iceland,europe
1980,28940,76.49,228144,Iceland,europe
1981,29853,76.66,230746,Iceland,europe
1982,30104,76.97,233845,Iceland,europe
1983,29095,77.11,236964,Iceland,europe
1984,30006,77.32,239501,Iceland,europe
1985,30778,77.26,241402,Iceland,europe
1986,32517,77.27,243184,Iceland,europe
1987,35076,77.65,245855,Iceland,europe
1988,34339,77.71,249726,Iceland,europe
1989,34030,77.93,252851,Iceland,europe
1990,34183,78.11,254833,Iceland,europe
1991,33714,78.24,257812,Iceland,europe
1992,32169,78.45,261085,Iceland,europe
1993,32262,78.63,263754,Iceland,europe
1994,33138,78.73,266053,Iceland,europe
1995,33666,78.38,267510,Iceland,europe
1996,35014,78.97,268960,Iceland,europe
1997,36733,79.24,271185,Iceland,europe
1998,39017,79.54,274111,Iceland,europe
1999,40104,79.92,277448,Iceland,europe
2000,41531,80.35,281280,Iceland,europe
2001,42627,80.6,285053,Iceland,europe
2002,42485,80.82,287607,Iceland,europe
2003,43095,81.15,289605,Iceland,europe
2004,46052,81.42,292168,Iceland,europe
2005,48105,81.61,296834,Iceland,europe
2006,49957,81.73,303874,Iceland,europe
2007,52827,81.94,311651,Iceland,europe
2008,52999,82.22,317514,Iceland,europe
2009,48771,82.42,318612,Iceland,europe
2010,47458,82.64,318158,Iceland,europe
2011,48186,82.83,319137,Iceland,europe
2012,48440,82.94,320841,Iceland,europe
2013,50169,83.18,323885,Iceland,europe
2014,50451,83.67,327512,Iceland,europe
2015,52143,83.73,330952,Iceland,europe
2016,54666,83.83,335574,Iceland,europe
2017,55638,83.9,343531,Iceland,europe
2018,56818,84.02,352854,Iceland,europe
2019,56936,84.08,360700,Iceland,europe
2020,51872,83.98,366614,Iceland,europe
1950,1147,43.42,346278821,India,asia
1951,1154,44.03,353870057,India,asia
1952,1166,44.48,361874903,India,asia
1953,1217,44.8,370104573,India,asia
1954,1245,45.41,378687138,India,asia
1955,1253,45.84,387700887,India,asia
1956,1298,46.03,396988903,India,asia
1957,1260,45.92,406253888,India,asia
1958,1326,45.82,415777442,India,asia
1959,1329,46.08,425780669,India,asia
1960,1395,45.75,435990338,India,asia
1961,1392,45.95,446564729,India,asia
1962,1381,46.39,457283090,India,asia
1963,1407,46.68,468138575,India,asia
1964,1470,47.09,479229598,India,asia
1965,1368,45.71,490140146,India,asia
1966,1341,46.04,500740247,India,asia
1967,1407,46.37,511606372,India,asia
1968,1399,48.29,522716889,India,asia
1969,1447,48.73,533880544,India,asia
1970,1473,49.33,545864268,India,asia
1971,1439,49.68,558096387,India,asia
1972,1389,50.13,570482142,India,asia
1973,1408,50.88,583465598,India,asia
1974,1378,51.51,597041391,India,asia
1975,1452,51.59,611309535,India,asia
1976,1425,52.15,625861883,India,asia
1977,1488,52.75,640801103,India,asia
1978,1519,53.59,655728229,India,asia
1979,1393,54.69,671155747,India,asia
1980,1445,55.17,687354025,India,asia
1981,1490,55.53,703696250,India,asia
1982,1487,56.28,720313473,India,asia
1983,1559,56.65,737372681,India,asia
1984,1567,56.87,754875449,India,asia
1985,1578,57.3,772647793,India,asia
1986,1593,57.82,790689978,India,asia
1987,1610,58.31,808931270,India,asia
1988,1722,58.6,827342990,India,asia
1989,1778,59.1,846039529,India,asia
1990,1813,59.58,864972221,India,asia
1991,1795,59.77,883927600,India,asia
1992,1856,60.0,902957070,India,asia
1993,1906,60.59,922118387,India,asia
1994,1994,61.21,941163767,India,asia
1995,2105,61.74,960301044,India,asia
1996,2221,62.05,979678458,India,asia
1997,2268,61.89,999133762,India,asia
1998,2364,62.11,1018665080,India,asia
1999,2528,62.56,1038225823,India,asia
2000,2579,62.94,1057922733,India,asia
2001,2657,63.27,1077898575,India,asia
2002,2712,63.79,1097600380,India,asia
2003,2877,64.47,1116803006,India,asia
2004,3055,65.2,1135991513,India,asia
2005,3245,65.39,1154676322,India,asia
2006,3453,65.59,1172878890,India,asia
2007,3662,65.84,1190676021,India,asia
2008,3720,66.08,1207930964,India,asia
2009,3956,66.81,1225524753,India,asia
2010,4235,67.28,1243481564,India,asia
2011,4400,67.56,1261224954,India,asia
2012,4583,68.01,1278674502,India,asia
2013,4819,68.36,1295829511,India,asia
2014,5117,69.0,1312277191,India,asia
2015,5464,69.36,1328024498,India,asia
2016,5851,69.96,1343944296,India,asia
2017,6183,70.34,1359657400,India,asia
2018,6519,70.46,1374659064,India,asia
2019,6714,70.77,1389030312,India,asia
2020,6221,70.78,1402617695,India,asia
1950,1566,36.4,68799025,Indonesia,asia
1951,1618,36.87,70286303,Indonesia,asia
1952,1629,37.8,71876432,Indonesia,asia
1953,1687,38.72,73569144,Indonesia,asia
1954,1763,39.63,75367369,Indonesia,asia
1955,1787,40.52,77273507,Indonesia,asia
1956,1782,41.4,79282549,Indonesia,asia
1957,1875,42.27,81390834,Indonesia,asia
1958,1779,43.13,83592762,Indonesia,asia
1959,1825,43.97,85892869,Indonesia,asia
1960,1875,44.8,88296070,Indonesia,asia
1961,1963,45.61,90791249,Indonesia,asia
1962,1918,46.42,93375850,Indonesia,asia
1963,1805,47.21,96051424,Indonesia,asia
1964,1834,47.99,98833749,Indonesia,asia
1965,1813,43.5,101365130,Indonesia,asia
1966,1775,43.9,103792754,Indonesia,asia
1967,1698,50.25,106526393,Indonesia,asia
1968,1823,51.43,109450006,Indonesia,asia
1969,2005,52.56,112517639,Indonesia,asia
1970,2168,53.67,115657495,Indonesia,asia
1971,2240,54.62,118833702,Indonesia,asia
1972,2434,55.18,122039841,Indonesia,asia
1973,2729,55.8,125288515,Indonesia,asia
1974,2800,56.46,128555045,Indonesia,asia
1975,2736,56.92,131843848,Indonesia,asia
1976,2906,57.31,135173655,Indonesia,asia
1977,3056,57.92,138533541,Indonesia,asia
1978,3119,58.47,141953163,Indonesia,asia
1979,3211,59.06,145434834,Indonesia,asia
1980,3403,59.71,148950540,Indonesia,asia
1981,3557,60.27,152485035,Indonesia,asia
1982,3351,60.86,156052152,Indonesia,asia
1983,3409,61.34,159651381,Indonesia,asia
1984,3565,61.71,163251124,Indonesia,asia
1985,3572,62.11,166776185,Indonesia,asia
1986,3711,62.51,170175065,Indonesia,asia
1987,3823,62.82,173511154,Indonesia,asia
1988,3966,63.21,176855065,Indonesia,asia
1989,4242,63.66,180201630,Indonesia,asia
1990,4533,64.05,183501098,Indonesia,asia
1991,4762,64.5,186778238,Indonesia,asia
1992,4987,64.9,190043744,Indonesia,asia
1993,5224,65.3,193305168,Indonesia,asia
1994,5529,65.68,196591828,Indonesia,asia
1995,5892,66.04,199888057,Indonesia,asia
1996,6258,66.39,203204348,Indonesia,asia
1997,6458,66.65,206536095,Indonesia,asia
1998,5531,66.81,209826788,Indonesia,asia
1999,5498,66.99,213004668,Indonesia,asia
2000,5689,67.24,216077790,Indonesia,asia
2001,5816,67.45,219097902,Indonesia,asia
2002,5996,67.65,222088495,Indonesia,asia
2003,6199,67.84,225048008,Indonesia,asia
2004,6424,66.25,227926649,Indonesia,asia
2005,6699,68.26,230871650,Indonesia,asia
2006,6974,68.39,233951652,Indonesia,asia
2007,7319,68.67,237062337,Indonesia,asia
2008,7658,68.89,240157903,Indonesia,asia
2009,7906,69.09,243220028,Indonesia,asia
2010,8287,69.34,246305322,Indonesia,asia
2011,8680,69.6,249470032,Indonesia,asia
2012,9080,69.83,252698525,Indonesia,asia
2013,9457,70.03,255852467,Indonesia,asia
2014,9801,70.24,258877399,Indonesia,asia
2015,10150,70.44,261799249,Indonesia,asia
2016,10531,70.7,264627418,Indonesia,asia
2017,10936,70.89,267346658,Indonesia,asia
2018,11372,71.1,269951846,Indonesia,asia
2019,11812,71.39,272489381,Indonesia,asia
2020,11427,71.39,274814866,Indonesia,asia
1950,3187,39.43,16510553,Iran,asia
1951,3101,39.75,16921274,Iran,asia
1952,3019,40.16,17344433,Iran,asia
1953,2942,40.42,17778114,Iran,asia
1954,2864,40.74,18226199,Iran,asia
1955,2786,41.21,18700802,Iran,asia
1956,2954,41.56,19204386,Iran,asia
1957,3275,41.87,19726842,Iran,asia
1958,3554,42.93,20266511,Iran,asia
1959,3750,43.71,20846775,Iran,asia
1960,3995,44.48,21470434,Iran,asia
1961,4255,45.33,22125726,Iran,asia
1962,4258,45.35,22807907,Iran,asia
1963,4640,46.97,23519005,Iran,asia
1964,4880,47.82,24262859,Iran,asia
1965,5374,48.71,25036978,Iran,asia
1966,5797,49.58,25829270,Iran,asia
1967,6325,50.43,26628432,Iran,asia
1968,7142,51.05,27437391,Iran,asia
1969,7917,53.13,28273482,Iran,asia
1970,8592,54.51,29145100,Iran,asia
1971,9480,56.01,30029071,Iran,asia
1972,10818,57.08,30921179,Iran,asia
1973,11529,58.85,31839838,Iran,asia
1974,12311,60.22,32796463,Iran,asia
1975,12650,61.47,33802973,Iran,asia
1976,14521,62.6,34837271,Iran,asia
1977,14021,63.47,35933181,Iran,asia
1978,12076,62.57,37126535,Iran,asia
1979,10740,64.62,38424952,Iran,asia
1980,8939,64.7,39842324,Iran,asia
1981,8382,64.8,41989312,Iran,asia
1982,9386,64.43,44272141,Iran,asia
1983,10297,65.23,46029535,Iran,asia
1984,10156,66.19,47793998,Iran,asia
1985,10098,66.31,49582289,Iran,asia
1986,8892,65.2,51446045,Iran,asia
1987,8560,66.53,53323493,Iran,asia
1988,7930,66.75,55072694,Iran,asia
1989,8078,68.14,56704914,Iran,asia
1990,8631,66.68,58380092,Iran,asia
1991,9480,68.89,59986931,Iran,asia
1992,9569,69.3,61184983,Iran,asia
1993,9514,69.63,61403543,Iran,asia
1994,9240,70.01,61520598,Iran,asia
1995,9320,70.37,62205567,Iran,asia
1996,9670,70.71,62881300,Iran,asia
1997,9589,70.92,63639638,Iran,asia
1998,9669,71.34,64519859,Iran,asia
1999,9635,71.63,65445391,Iran,asia
2000,10067,71.94,66418659,Iran,asia
2001,10027,72.2,67452005,Iran,asia
2002,10624,72.51,68011317,Iran,asia
2003,11407,71.77,68769340,Iran,asia
2004,11764,73.17,70256316,Iran,asia
2005,11998,73.55,71828455,Iran,asia
2006,12457,73.95,73392747,Iran,asia
2007,13325,74.37,74602648,Iran,asia
2008,13213,74.76,75514204,Iran,asia
2009,13199,75.11,76457825,Iran,asia
2010,13806,75.45,77420842,Iran,asia
2011,14005,75.79,78383598,Iran,asia
2012,12807,76.05,79370580,Iran,asia
2013,12625,76.24,80414686,Iran,asia
2014,13039,76.48,81502045,Iran,asia
2015,12698,76.69,82619362,Iran,asia
2016,14205,77.09,83812228,Iran,asia
2017,14536,77.31,85026754,Iran,asia
2018,13472,77.56,86117998,Iran,asia
2019,12389,77.76,87051648,Iran,asia
2020,12476,76.17,87723443,Iran,asia
1950,2527,56.05,5653350,Iraq,asia
1951,2677,56.25,5774129,Iraq,asia
1952,2885,56.57,5913007,Iraq,asia
1953,3945,57.43,6064248,Iraq,asia
1954,4564,58.12,6219466,Iraq,asia
1955,4258,58.52,6366279,Iraq,asia
1956,4427,58.94,6507500,Iraq,asia
1957,4262,59.29,6633376,Iraq,asia
1958,4620,59.49,6741677,Iraq,asia
1959,4675,59.35,6870380,Iraq,asia
1960,5068,60.49,7022052,Iraq,asia
1961,5487,59.06,7194553,Iraq,asia
1962,5590,59.54,7413875,Iraq,asia
1963,5322,59.71,7667928,Iraq,asia
1964,5772,60.99,7929566,Iraq,asia
1965,6092,61.13,8202140,Iraq,asia
1966,6205,61.52,8485104,Iraq,asia
1967,5862,61.87,8778869,Iraq,asia
1968,6678,62.33,9085016,Iraq,asia
1969,6678,62.5,9403356,Iraq,asia
1970,6435,62.78,9735611,Iraq,asia
1971,6610,63.98,10077809,Iraq,asia
1972,6157,64.51,10430164,Iraq,asia
1973,6954,64.72,10795869,Iraq,asia
1974,7087,63.35,11167761,Iraq,asia
1975,7995,64.23,11543639,Iraq,asia
1976,9308,66.58,11927651,Iraq,asia
1977,9250,66.78,12331046,Iraq,asia
1978,10549,67.08,12753355,Iraq,asia
1979,12518,67.63,13170365,Iraq,asia
1980,11816,64.51,13591992,Iraq,asia
1981,9340,63.57,14006381,Iraq,asia
1982,8956,58.05,14406083,Iraq,asia
1983,7910,59.98,14840555,Iraq,asia
1984,7664,63.43,15310733,Iraq,asia
1985,7286,62.73,15683430,Iraq,asia
1986,6965,56.58,16074145,Iraq,asia
1987,7035,61.9,16521049,Iraq,asia
1988,5388,61.99,16908819,Iraq,asia
1989,4764,66.78,17364542,Iraq,asia
1990,4554,67.0,17581206,Iraq,asia
1991,1765,67.03,17767253,Iraq,asia
1992,2379,67.0,18300845,Iraq,asia
1993,2479,67.07,19201195,Iraq,asia
1994,2451,67.12,20139807,Iraq,asia
1995,2321,67.16,20825860,Iraq,asia
1996,2717,67.35,21501321,Iraq,asia
1997,2718,67.5,22176593,Iraq,asia
1998,3249,67.87,22884399,Iraq,asia
1999,3670,68.27,23636527,Iraq,asia
2000,4242,68.64,24424056,Iraq,asia
2001,4821,69.05,25197840,Iraq,asia
2002,5384,69.35,26006559,Iraq,asia
2003,4397,68.14,26802659,Iraq,asia
2004,7046,68.35,27577878,Iraq,asia
2005,7488,67.68,28407448,Iraq,asia
2006,8076,66.59,28616515,Iraq,asia
2007,8070,67.2,28391607,Iraq,asia
2008,8189,69.33,28971036,Iraq,asia
2009,8294,70.13,30058206,Iraq,asia
2010,8597,70.63,31045366,Iraq,asia
2011,8950,71.02,32161424,Iraq,asia
2012,9825,71.31,33654842,Iraq,asia
2013,10170,70.9,35281989,Iraq,asia
2014,9819,69.92,36550059,Iraq,asia
2015,9947,70.74,37560535,Iraq,asia
2016,10997,70.92,38469627,Iraq,asia
2017,10526,71.45,39337353,Iraq,asia
2018,10556,73.25,40265624,Iraq,asia
2019,10936,73.27,41192171,Iraq,asia
2020,8985,72.09,42116605,Iraq,asia
1950,6398,65.96,2912654,Ireland,europe
1951,6567,65.8,2936864,Ireland,europe
1952,6748,67.29,2941463,Ireland,europe
1953,6943,68.08,2929081,Ireland,europe
1954,7030,68.3,2915173,Ireland,europe
1955,7263,68.52,2899538,Ireland,europe
1956,7221,69.1,2883755,Ireland,europe
1957,7253,69.36,2869099,Ireland,europe
1958,7171,69.57,2853999,Ireland,europe
1959,7483,69.78,2839218,Ireland,europe
1960,7934,70.12,2827689,Ireland,europe
1961,8411,70.05,2824693,Ireland,europe
1962,8709,70.22,2831495,Ireland,europe
1963,9119,70.48,2843034,Ireland,europe
1964,9494,70.61,2857166,Ireland,europe
1965,9682,70.75,2873153,Ireland,europe
1966,9803,70.68,2888887,Ireland,europe
1967,10396,71.1,2905420,Ireland,europe
1968,11282,71.17,2922794,Ireland,europe
1969,11984,71.11,2940753,Ireland,europe
1970,12280,71.23,2961403,Ireland,europe
1971,12668,71.55,2993120,Ireland,europe
1972,13370,71.4,3037153,Ireland,europe
1973,13867,71.36,3084434,Ireland,europe
1974,14311,71.41,3132177,Ireland,europe
1975,14961,71.74,3180119,Ireland,europe
1976,15025,71.99,3228401,Ireland,europe
1977,16140,72.15,3277756,Ireland,europe
1978,17187,72.18,3329183,Ireland,europe
1979,17536,72.36,3375801,Ireland,europe
1980,18012,72.69,3415240,Ireland,europe
1981,18493,73.04,3448827,Ireland,europe
1982,18830,73.27,3475536,Ireland,europe
1983,18768,73.37,3497608,Ireland,europe
1984,19562,73.67,3515954,Ireland,europe
1985,20222,73.8,3531271,Ireland,europe
1986,20251,73.94,3541867,Ireland,europe
1987,21321,74.34,3540381,Ireland,europe
1988,22632,74.53,3525095,Ireland,europe
1989,24200,74.73,3511070,Ireland,europe
1990,26437,74.98,3514018,Ireland,europe
1991,26793,75.22,3534260,Ireland,europe
1992,27500,75.44,3558421,Ireland,europe
1993,28100,75.53,3576122,Ireland,europe
1994,29601,75.78,3590157,Ireland,europe
1995,32286,75.74,3610697,Ireland,europe
1996,34394,75.98,3638509,Ireland,europe
1997,37801,76.13,3672293,Ireland,europe
1998,40685,76.31,3711073,Ireland,europe
1999,44462,76.41,3752938,Ireland,europe
2000,47997,76.77,3802585,Ireland,europe
2001,49745,77.32,3862981,Ireland,europe
2002,51797,77.79,3928443,Ireland,europe
2003,52494,78.27,3992935,Ireland,europe
2004,55041,78.66,4066064,Ireland,europe
2005,56944,79.1,4155284,Ireland,europe
2006,58190,79.38,4268778,Ireland,europe
2007,59531,79.73,4393513,Ireland,europe
2008,55713,79.97,4485999,Ireland,europe
2009,52337,80.19,4533752,Ireland,europe
2010,52966,80.78,4559080,Ireland,europe
2011,53299,80.81,4579602,Ireland,europe
2012,53046,81.02,4600132,Ireland,europe
2013,53436,81.24,4624686,Ireland,europe
2014,57669,81.5,4658239,Ireland,europe
2015,71509,81.65,4702487,Ireland,europe
2016,72150,81.87,4753503,Ireland,europe
2017,77749,81.94,4810261,Ireland,europe
2018,83726,81.97,4872556,Ireland,europe
2019,86650,82.02,4933491,Ireland,europe
2020,90937,81.06,4982606,Ireland,europe
1950,4983,73.01,1289236,Israel,asia
1951,5853,72.05,1351803,Israel,asia
1952,5612,71.77,1414216,Israel,asia
1953,5391,71.47,1476325,Israel,asia
1954,6252,69.79,1538035,Israel,asia
1955,6857,70.25,1599497,Israel,asia
1956,7153,69.89,1660632,Israel,asia
1957,7397,70.27,1720531,Israel,asia
1958,7614,71.15,1779006,Israel,asia
1959,8341,71.56,1836340,Israel,asia
1960,8640,71.82,1891935,Israel,asia
1961,9250,71.94,1956884,Israel,asia
1962,9744,71.71,2040961,Israel,asia
1963,10338,71.79,2135041,Israel,asia
1964,10926,71.67,2231855,Israel,asia
1965,11573,71.68,2331451,Israel,asia
1966,11414,71.84,2433835,Israel,asia
1967,11463,70.24,2538657,Israel,asia
1968,12946,71.67,2645470,Israel,asia
1969,14204,71.51,2754157,Israel,asia
1970,14888,71.7,2864778,Israel,asia
1971,15995,72.19,2977300,Israel,asia
1972,17390,72.16,3079401,Israel,asia
1973,17681,70.51,3163044,Israel,asia
1974,18363,72.12,3239981,Israel,asia
1975,18573,72.4,3318089,Israel,asia
1976,18417,72.95,3398267,Israel,asia
1977,18021,73.26,3479618,Israel,asia
1978,18485,73.46,3560396,Israel,asia
1979,19181,73.78,3640874,Israel,asia
1980,20019,74.16,3721665,Israel,asia
1981,20682,74.43,3802238,Israel,asia
1982,20725,74.66,3883632,Israel,asia
1983,21064,74.84,3959630,Israel,asia
1984,20861,75.21,4033735,Israel,asia
1985,21185,75.58,4105359,Israel,asia
1986,21799,75.72,4168971,Israel,asia
1987,22958,76.08,4236869,Israel,asia
1988,23007,76.54,4307320,Israel,asia
1989,22801,77.0,4381510,Israel,asia
1990,23619,77.31,4544999,Israel,asia
1991,23958,77.23,4779890,Israel,asia
1992,24940,77.14,4957238,Israel,asia
1993,25285,77.5,5086045,Israel,asia
1994,26469,77.66,5216699,Israel,asia
1995,26233,77.8,5354739,Israel,asia
1996,27096,77.96,5499551,Israel,asia
1997,27465,78.2,5646473,Israel,asia
1998,27971,78.4,5790140,Israel,asia
1999,28241,78.68,5946081,Israel,asia
2000,29950,78.87,6111190,Israel,asia
2001,29283,79.01,6259982,Israel,asia
2002,28642,78.87,6387720,Israel,asia
2003,28453,79.46,6502820,Israel,asia
2004,29329,79.87,6615087,Israel,asia
2005,30015,80.27,6728206,Israel,asia
2006,31192,80.41,6844032,Israel,asia
2007,32513,80.78,6962455,Israel,asia
2008,33045,80.99,7082620,Israel,asia
2009,32633,81.39,7206096,Israel,asia
2010,33864,81.93,7336735,Israel,asia
2011,35087,82.04,7471023,Israel,asia
2012,35417,82.27,7607780,Israel,asia
2013,36423,82.5,7749379,Israel,asia
2014,37205,81.99,7897179,Israel,asia
2015,37306,82.74,8052908,Israel,asia
2016,38214,82.95,8210005,Israel,asia
2017,39121,83.02,8361797,Israel,asia
2018,39903,82.95,8510067,Israel,asia
2019,40626,83.0,8657474,Israel,asia
2020,39047,81.95,8800376,Israel,asia
1950,6489,65.9,46391673,Italy,europe
1951,6926,65.67,46751899,Italy,europe
1952,7406,66.23,47018179,Italy,europe
1953,7893,67.09,47410885,Italy,europe
1954,8244,68.06,47832235,Italy,europe
1955,8664,68.43,48130818,Italy,europe
1956,9003,68.25,48401952,Italy,europe
1957,9483,68.36,48657034,Italy,europe
1958,9932,69.21,48927099,Italy,europe
1959,10475,69.69,49219446,Italy,europe
1960,10962,69.86,49514555,Italy,europe
1961,11891,70.17,49815249,Italy,europe
1962,12827,69.9,50170590,Italy,europe
1963,13740,69.98,50570976,Italy,europe
1964,14262,70.7,51019579,Italy,europe
1965,14572,70.87,51480728,Italy,europe
1966,15335,71.26,51919067,Italy,europe
1967,16434,71.34,52338334,Italy,europe
1968,17817,71.22,52712156,Italy,europe
1969,18844,71.3,53060137,Italy,europe
1970,19271,71.81,53390236,Italy,europe
1971,19637,72.1,53707795,Italy,europe
1972,20208,72.26,54067563,Italy,europe
1973,21500,72.37,54450567,Italy,europe
1974,22476,72.76,54821113,Italy,europe
1975,21998,72.86,55166045,Italy,europe
1976,23462,73.1,55459416,Italy,europe
1977,24198,73.48,55714555,Italy,europe
1978,25175,73.8,55938965,Italy,europe
1979,26709,74.09,56132380,Italy,europe
1980,27781,74.2,56412084,Italy,europe
1981,28061,74.61,56646750,Italy,europe
1982,28342,74.95,56719175,Italy,europe
1983,28814,75.03,56766111,Italy,europe
1984,29698,75.51,56810353,Italy,europe
1985,30698,75.79,56855501,Italy,europe
1986,31756,76.14,56875988,Italy,europe
1987,32937,76.48,56891926,Italy,europe
1988,34410,76.74,56928751,Italy,europe
1989,35606,77.01,56976755,Italy,europe
1990,36586,77.16,57031454,Italy,europe
1991,37123,77.25,57075393,Italy,europe
1992,37407,77.52,57124990,Italy,europe
1993,37065,77.77,57170764,Italy,europe
1994,37855,77.96,57420138,Italy,europe
1995,38947,78.22,57403344,Italy,europe
1996,39429,78.5,57162092,Italy,europe
1997,40130,78.8,57189274,Italy,europe
1998,40845,78.96,57215194,Italy,europe
1999,41502,79.28,57240798,Italy,europe
2000,43054,79.64,57272196,Italy,europe
2001,43869,79.94,57305760,Italy,europe
2002,43915,80.15,57420628,Italy,europe
2003,43781,80.27,57739699,Italy,europe
2004,44118,80.75,58176738,Italy,europe
2005,44261,80.99,58519693,Italy,europe
2006,44918,81.28,58754433,Italy,europe
2007,45357,81.46,59108720,Italy,europe
2008,44624,81.63,59561684,Italy,europe
2009,42075,81.79,59904010,Italy,europe
2010,42664,82.08,60164213,Italy,europe
2011,42892,82.23,60367880,Italy,europe
2012,41502,82.36,60531515,Italy,europe
2013,40268,82.61,60653868,Italy,europe
2014,39899,82.82,60664171,Italy,europe
2015,40248,82.74,60575316,Italy,europe
2016,40838,83.02,60478107,Italy,europe
2017,41581,83.1,60390318,Italy,europe
2018,42046,83.07,60277499,Italy,europe
2019,42708,83.1,60130136,Italy,europe
2020,38967,81.9,59912769,Italy,europe
1950,2459,57.54,1407206,Jamaica,americas
1951,2617,57.9,1447469,Jamaica,americas
1952,2786,59.23,1481343,Jamaica,americas
1953,3133,60.47,1509736,Jamaica,americas
1954,3443,61.27,1533447,Jamaica,americas
1955,3743,62.15,1553711,Jamaica,americas
1956,4058,63.05,1571973,Jamaica,americas
1957,4573,63.88,1589677,Jamaica,americas
1958,4554,64.43,1608264,Jamaica,americas
1959,4708,64.6,1628235,Jamaica,americas
1960,4917,65.14,1650005,Jamaica,americas
1961,5044,65.39,1673261,Jamaica,americas
1962,5119,64.81,1696932,Jamaica,americas
1963,5224,66.11,1721099,Jamaica,americas
1964,5542,66.6,1745568,Jamaica,americas
1965,5902,66.84,1769192,Jamaica,americas
1966,6059,67.35,1791475,Jamaica,americas
1967,6198,67.82,1812865,Jamaica,americas
1968,6450,67.72,1833765,Jamaica,americas
1969,6883,68.36,1855127,Jamaica,americas
1970,7666,68.87,1878196,Jamaica,americas
1971,7628,68.81,1903728,Jamaica,americas
1972,7792,69.55,1931542,Jamaica,americas
1973,8398,70.06,1961219,Jamaica,americas
1974,8000,70.72,1990906,Jamaica,americas
1975,7925,71.03,2018981,Jamaica,americas
1976,7396,71.09,2045578,Jamaica,americas
1977,7209,70.86,2070657,Jamaica,americas
1978,7232,72.01,2094836,Jamaica,americas
1979,7062,72.8,2119486,Jamaica,americas
1980,6650,73.82,2145658,Jamaica,americas
1981,6781,73.51,2173818,Jamaica,americas
1982,6796,73.97,2203889,Jamaica,americas
1983,6973,73.03,2234832,Jamaica,americas
1984,6938,72.66,2264562,Jamaica,americas
1985,6644,73.07,2290656,Jamaica,americas
1986,6783,73.78,2312125,Jamaica,americas
1987,7343,73.36,2329813,Jamaica,americas
1988,7590,74.5,2345777,Jamaica,americas
1989,8134,74.81,2361916,Jamaica,americas
1990,8592,75.32,2379877,Jamaica,americas
1991,8936,76.24,2400869,Jamaica,americas
1992,9031,75.91,2424701,Jamaica,americas
1993,9788,75.52,2449916,Jamaica,americas
1994,9826,75.33,2475220,Jamaica,americas
1995,9959,75.28,2500151,Jamaica,americas
1996,9851,75.23,2524463,Jamaica,americas
1997,9643,74.97,2547848,Jamaica,americas
1998,9328,74.87,2569736,Jamaica,americas
1999,9341,74.48,2589795,Jamaica,americas
2000,9345,74.64,2607826,Jamaica,americas
2001,9399,74.7,2624403,Jamaica,americas
2002,9523,75.52,2640572,Jamaica,americas
2003,9811,76.27,2656623,Jamaica,americas
2004,9884,76.75,2672225,Jamaica,americas
2005,9918,77.42,2687066,Jamaica,americas
2006,10152,77.52,2700968,Jamaica,americas
2007,10246,76.31,2713800,Jamaica,americas
2008,10113,75.24,2725635,Jamaica,americas
2009,9625,74.63,2736995,Jamaica,americas
2010,9436,76.34,2748568,Jamaica,americas
2011,9546,75.77,2760494,Jamaica,americas
2012,9434,77.0,2772430,Jamaica,americas
2013,9428,77.12,2783687,Jamaica,americas
2014,9438,76.25,2793749,Jamaica,americas
2015,9473,76.14,2802534,Jamaica,americas
2016,9553,76.23,2809915,Jamaica,americas
2017,9600,76.3,2815764,Jamaica,americas
2018,9735,76.34,2820097,Jamaica,americas
2019,9777,76.25,2823271,Jamaica,americas
2020,8785,76.17,2830739,Jamaica,americas
1950,3559,59.75,86443277,Japan,asia
1951,3940,61.46,87849926,Japan,asia
1952,4329,63.4,89135132,Japan,asia
1953,4585,63.95,90324184,Japan,asia
1954,4785,64.95,91407673,Japan,asia
1955,5135,66.12,92425478,Japan,asia
1956,5462,66.06,93342008,Japan,asia
1957,5811,66.18,94108977,Japan,asia
1958,6095,67.4,94846957,Japan,asia
1959,6585,67.8,95622978,Japan,asia
1960,7386,68.31,96399754,Japan,asia
1961,8186,68.79,97217594,Japan,asia
1962,8819,69.29,98076405,Japan,asia
1963,9453,70.13,98958231,Japan,asia
1964,10428,70.65,99890178,Japan,asia
1965,10897,70.86,100916019,Japan,asia
1966,11925,71.48,101887835,Japan,asia
1967,13086,71.9,102965527,Japan,asia
1968,14580,72.18,104237471,Japan,asia
1969,16178,72.38,105475170,Japan,asia
1970,17677,72.65,106712368,Japan,asia
1971,18238,73.31,107952030,Japan,asia
1972,19463,73.72,109238955,Japan,asia
1973,20694,73.92,110614736,Japan,asia
1974,20134,74.3,112009694,Japan,asia
1975,20455,74.77,113321196,Japan,asia
1976,21003,75.23,114502795,Japan,asia
1977,21674,75.75,115574277,Japan,asia
1978,22568,76.13,116576944,Japan,asia
1979,23562,76.36,117521556,Japan,asia
1980,23991,76.57,118358756,Japan,asia
1981,24528,76.94,118994053,Japan,asia
1982,25059,77.34,119485775,Japan,asia
1983,25419,77.5,119948947,Japan,asia
1984,26198,77.82,120384394,Japan,asia
1985,27136,78.16,120832163,Japan,asia
1986,27701,78.53,121366735,Japan,asia
1987,28658,78.89,121943587,Japan,asia
1988,30248,79.0,122476952,Japan,asia
1989,31523,79.25,122947413,Japan,asia
1990,32946,79.41,123399765,Japan,asia
1991,33938,79.59,123889871,Japan,asia
1992,34099,79.72,124383708,Japan,asia
1993,33813,79.89,124839958,Japan,asia
1994,34054,80.19,125286860,Japan,asia
1995,34868,80.24,125672665,Japan,asia
1996,35879,80.71,125975302,Japan,asia
1997,36145,80.99,126265929,Japan,asia
1998,35589,81.03,126549181,Japan,asia
1999,35405,81.15,126801564,Japan,asia
2000,36323,81.57,127027789,Japan,asia
2001,36376,81.9,127260148,Japan,asia
2002,36306,82.18,127484598,Japan,asia
2003,36785,82.3,127671251,Japan,asia
2004,37576,82.46,127815774,Japan,asia
2005,38251,82.5,127913330,Japan,asia
2006,38751,82.75,127997247,Japan,asia
2007,39281,82.93,128087682,Japan,asia
2008,38781,83.09,128155990,Japan,asia
2009,36578,83.27,128192470,Japan,asia
2010,38070,83.34,128185275,Japan,asia
2011,38150,83.21,128096432,Japan,asia
2012,38736,83.63,127928285,Japan,asia
2013,39570,83.86,127723645,Japan,asia
2014,39740,84.1,127486605,Japan,asia
2015,40403,84.35,127275872,Japan,asia
2016,40754,84.5,127159951,Japan,asia
2017,41505,84.74,127064690,Japan,asia
2018,41822,84.78,126913432,Japan,asia
2019,42022,84.8,126699424,Japan,asia
2020,40251,84.74,126304543,Japan,asia
1950,3082,56.87,438802,Jordan,asia
1951,3141,56.97,471151,Jordan,asia
1952,3198,57.13,506445,Jordan,asia
1953,3256,57.34,544098,Jordan,asia
1954,3311,57.48,583846,Jordan,asia
1955,3011,57.53,625567,Jordan,asia
1956,3964,57.85,669101,Jordan,asia
1957,3899,58.13,714355,Jordan,asia
1958,4114,58.48,760822,Jordan,asia
1959,4237,58.87,807609,Jordan,asia
1960,4317,59.4,853471,Jordan,asia
1961,4996,59.64,897591,Jordan,asia
1962,4896,59.97,940554,Jordan,asia
1963,4971,60.07,984714,Jordan,asia
1964,5618,60.89,1035640,Jordan,asia
1965,6024,61.36,1099440,Jordan,asia
1966,5961,61.37,1178360,Jordan,asia
1967,5837,61.65,1271183,Jordan,asia
1968,5123,62.94,1372460,Jordan,asia
1969,5335,63.52,1473100,Jordan,asia
1970,4627,63.02,1565163,Jordan,asia
1971,4589,64.38,1645145,Jordan,asia
1972,4587,64.82,1714555,Jordan,asia
1973,4669,65.15,1778094,Jordan,asia
1974,4921,65.32,1839182,Jordan,asia
1975,5092,65.43,1899055,Jordan,asia
1976,6128,65.69,1958177,Jordan,asia
1977,6323,66.25,2019002,Jordan,asia
1978,7417,66.46,2083595,Jordan,asia
1979,7850,66.74,2153882,Jordan,asia
1980,9009,67.12,2234186,Jordan,asia
1981,9088,67.46,2325517,Jordan,asia
1982,9410,67.58,2426927,Jordan,asia
1983,9269,68.09,2537307,Jordan,asia
1984,9737,68.72,2654688,Jordan,asia
1985,9748,69.13,2778810,Jordan,asia
1986,10295,69.05,2909887,Jordan,asia
1987,10254,69.64,3047634,Jordan,asia
1988,9851,70.28,3193039,Jordan,asia
1989,8542,70.74,3349627,Jordan,asia
1990,7924,71.23,3621908,Jordan,asia
1991,7635,71.44,3915149,Jordan,asia
1992,8254,71.76,4127693,Jordan,asia
1993,8165,71.63,4348020,Jordan,asia
1994,8165,71.74,4561406,Jordan,asia
1995,8334,71.78,4752096,Jordan,asia
1996,8249,71.81,4912516,Jordan,asia
1997,8318,72.05,5046285,Jordan,asia
1998,8404,72.28,5164284,Jordan,asia
1999,8537,72.53,5276444,Jordan,asia
2000,8742,72.89,5386945,Jordan,asia
2001,9035,73.03,5498894,Jordan,asia
2002,9378,73.33,5616066,Jordan,asia
2003,9558,73.85,5741828,Jordan,asia
2004,10105,74.03,5882061,Jordan,asia
2005,10577,74.1,6029587,Jordan,asia
2006,11002,74.5,6427371,Jordan,asia
2007,11400,75.46,6827227,Jordan,asia
2008,11663,76.23,6989866,Jordan,asia
2009,11650,76.69,7141753,Jordan,asia
2010,11316,76.92,7297043,Jordan,asia
2011,11016,77.16,7480424,Jordan,asia
2012,10688,77.49,7587127,Jordan,asia
2013,10415,77.9,7991809,Jordan,asia
2014,10285,78.07,8791710,Jordan,asia
2015,10146,78.15,9544729,Jordan,asia
2016,10037,78.11,10006367,Jordan,asia
2017,10004,78.18,10234226,Jordan,asia
2018,10013,77.94,10462306,Jordan,asia
2019,10071,78.23,10671891,Jordan,asia
2020,9817,76.93,10865228,Jordan,asia
1950,6847,57.39,6787149,Kazakhstan,asia
1951,6767,57.64,7020908,Kazakhstan,asia
1952,7089,58.04,7258809,Kazakhstan,asia
1953,7279,58.43,7498490,Kazakhstan,asia
1954,7512,58.86,7742030,Kazakhstan,asia
1955,8020,59.29,7993631,Kazakhstan,asia
1956,8641,59.79,8256701,Kazakhstan,asia
1957,8672,60.23,8533900,Kazakhstan,asia
1958,9169,60.69,8822641,Kazakhstan,asia
1959,8914,60.99,9122175,Kazakhstan,asia
1960,9594,61.38,9429981,Kazakhstan,asia
1961,9959,61.79,9742085,Kazakhstan,asia
1962,10057,62.21,10058928,Kazakhstan,asia
1963,9675,62.5,10377466,Kazakhstan,asia
1964,10725,62.88,10690309,Kazakhstan,asia
1965,11142,63.36,10993183,Kazakhstan,asia
1966,11494,63.71,11288989,Kazakhstan,asia
1967,11816,64.04,11584428,Kazakhstan,asia
1968,12322,64.36,11879182,Kazakhstan,asia
1969,12313,64.47,12156212,Kazakhstan,asia
1970,13069,64.82,12419057,Kazakhstan,asia
1971,13215,65.12,12684813,Kazakhstan,asia
1972,13088,65.24,12951798,Kazakhstan,asia
1973,13976,65.36,13208121,Kazakhstan,asia
1974,13922,65.51,13454570,Kazakhstan,asia
1975,13869,65.7,13700843,Kazakhstan,asia
1976,13815,65.85,13998738,Kazakhstan,asia
1977,13762,66.08,14353265,Kazakhstan,asia
1978,13708,65.94,14711497,Kazakhstan,asia
1979,13655,66.55,14978696,Kazakhstan,asia
1980,13603,66.89,15152949,Kazakhstan,asia
1981,13254,67.02,15323082,Kazakhstan,asia
1982,12921,67.46,15492595,Kazakhstan,asia
1983,13381,67.4,15665551,Kazakhstan,asia
1984,13163,67.31,15844621,Kazakhstan,asia
1985,13142,67.65,16031090,Kazakhstan,asia
1986,13167,68.92,16262702,Kazakhstan,asia
1987,12943,68.8,16527715,Kazakhstan,asia
1988,13916,68.63,16781168,Kazakhstan,asia
1989,13788,68.25,16997013,Kazakhstan,asia
1990,13476,68.09,17154054,Kazakhstan,asia
1991,11918,67.58,17278600,Kazakhstan,asia
1992,11295,66.74,17332625,Kazakhstan,asia
1993,10292,65.67,17274487,Kazakhstan,asia
1994,9126,64.85,17043771,Kazakhstan,asia
1995,8552,64.03,16730536,Kazakhstan,asia
1996,8727,63.87,16416027,Kazakhstan,asia
1997,9016,64.1,16043251,Kazakhstan,asia
1998,8999,64.52,15647785,Kazakhstan,asia
1999,9331,64.85,15455874,Kazakhstan,asia
2000,10276,64.7,15501103,Kazakhstan,asia
2001,11683,64.7,15575550,Kazakhstan,asia
2002,12827,64.71,15656677,Kazakhstan,asia
2003,13973,64.58,15747380,Kazakhstan,asia
2004,15208,64.59,15850159,Kazakhstan,asia
2005,16536,64.59,15968117,Kazakhstan,asia
2006,18113,64.81,16103716,Kazakhstan,asia
2007,19500,65.33,16257214,Kazakhstan,asia
2008,19770,66.33,16426525,Kazakhstan,asia
2009,19615,67.27,16619846,Kazakhstan,asia
2010,20751,67.62,16836810,Kazakhstan,asia
2011,21970,68.12,17066002,Kazakhstan,asia
2012,22703,68.62,17306106,Kazakhstan,asia
2013,23721,69.42,17556502,Kazakhstan,asia
2014,24356,70.12,17816285,Kazakhstan,asia
2015,24290,70.64,18084169,Kazakhstan,asia
2016,24211,71.09,18363600,Kazakhstan,asia
2017,24863,71.54,18651931,Kazakhstan,asia
2018,25544,71.7,18932727,Kazakhstan,asia
2019,26352,71.94,19209555,Kazakhstan,asia
2020,25333,71.17,19482117,Kazakhstan,asia
1950,1694,48.76,5769185,Kenya,africa
1951,2008,49.57,5893575,Kenya,africa
1952,1738,49.11,6033294,Kenya,africa
1953,1647,49.59,6183891,Kenya,africa
1954,1789,50.28,6348141,Kenya,africa
1955,1869,50.93,6529297,Kenya,africa
1956,1917,51.53,6727690,Kenya,africa
1957,1922,52.79,6944868,Kenya,africa
1958,1886,53.34,7174789,Kenya,africa
1959,1876,53.81,7422745,Kenya,africa
1960,1889,54.29,7695307,Kenya,africa
1961,1766,54.71,7987770,Kenya,africa
1962,1785,55.15,8299308,Kenya,africa
1963,1799,55.58,8627971,Kenya,africa
1964,1897,55.98,8973535,Kenya,africa
1965,1845,56.31,9338078,Kenya,africa
1966,2006,56.69,9717816,Kenya,africa
1967,2033,57.03,10111057,Kenya,africa
1968,2105,57.4,10518823,Kenya,africa
1969,2160,57.79,10939695,Kenya,africa
1970,2244,58.15,11368791,Kenya,africa
1971,2312,58.53,11788904,Kenya,africa
1972,2356,58.96,12206060,Kenya,africa
1973,2401,59.39,12634835,Kenya,africa
1974,2443,59.83,13070078,Kenya,africa
1975,2363,60.24,13511671,Kenya,africa
1976,2386,60.63,13957623,Kenya,africa
1977,2532,61.02,14428819,Kenya,africa
1978,2683,61.46,14934126,Kenya,africa
1979,2708,61.85,15460666,Kenya,africa
1980,2785,62.21,16018459,Kenya,africa
1981,2779,62.52,16601507,Kenya,africa
1982,2879,62.77,17206175,Kenya,africa
1983,2835,63.07,17846374,Kenya,africa
1984,2827,63.26,18514906,Kenya,africa
1985,2898,63.39,19201768,Kenya,africa
1986,3054,63.47,19901646,Kenya,africa
1987,3191,63.39,20616096,Kenya,africa
1988,3341,63.26,21356219,Kenya,africa
1989,3454,62.77,22118434,Kenya,africa
1990,3569,62.12,22892651,Kenya,africa
1991,3503,61.2,23646514,Kenya,africa
1992,3365,60.08,24382460,Kenya,africa
1993,3272,58.97,25117188,Kenya,africa
1994,3257,57.87,25857130,Kenya,africa
1995,3300,57.04,26601751,Kenya,africa
1996,3338,56.27,27344211,Kenya,africa
1997,3260,55.54,28101768,Kenya,africa
1998,3274,55.07,28888057,Kenya,africa
1999,3258,54.88,29733408,Kenya,africa
2000,3189,54.83,30642890,Kenya,africa
2001,3220,54.93,31619170,Kenya,africa
2002,3151,55.05,32629808,Kenya,africa
2003,3157,55.24,33652223,Kenya,africa
2004,3229,55.74,34713455,Kenya,africa
2005,3328,56.51,35796484,Kenya,africa
2006,3447,57.47,36904008,Kenya,africa
2007,3582,58.52,38036349,Kenya,africa
2008,3492,59.38,39206351,Kenya,africa
2009,3510,60.34,40408891,Kenya,africa
2010,3691,61.18,41598567,Kenya,africa
2011,3777,61.95,42758461,Kenya,africa
2012,3846,62.63,43888303,Kenya,africa
2013,3889,63.18,44986791,Kenya,africa
2014,3981,63.75,46051440,Kenya,africa
2015,4076,64.42,47088526,Kenya,africa
2016,4146,65.12,48139687,Kenya,africa
2017,4204,65.69,49197766,Kenya,africa
2018,4339,66.14,50207107,Kenya,africa
2019,4453,66.51,51202827,Kenya,africa
2020,4339,66.44,52217334,Kenya,africa
1950,2303,44.68,37846,Kiribati,asia
1951,2380,45.02,38622,Kiribati,asia
1952,2460,45.38,39426,Kiribati,asia
1953,2543,45.69,40264,Kiribati,asia
1954,2628,46.01,41132,Kiribati,asia
1955,2716,46.33,42041,Kiribati,asia
1956,2806,46.71,42991,Kiribati,asia
1957,2901,47.08,43974,Kiribati,asia
1958,2998,47.46,44986,Kiribati,asia
1959,3098,47.91,46044,Kiribati,asia
1960,3201,48.22,47157,Kiribati,asia
1961,3305,48.59,48323,Kiribati,asia
1962,3410,48.94,49538,Kiribati,asia
1963,3519,49.32,50791,Kiribati,asia
1964,3632,49.69,52088,Kiribati,asia
1965,3749,50.02,53439,Kiribati,asia
1966,3869,50.4,54425,Kiribati,asia
1967,3991,50.76,54996,Kiribati,asia
1968,4118,51.08,55529,Kiribati,asia
1969,4249,51.43,56360,Kiribati,asia
1970,4385,51.72,57510,Kiribati,asia
1971,4203,51.97,58652,Kiribati,asia
1972,4633,52.19,59778,Kiribati,asia
1973,5515,52.72,60824,Kiribati,asia
1974,7888,53.45,61219,Kiribati,asia
1975,8166,54.04,60987,Kiribati,asia
1976,5867,54.31,60661,Kiribati,asia
1977,5482,54.05,60267,Kiribati,asia
1978,5420,54.71,59864,Kiribati,asia
1979,4687,54.83,60172,Kiribati,asia
1980,2544,54.77,61148,Kiribati,asia
1981,2400,54.66,62121,Kiribati,asia
1982,2583,54.58,63134,Kiribati,asia
1983,2275,54.48,64169,Kiribati,asia
1984,2390,54.43,65228,Kiribati,asia
1985,2223,54.37,66496,Kiribati,asia
1986,2197,54.37,68059,Kiribati,asia
1987,2073,54.35,69733,Kiribati,asia
1988,2386,54.42,71427,Kiribati,asia
1989,2132,54.48,73147,Kiribati,asia
1990,2134,54.57,74855,Kiribati,asia
1991,2097,54.61,76367,Kiribati,asia
1992,2085,54.72,77641,Kiribati,asia
1993,2076,54.85,78841,Kiribati,asia
1994,2086,55.12,80021,Kiribati,asia
1995,2058,55.32,81234,Kiribati,asia
1996,2061,55.64,82623,Kiribati,asia
1997,2062,55.81,84147,Kiribati,asia
1998,2160,56.03,85657,Kiribati,asia
1999,2091,56.2,87126,Kiribati,asia
2000,2184,56.43,88613,Kiribati,asia
2001,2116,56.69,90335,Kiribati,asia
2002,2159,56.95,92264,Kiribati,asia
2003,2164,57.21,94175,Kiribati,asia
2004,2090,57.45,96085,Kiribati,asia
2005,2150,57.72,98035,Kiribati,asia
2006,2103,57.95,100017,Kiribati,asia
2007,2097,58.2,102068,Kiribati,asia
2008,2007,58.41,104222,Kiribati,asia
2009,1980,58.62,106467,Kiribati,asia
2010,1923,58.84,108704,Kiribati,asia
2011,1920,59.05,110647,Kiribati,asia
2012,1980,59.26,112284,Kiribati,asia
2013,2034,59.49,113838,Kiribati,asia
2014,1992,59.69,115326,Kiribati,asia
2015,2169,59.91,116815,Kiribati,asia
2016,2248,60.12,118478,Kiribati,asia
2017,2236,60.34,120275,Kiribati,asia
2018,2286,59.26,122084,Kiribati,asia
2019,2340,60.75,123921,Kiribati,asia
2020,2292,60.84,126099,Kiribati,asia
1950,9308,65.35,153958,Kuwait,asia
1951,12179,65.38,158450,Kuwait,asia
1952,15931,65.52,163157,Kuwait,asia
1953,20839,65.71,168089,Kuwait,asia
1954,23446,65.93,173244,Kuwait,asia
1955,26379,66.12,186114,Kuwait,asia
1956,29674,65.56,207215,Kuwait,asia
1957,33374,67.27,227042,Kuwait,asia
1958,37533,68.07,250203,Kuwait,asia
1959,42202,68.99,279525,Kuwait,asia
1960,47447,69.24,311060,Kuwait,asia
1961,53367,69.66,345945,Kuwait,asia
1962,60019,71.31,384995,Kuwait,asia
1963,67491,69.63,427694,Kuwait,asia
1964,75883,68.97,473115,Kuwait,asia
1965,85311,69.66,521174,Kuwait,asia
1966,95659,70.03,572590,Kuwait,asia
1967,107250,69.76,628089,Kuwait,asia
1968,120231,69.46,687716,Kuwait,asia
1969,134771,70.32,749452,Kuwait,asia
1970,151051,70.55,809114,Kuwait,asia
1971,150339,70.98,865076,Kuwait,asia
1972,146065,70.96,920352,Kuwait,asia
1973,128049,70.38,977654,Kuwait,asia
1974,104644,70.6,1038346,Kuwait,asia
1975,86193,70.55,1104863,Kuwait,asia
1976,86239,70.64,1178711,Kuwait,asia
1977,77853,70.02,1258023,Kuwait,asia
1978,78565,71.0,1340319,Kuwait,asia
1979,84295,71.58,1423514,Kuwait,asia
1980,64164,72.53,1504782,Kuwait,asia
1981,49339,73.21,1583426,Kuwait,asia
1982,41462,73.5,1662480,Kuwait,asia
1983,42675,74.27,1744295,Kuwait,asia
1984,42756,75.11,1820688,Kuwait,asia
1985,38870,75.22,1894242,Kuwait,asia
1986,39861,76.07,1972520,Kuwait,asia
1987,40631,75.84,2052994,Kuwait,asia
1988,34732,75.42,2134707,Kuwait,asia
1989,42402,75.28,2217468,Kuwait,asia
1990,31160,74.92,1684819,Kuwait,asia
1991,18911,72.24,1351399,Kuwait,asia
1992,36622,79.5,1634961,Kuwait,asia
1993,52706,79.54,1672151,Kuwait,asia
1994,61001,78.71,1664361,Kuwait,asia
1995,63725,78.33,1681513,Kuwait,asia
1996,63285,78.82,1730246,Kuwait,asia
1997,61688,77.83,1787683,Kuwait,asia
1998,59726,78.55,1844302,Kuwait,asia
1999,55035,77.83,1900030,Kuwait,asia
2000,54985,78.07,1954709,Kuwait,asia
2001,53579,79.21,2008121,Kuwait,asia
2002,54323,78.56,2059974,Kuwait,asia
2003,63009,78.87,2109881,Kuwait,asia
2004,68234,78.79,2157320,Kuwait,asia
2005,73156,78.71,2236788,Kuwait,asia
2006,75225,78.75,2364733,Kuwait,asia
2007,75581,78.98,2507887,Kuwait,asia
2008,73023,78.11,2651421,Kuwait,asia
2009,63886,78.66,2795484,Kuwait,asia
2010,58810,80.09,2943372,Kuwait,asia
2011,60888,80.93,3132814,Kuwait,asia
2012,61417,80.97,3337025,Kuwait,asia
2013,58995,81.34,3507746,Kuwait,asia
2014,56647,81.56,3665766,Kuwait,asia
2015,54834,81.51,3834454,Kuwait,asia
2016,54709,81.61,4003971,Kuwait,asia
2017,50856,81.59,4154685,Kuwait,asia
2018,50479,81.6,4323387,Kuwait,asia
2019,49854,81.47,4442194,Kuwait,asia
2020,46467,81.18,4400144,Kuwait,asia
1950,3078,49.95,1751139,Kyrgyz Republic,asia
1951,3213,50.4,1787522,Kyrgyz Republic,asia
1952,3352,50.98,1824591,Kyrgyz Republic,asia
1953,3497,51.66,1862532,Kyrgyz Republic,asia
1954,3648,52.29,1902145,Kyrgyz Republic,asia
1955,3802,52.91,1944403,Kyrgyz Republic,asia
1956,3964,53.56,1989620,Kyrgyz Republic,asia
1957,4130,54.16,2038327,Kyrgyz Republic,asia
1958,4304,54.84,2090854,Kyrgyz Republic,asia
1959,4482,55.25,2149295,Kyrgyz Republic,asia
1960,4669,55.77,2215508,Kyrgyz Republic,asia
1961,4782,56.33,2288666,Kyrgyz Republic,asia
1962,4899,56.95,2367294,Kyrgyz Republic,asia
1963,5014,57.35,2449242,Kyrgyz Republic,asia
1964,5132,57.76,2532151,Kyrgyz Republic,asia
1965,5251,58.28,2615057,Kyrgyz Republic,asia
1966,5370,58.72,2697633,Kyrgyz Republic,asia
1967,5490,59.15,2780169,Kyrgyz Republic,asia
1968,5612,59.29,2862894,Kyrgyz Republic,asia
1969,5733,60.08,2944840,Kyrgyz Republic,asia
1970,5856,60.37,3025142,Kyrgyz Republic,asia
1971,5979,60.91,3101442,Kyrgyz Republic,asia
1972,6102,61.37,3173944,Kyrgyz Republic,asia
1973,6226,61.7,3244870,Kyrgyz Republic,asia
1974,6160,61.8,3314021,Kyrgyz Republic,asia
1975,6094,62.17,3381363,Kyrgyz Republic,asia
1976,6028,62.51,3447005,Kyrgyz Republic,asia
1977,5963,62.65,3514121,Kyrgyz Republic,asia
1978,5898,62.87,3584523,Kyrgyz Republic,asia
1979,5833,63.42,3656189,Kyrgyz Republic,asia
1980,5768,64.25,3729374,Kyrgyz Republic,asia
1981,5659,64.75,3804456,Kyrgyz Republic,asia
1982,5547,65.18,3882811,Kyrgyz Republic,asia
1983,5752,65.36,3965758,Kyrgyz Republic,asia
1984,5661,65.31,4039347,Kyrgyz Republic,asia
1985,5292,66.18,4102391,Kyrgyz Republic,asia
1986,5053,67.33,4168593,Kyrgyz Republic,asia
1987,4847,67.43,4238467,Kyrgyz Republic,asia
1988,5202,67.1,4308017,Kyrgyz Republic,asia
1989,5188,67.04,4382001,Kyrgyz Republic,asia
1990,5158,67.25,4459543,Kyrgyz Republic,asia
1991,4672,67.2,4532116,Kyrgyz Republic,asia
1992,3979,67.06,4600310,Kyrgyz Republic,asia
1993,3363,66.34,4626803,Kyrgyz Republic,asia
1994,2688,65.46,4649185,Kyrgyz Republic,asia
1995,2517,65.56,4713635,Kyrgyz Republic,asia
1996,2656,66.3,4782882,Kyrgyz Republic,asia
1997,2877,66.81,4847993,Kyrgyz Republic,asia
1998,2893,67.17,4907791,Kyrgyz Republic,asia
1999,2955,67.6,4968587,Kyrgyz Republic,asia
2000,3079,67.23,5025145,Kyrgyz Republic,asia
2001,3212,67.32,5071956,Kyrgyz Republic,asia
2002,3182,67.2,5116254,Kyrgyz Republic,asia
2003,3370,67.07,5159422,Kyrgyz Republic,asia
2004,3564,67.39,5203041,Kyrgyz Republic,asia
2005,3518,67.37,5246332,Kyrgyz Republic,asia
2006,3588,67.21,5282453,Kyrgyz Republic,asia
2007,3858,67.62,5313368,Kyrgyz Republic,asia
2008,4142,68.34,5342520,Kyrgyz Republic,asia
2009,4211,69.27,5398007,Kyrgyz Republic,asia
2010,4141,69.62,5491761,Kyrgyz Republic,asia
2011,4335,70.25,5594535,Kyrgyz Republic,asia
2012,4259,70.72,5696519,Kyrgyz Republic,asia
2013,4631,71.22,5797289,Kyrgyz Republic,asia
2014,4722,71.62,5898319,Kyrgyz Republic,asia
2015,4805,71.9,6001882,Kyrgyz Republic,asia
2016,4912,72.73,6108462,Kyrgyz Republic,asia
2017,5047,72.98,6220150,Kyrgyz Republic,asia
2018,5133,73.29,6341732,Kyrgyz Republic,asia
2019,5258,73.42,6494035,Kyrgyz Republic,asia
2020,4711,72.93,6664140,Kyrgyz Republic,asia
1950,810,38.87,1684550,Lao,asia
1951,821,38.96,1725243,Lao,asia
1952,830,39.15,1766179,Lao,asia
1953,839,39.33,1807812,Lao,asia
1954,849,39.86,1850128,Lao,asia
1955,858,40.04,1893213,Lao,asia
1956,865,40.23,1937229,Lao,asia
1957,873,40.42,1982134,Lao,asia
1958,882,40.6,2028026,Lao,asia
1959,889,39.97,2074485,Lao,asia
1960,896,40.22,2121514,Lao,asia
1961,910,40.49,2169796,Lao,asia
1962,923,41.51,2219910,Lao,asia
1963,936,40.39,2271061,Lao,asia
1964,950,40.64,2322826,Lao,asia
1965,964,40.9,2376200,Lao,asia
1966,978,41.0,2431084,Lao,asia
1967,992,41.44,2487715,Lao,asia
1968,1006,41.74,2546377,Lao,asia
1969,1020,42.07,2606959,Lao,asia
1970,1035,42.39,2669702,Lao,asia
1971,1070,42.73,2734628,Lao,asia
1972,1088,43.1,2801660,Lao,asia
1973,1164,43.51,2870573,Lao,asia
1974,1187,45.1,2939761,Lao,asia
1975,1243,45.52,3005521,Lao,asia
1976,1279,45.99,3064876,Lao,asia
1977,1247,46.28,3118923,Lao,asia
1978,1250,46.59,3171740,Lao,asia
1979,1223,46.93,3228202,Lao,asia
1980,1341,47.34,3292573,Lao,asia
1981,1531,47.86,3366631,Lao,asia
1982,1611,48.4,3450026,Lao,asia
1983,1653,49.06,3541001,Lao,asia
1984,1739,49.78,3637843,Lao,asia
1985,1795,50.4,3739985,Lao,asia
1986,1838,50.91,3846715,Lao,asia
1987,1769,51.37,3957612,Lao,asia
1988,1692,51.84,4072601,Lao,asia
1989,1886,52.4,4190974,Lao,asia
1990,1965,52.89,4311955,Lao,asia
1991,1992,53.55,4435118,Lao,asia
1992,2047,54.01,4559646,Lao,asia
1993,2112,54.5,4685060,Lao,asia
1994,2228,54.93,4809220,Lao,asia
1995,2330,55.59,4929409,Lao,asia
1996,2439,56.11,5045678,Lao,asia
1997,2555,56.71,5152011,Lao,asia
1998,2608,57.25,5248266,Lao,asia
1999,2750,57.84,5340784,Lao,asia
2000,2861,58.39,5431212,Lao,asia
2001,2978,59.0,5521482,Lao,asia
2002,3106,59.74,5610889,Lao,asia
2003,3245,60.4,5697945,Lao,asia
2004,3399,61.07,5781626,Lao,asia
2005,3584,61.68,5869523,Lao,asia
2006,3830,62.26,5963200,Lao,asia
2007,4053,62.94,6056236,Lao,asia
2008,4296,63.58,6148969,Lao,asia
2009,4542,64.24,6241642,Lao,asia
2010,4850,64.92,6334194,Lao,asia
2011,5159,65.58,6426590,Lao,asia
2012,5489,66.18,6518978,Lao,asia
2013,5842,66.65,6611385,Lao,asia
2014,6193,67.22,6703172,Lao,asia
2015,6544,67.64,6801645,Lao,asia
2016,6896,68.03,6908802,Lao,asia
2017,7258,68.37,7018147,Lao,asia
2018,7593,68.64,7128045,Lao,asia
2019,7887,68.97,7237636,Lao,asia
2020,7738,69.12,7346533,Lao,asia
1950,4919,64.66,1918720,Latvia,europe
1951,4923,66.21,1933915,Latvia,europe
1952,5222,67.74,1949535,Latvia,europe
1953,5430,68.89,1965198,Latvia,europe
1954,5673,69.08,1982034,Latvia,europe
1955,6131,69.29,2000462,Latvia,europe
1956,6686,69.51,2019505,Latvia,europe
1957,6791,69.67,2040115,Latvia,europe
1958,7266,69.86,2063292,Latvia,europe
1959,7149,70.11,2096981,Latvia,europe
1960,7786,70.35,2131171,Latvia,europe
1961,8213,70.44,2157169,Latvia,europe
1962,8429,70.15,2182285,Latvia,europe
1963,8238,70.55,2205801,Latvia,europe
1964,9318,71.58,2229758,Latvia,europe
1965,9874,71.4,2252762,Latvia,europe
1966,10376,71.31,2274349,Latvia,europe
1967,10863,71.01,2296079,Latvia,europe
1968,11537,70.72,2317284,Latvia,europe
1969,11741,70.45,2337666,Latvia,europe
1970,12692,70.46,2357559,Latvia,europe
1971,13070,70.59,2377073,Latvia,europe
1972,13182,70.27,2395874,Latvia,europe
1973,14337,70.21,2415783,Latvia,europe
1974,14506,70.08,2436995,Latvia,europe
1975,14676,69.47,2455771,Latvia,europe
1976,14849,69.49,2470537,Latvia,europe
1977,15023,69.37,2484608,Latvia,europe
1978,15199,69.19,2497362,Latvia,europe
1979,15378,69.04,2505526,Latvia,europe
1980,15558,69.23,2511759,Latvia,europe
1981,15792,69.17,2519970,Latvia,europe
1982,16012,69.85,2532015,Latvia,europe
1983,16193,69.67,2546971,Latvia,europe
1984,16509,69.59,2562773,Latvia,europe
1985,16020,69.93,2579231,Latvia,europe
1986,16290,71.23,2599778,Latvia,europe
1987,16060,71.27,2625963,Latvia,europe
1988,16607,71.14,2652247,Latvia,europe
1989,17453,70.34,2664836,Latvia,europe
1990,17583,69.84,2660131,Latvia,europe
1991,15296,69.44,2648940,Latvia,europe
1992,10431,68.76,2614827,Latvia,europe
1993,9337,66.94,2563820,Latvia,europe
1994,9613,65.7,2521233,Latvia,europe
1995,9601,66.69,2485949,Latvia,europe
1996,9961,68.99,2457905,Latvia,europe
1997,10950,69.69,2433231,Latvia,europe
1998,11754,69.27,2410209,Latvia,europe
1999,12176,70.14,2390822,Latvia,europe
2000,12992,70.65,2368313,Latvia,europe
2001,13994,70.13,2338301,Latvia,europe
2002,15161,70.51,2311351,Latvia,europe
2003,16597,70.96,2288984,Latvia,europe
2004,18169,71.28,2264174,Latvia,europe
2005,20335,70.93,2239784,Latvia,europe
2006,22977,70.45,2219032,Latvia,europe
2007,25469,70.92,2200776,Latvia,europe
2008,24904,72.09,2177711,Latvia,europe
2009,21711,72.88,2142043,Latvia,europe
2010,21176,73.26,2097831,Latvia,europe
2011,22118,73.89,2059941,Latvia,europe
2012,23970,74.23,2034633,Latvia,europe
2013,24716,74.19,2013010,Latvia,europe
2014,25424,74.68,1994149,Latvia,europe
2015,26628,75.08,1977867,Latvia,europe
2016,27509,75.67,1959863,Latvia,europe
2017,28674,75.75,1942594,Latvia,europe
2018,30051,75.8,1927588,Latvia,europe
2019,31012,75.86,1914263,Latvia,europe
2020,30036,75.86,1901123,Latvia,europe
1950,4501,58.82,1349350,Lebanon,asia
1951,5987,59.95,1387572,Lebanon,asia
1952,6192,60.65,1427085,Lebanon,asia
1953,6937,61.38,1468014,Lebanon,asia
1954,7751,62.09,1510416,Lebanon,asia
1955,8149,62.08,1554068,Lebanon,asia
1956,7745,63.07,1599148,Lebanon,asia
1957,7671,63.76,1645925,Lebanon,asia
1958,6405,62.06,1693553,Lebanon,asia
1959,6763,64.49,1742770,Lebanon,asia
1960,6756,64.87,1794406,Lebanon,asia
1961,7006,65.24,1850084,Lebanon,asia
1962,7078,65.59,1909578,Lebanon,asia
1963,6943,65.89,1970316,Lebanon,asia
1964,7156,66.21,2030543,Lebanon,asia
1965,7640,66.56,2088831,Lebanon,asia
1966,7917,66.86,2148260,Lebanon,asia
1967,7318,67.06,2206731,Lebanon,asia
1968,7993,67.3,2266368,Lebanon,asia
1969,7933,67.46,2328159,Lebanon,asia
1970,8235,67.59,2386114,Lebanon,asia
1971,8757,67.78,2446314,Lebanon,asia
1972,9565,68.02,2509729,Lebanon,asia
1973,9761,68.16,2572935,Lebanon,asia
1974,9745,68.58,2635185,Lebanon,asia
1975,6675,62.04,2693191,Lebanon,asia
1976,2839,38.33,2726469,Lebanon,asia
1977,5135,69.23,2762155,Lebanon,asia
1978,4903,69.23,2822682,Lebanon,asia
1979,5273,69.39,2882635,Lebanon,asia
1980,5357,69.41,2944763,Lebanon,asia
1981,5288,69.36,3008981,Lebanon,asia
1982,3282,48.57,3054931,Lebanon,asia
1983,3955,64.21,3094996,Lebanon,asia
1984,5612,65.09,3152744,Lebanon,asia
1985,6853,65.13,3217376,Lebanon,asia
1986,6277,65.86,3300365,Lebanon,asia
1987,7210,70.88,3385555,Lebanon,asia
1988,5097,71.08,3454649,Lebanon,asia
1989,2892,70.35,3525285,Lebanon,asia
1990,7553,69.92,3595175,Lebanon,asia
1991,10829,71.71,3668912,Lebanon,asia
1992,11976,71.96,3747371,Lebanon,asia
1993,12571,72.29,3820647,Lebanon,asia
1994,12962,72.7,3889799,Lebanon,asia
1995,13309,73.15,3960735,Lebanon,asia
1996,14474,73.45,4034781,Lebanon,asia
1997,14435,73.87,4108405,Lebanon,asia
1998,14822,74.22,4181281,Lebanon,asia
1999,14531,74.56,4255277,Lebanon,asia
2000,14362,74.82,4329340,Lebanon,asia
2001,14359,75.08,4401918,Lebanon,asia
2002,14172,75.25,4463504,Lebanon,asia
2003,13942,75.34,4525508,Lebanon,asia
2004,14284,75.43,4599279,Lebanon,asia
2005,14264,75.44,4671102,Lebanon,asia
2006,14299,75.06,4751136,Lebanon,asia
2007,15606,75.46,4844118,Lebanon,asia
2008,17030,75.42,4925354,Lebanon,asia
2009,18585,75.55,4992287,Lebanon,asia
2010,19499,75.62,5041288,Lebanon,asia
2011,18727,75.67,5096020,Lebanon,asia
2012,18039,75.74,5235742,Lebanon,asia
2013,17538,75.79,5743436,Lebanon,asia
2014,16969,75.81,6346990,Lebanon,asia
2015,16358,75.93,6472469,Lebanon,asia
2016,16168,76.08,6323060,Lebanon,asia
2017,16043,76.22,6160128,Lebanon,asia
2018,15678,76.18,5984119,Lebanon,asia
2019,14564,76.64,5794594,Lebanon,asia
2020,11410,76.16,5702398,Lebanon,asia
1950,440,51.97,579551,Lesotho,africa
1951,458,52.19,590269,Lesotho,africa
1952,464,52.39,601947,Lesotho,africa
1953,475,52.7,614474,Lesotho,africa
1954,493,52.51,627894,Lesotho,africa
1955,501,52.62,642188,Lesotho,africa
1956,511,52.89,657311,Lesotho,africa
1957,521,53.02,674669,Lesotho,africa
1958,531,53.11,694315,Lesotho,africa
1959,537,53.18,714947,Lesotho,africa
1960,566,53.28,736500,Lesotho,africa
1961,562,53.31,758824,Lesotho,africa
1962,638,53.42,781814,Lesotho,africa
1963,697,53.5,805373,Lesotho,africa
1964,742,53.52,829437,Lesotho,africa
1965,740,53.58,854090,Lesotho,africa
1966,740,53.7,881870,Lesotho,africa
1967,804,53.89,913982,Lesotho,africa
1968,786,54.11,948105,Lesotho,africa
1969,779,54.35,983202,Lesotho,africa
1970,781,54.61,1019273,Lesotho,africa
1971,693,54.72,1056246,Lesotho,africa
1972,808,54.99,1094063,Lesotho,africa
1973,997,55.41,1132697,Lesotho,africa
1974,1032,55.83,1172420,Lesotho,africa
1975,924,56.2,1213643,Lesotho,africa
1976,1049,56.62,1253214,Lesotho,africa
1977,1200,57.11,1289967,Lesotho,africa
1978,1397,57.72,1327240,Lesotho,africa
1979,1211,58.13,1366169,Lesotho,africa
1980,1146,58.48,1406521,Lesotho,africa
1981,1127,58.83,1448069,Lesotho,africa
1982,1138,59.18,1490732,Lesotho,africa
1983,1015,59.44,1534413,Lesotho,africa
1984,1017,59.72,1578986,Lesotho,africa
1985,1087,60.0,1624379,Lesotho,africa
1986,1085,60.27,1666138,Lesotho,africa
1987,1117,60.44,1703390,Lesotho,africa
1988,1210,60.62,1739841,Lesotho,africa
1989,1282,60.72,1775436,Lesotho,africa
1990,1337,60.63,1809696,Lesotho,africa
1991,1398,60.5,1842379,Lesotho,africa
1992,1462,60.04,1873274,Lesotho,africa
1993,1480,59.36,1901793,Lesotho,africa
1994,1536,58.31,1927707,Lesotho,africa
1995,1555,57.15,1951437,Lesotho,africa
1996,1612,55.77,1972418,Lesotho,africa
1997,1643,54.11,1988130,Lesotho,africa
1998,1643,52.05,1998049,Lesotho,africa
1999,1633,50.23,2003234,Lesotho,africa
2000,1685,48.47,2003913,Lesotho,africa
2001,1743,47.29,2000853,Lesotho,africa
2002,1761,46.1,1994679,Lesotho,africa
2003,1851,45.0,1985059,Lesotho,africa
2004,1894,44.16,1971129,Lesotho,africa
2005,1970,43.88,1953076,Lesotho,africa
2006,2059,44.18,1945063,Lesotho,africa
2007,2149,45.09,1953268,Lesotho,africa
2008,2267,46.32,1966541,Lesotho,africa
2009,2235,47.4,1980883,Lesotho,africa
2010,2347,48.12,1996251,Lesotho,africa
2011,2445,48.21,2014009,Lesotho,africa
2012,2585,47.94,2034354,Lesotho,africa
2013,2614,47.88,2056504,Lesotho,africa
2014,2639,47.94,2080089,Lesotho,africa
2015,2701,48.47,2104611,Lesotho,africa
2016,2777,49.63,2130422,Lesotho,africa
2017,2668,50.75,2157110,Lesotho,africa
2018,2615,51.42,2183603,Lesotho,africa
2019,2584,51.77,2209405,Lesotho,africa
2020,2413,52.01,2235727,Lesotho,africa
1950,1497,38.02,918902,Liberia,africa
1951,1571,38.26,936408,Liberia,africa
1952,1605,38.53,954976,Liberia,africa
1953,1652,38.86,974376,Liberia,africa
1954,1726,39.18,994769,Liberia,africa
1955,1765,39.47,1016390,Liberia,africa
1956,1811,39.77,1039149,Liberia,africa
1957,1857,40.02,1062948,Liberia,africa
1958,1887,40.27,1087245,Liberia,africa
1959,1972,40.56,1112563,Liberia,africa
1960,2008,40.83,1139522,Liberia,africa
1961,2028,41.01,1167717,Liberia,africa
1962,2026,41.33,1197039,Liberia,africa
1963,2044,41.91,1227414,Liberia,africa
1964,2115,42.33,1258745,Liberia,africa
1965,2148,42.66,1291156,Liberia,africa
1966,2248,43.1,1324383,Liberia,africa
1967,2329,43.47,1358435,Liberia,africa
1968,2368,43.97,1393530,Liberia,africa
1969,2467,44.74,1429605,Liberia,africa
1970,2555,45.29,1466676,Liberia,africa
1971,2617,45.81,1504077,Liberia,africa
1972,2641,46.4,1542670,Liberia,africa
1973,2671,46.92,1583588,Liberia,africa
1974,2688,47.5,1626362,Liberia,africa
1975,2512,48.11,1670913,Liberia,africa
1976,2560,48.68,1717060,Liberia,africa
1977,2514,49.19,1766019,Liberia,africa
1978,2584,49.65,1818247,Liberia,africa
1979,2627,50.15,1872713,Liberia,africa
1980,2384,50.26,1929253,Liberia,africa
1981,2212,50.98,1986867,Liberia,africa
1982,2171,51.32,2045073,Liberia,africa
1983,2027,51.68,2107113,Liberia,africa
1984,1963,51.96,2173312,Liberia,africa
1985,1893,52.2,2240539,Liberia,africa
1986,1860,52.39,2308511,Liberia,africa
1987,1898,52.53,2377229,Liberia,africa
1988,1969,52.75,2446941,Liberia,africa
1989,2051,52.78,2517858,Liberia,africa
1990,1019,49.14,2223667,Liberia,africa
1991,939,52.18,1956518,Liberia,africa
1992,657,52.3,2072461,Liberia,africa
1993,472,50.15,2155126,Liberia,africa
1994,390,48.58,2149928,Liberia,africa
1995,385,50.28,2169162,Liberia,africa
1996,433,49.57,2232289,Liberia,africa
1997,881,52.42,2412989,Liberia,africa
1998,1125,52.97,2670124,Liberia,africa
1999,1356,53.77,2821684,Liberia,africa
2000,1753,54.84,2928117,Liberia,africa
2001,1740,55.72,3015338,Liberia,africa
2002,1763,55.43,3094782,Liberia,africa
2003,1211,55.49,3119532,Liberia,africa
2004,1219,58.45,3156892,Liberia,africa
2005,1251,59.22,3301015,Liberia,africa
2006,1306,59.96,3490787,Liberia,africa
2007,1376,60.61,3669050,Liberia,africa
2008,1415,61.08,3821003,Liberia,africa
2009,1432,61.5,3943028,Liberia,africa
2010,1466,61.94,4058890,Liberia,africa
2011,1536,62.42,4221178,Liberia,africa
2012,1611,62.9,4373043,Liberia,africa
2013,1705,63.37,4470239,Liberia,africa
2014,1673,59.86,4564293,Liberia,africa
2015,1631,62.53,4659431,Liberia,africa
2016,1565,64.51,4755608,Liberia,africa
2017,1564,65.1,4848925,Liberia,africa
2018,1544,65.65,4944726,Liberia,africa
2019,1470,66.11,5043721,Liberia,africa
2020,1391,66.18,5149463,Liberia,africa
1950,3369,47.31,1131460,Libya,africa
1951,3634,47.79,1145387,Libya,africa
1952,3784,48.24,1162479,Libya,africa
1953,3729,48.6,1183292,Libya,africa
1954,3362,48.82,1208177,Libya,africa
1955,3806,49.35,1241377,Libya,africa
1956,4149,50.03,1282958,Libya,africa
1957,3843,50.69,1328854,Libya,africa
1958,3727,51.33,1379207,Libya,africa
1959,3507,52.02,1433966,Libya,africa
1960,3894,52.82,1492890,Libya,africa
1961,3618,53.59,1555699,Libya,africa
1962,3984,54.66,1621960,Libya,africa
1963,4347,55.36,1690457,Libya,africa
1964,4786,57.12,1753691,Libya,africa
1965,4521,58.52,1804015,Libya,africa
1966,5135,59.63,1849063,Libya,africa
1967,5502,60.8,1898199,Libya,africa
1968,7057,62.07,1952781,Libya,africa
1969,7601,63.35,2014293,Libya,africa
1970,7804,64.58,2082589,Libya,africa
1971,7243,65.48,2153534,Libya,africa
1972,7654,66.15,2226091,Libya,africa
1973,7499,66.75,2314193,Libya,africa
1974,8794,67.29,2432211,Libya,africa
1975,8878,67.73,2571556,Libya,africa
1976,10694,67.97,2721237,Libya,africa
1977,11591,67.84,2881533,Libya,africa
1978,11843,69.01,3052526,Libya,africa
1979,12522,69.42,3233846,Libya,africa
1980,12235,69.81,3424378,Libya,africa
1981,9608,70.02,3621486,Libya,africa
1982,9611,70.39,3724765,Libya,africa
1983,9134,70.75,3718961,Libya,africa
1984,8463,71.03,3773633,Libya,africa
1985,9184,71.35,3898745,Libya,africa
1986,8212,71.67,4017403,Libya,africa
1987,6924,69.35,4129739,Libya,africa
1988,7343,72.05,4237755,Libya,africa
1989,7767,72.22,4342920,Libya,africa
1990,7950,72.61,4445239,Libya,africa
1991,9785,73.02,4544400,Libya,africa
1992,10140,73.4,4640352,Libya,africa
1993,10402,73.9,4733045,Libya,africa
1994,11309,74.25,4822037,Libya,africa
1995,11889,74.62,4906843,Libya,africa
1996,13164,73.45,4987393,Libya,africa
1997,14878,74.97,5064639,Libya,africa
1998,15280,74.85,5140704,Libya,africa
1999,16403,74.87,5218038,Libya,africa
2000,16746,74.91,5305021,Libya,africa
2001,16193,75.03,5403639,Libya,africa
2002,15783,75.04,5508410,Libya,africa
2003,17554,75.53,5619398,Libya,africa
2004,18049,76.37,5736693,Libya,africa
2005,19883,76.75,5858798,Libya,africa
2006,20859,76.87,5980211,Libya,africa
2007,21857,76.05,6104380,Libya,africa
2008,22129,75.92,6235430,Libya,africa
2009,21685,75.74,6366686,Libya,africa
2010,22540,76.2,6497839,Libya,africa
2011,8480,73.15,6343203,Libya,africa
2012,18807,76.48,6179328,Libya,africa
2013,16160,76.66,6304628,Libya,africa
2014,12201,74.33,6427252,Libya,africa
2015,11022,74.6,6531819,Libya,africa
2016,10592,74.27,6632126,Libya,africa
2017,13238,75.58,6738770,Libya,africa
2018,15018,75.65,6849055,Libya,africa
2019,15174,75.93,6951033,Libya,africa
2020,6052,75.53,7045399,Libya,africa
1950,7200,67.13,2432995,Lithuania,europe
1951,7076,67.11,2458819,Lithuania,europe
1952,7370,67.2,2486410,Lithuania,europe
1953,7525,67.34,2515124,Lithuania,europe
1954,7721,67.46,2544703,Lithuania,europe
1955,8195,67.54,2575311,Lithuania,europe
1956,8780,67.85,2607334,Lithuania,europe
1957,8759,68.04,2641761,Lithuania,europe
1958,9207,68.01,2678936,Lithuania,europe
1959,8900,68.37,2722674,Lithuania,europe
1960,9523,69.91,2769095,Lithuania,europe
1961,9884,70.57,2812599,Lithuania,europe
1962,9978,69.89,2853287,Lithuania,europe
1963,9597,70.69,2891072,Lithuania,europe
1964,10653,71.96,2928854,Lithuania,europe
1965,11082,71.99,2965262,Lithuania,europe
1966,11487,71.92,3000357,Lithuania,europe
1967,11867,72.04,3035378,Lithuania,europe
1968,12435,71.68,3070265,Lithuania,europe
1969,12488,71.47,3103419,Lithuania,europe
1970,13319,71.26,3135872,Lithuania,europe
1971,13534,71.86,3170709,Lithuania,europe
1972,13469,71.45,3204905,Lithuania,europe
1973,14455,71.6,3236222,Lithuania,europe
1974,14609,71.3,3266362,Lithuania,europe
1975,14764,71.12,3295733,Lithuania,europe
1976,14921,71.14,3324568,Lithuania,europe
1977,15080,70.82,3353247,Lithuania,europe
1978,15240,70.7,3380074,Lithuania,europe
1979,15401,70.65,3404736,Lithuania,europe
1980,15564,70.58,3428419,Lithuania,europe
1981,16174,70.67,3452309,Lithuania,europe
1982,16797,70.94,3477584,Lithuania,europe
1983,16931,70.96,3505432,Lithuania,europe
1984,17082,70.51,3534124,Lithuania,europe
1985,16505,70.86,3562389,Lithuania,europe
1986,17031,72.38,3593780,Lithuania,europe
1987,17291,72.19,3627367,Lithuania,europe
1988,18625,72.19,3672646,Lithuania,europe
1989,18486,71.58,3696105,Lithuania,europe
1990,17429,71.39,3695012,Lithuania,europe
1991,16458,70.51,3701407,Lithuania,europe
1992,13007,70.42,3697544,Lithuania,europe
1993,10984,69.02,3680197,Lithuania,europe
1994,10007,68.54,3654891,Lithuania,europe
1995,10640,69.03,3627038,Lithuania,europe
1996,11275,70.25,3599711,Lithuania,europe
1997,12302,71.22,3573409,Lithuania,europe
1998,13318,71.45,3547771,Lithuania,europe
1999,13260,71.91,3522901,Lithuania,europe
2000,13847,72.24,3500402,Lithuania,europe
2001,14872,71.71,3473004,Lithuania,europe
2002,16004,72.01,3444050,Lithuania,europe
2003,17840,72.01,3415278,Lithuania,europe
2004,19226,72.01,3376699,Lithuania,europe
2005,21053,71.25,3322263,Lithuania,europe
2006,22978,70.92,3269808,Lithuania,europe
2007,25835,70.58,3231374,Lithuania,europe
2008,26785,71.4,3198481,Lithuania,europe
2009,23065,72.97,3163254,Lithuania,europe
2010,23943,73.21,3097720,Lithuania,europe
2011,25969,73.67,3028642,Lithuania,europe
2012,27331,73.99,2988329,Lithuania,europe
2013,28589,74.04,2958360,Lithuania,europe
2014,29856,74.62,2933168,Lithuania,europe
2015,30748,74.65,2905764,Lithuania,europe
2016,31926,74.92,2869110,Lithuania,europe
2017,33762,75.97,2829313,Lithuania,europe
2018,35447,76.08,2802478,Lithuania,europe
2019,37166,76.24,2795058,Lithuania,europe
2020,37107,74.84,2795765,Lithuania,europe
1950,15551,66.37,296570,Luxembourg,europe
1951,14341,66.54,298160,Luxembourg,europe
1952,15300,66.59,299901,Luxembourg,europe
1953,15409,66.78,301683,Luxembourg,europe
1954,15388,67.12,303481,Luxembourg,europe
1955,16063,67.48,305312,Luxembourg,europe
1956,16673,67.67,306958,Luxembourg,europe
1957,17391,68.07,308440,Luxembourg,europe
1958,17545,68.5,310038,Luxembourg,europe
1959,17881,68.72,312034,Luxembourg,europe
1960,18448,68.94,313877,Luxembourg,europe
1961,19423,69.13,316342,Luxembourg,europe
1962,19867,69.12,319651,Luxembourg,europe
1963,20777,69.22,322848,Luxembourg,europe
1964,22595,69.36,326233,Luxembourg,europe
1965,23231,69.62,329702,Luxembourg,europe
1966,23800,69.67,333077,Luxembourg,europe
1967,24238,69.84,335517,Luxembourg,europe
1968,25669,70.09,337007,Luxembourg,europe
1969,28576,70.21,338263,Luxembourg,europe
1970,29452,70.15,339332,Luxembourg,europe
1971,30494,70.32,341956,Luxembourg,europe
1972,32680,70.57,346072,Luxembourg,europe
1973,35617,70.81,349201,Luxembourg,europe
1974,37266,70.99,351425,Luxembourg,europe
1975,35017,71.15,353680,Luxembourg,europe
1976,36315,71.44,355872,Luxembourg,europe
1977,37413,71.83,358245,Luxembourg,europe
1978,39496,72.1,361046,Luxembourg,europe
1979,40952,72.38,362894,Luxembourg,europe
1980,41780,72.63,363705,Luxembourg,europe
1981,42733,72.74,364485,Luxembourg,europe
1982,43151,72.88,365056,Luxembourg,europe
1983,45075,73.19,365490,Luxembourg,europe
1984,48514,73.45,365897,Luxembourg,europe
1985,50527,73.88,366661,Luxembourg,europe
1986,54936,74.2,368406,Luxembourg,europe
1987,56599,74.38,370790,Luxembourg,europe
1988,62676,74.64,373783,Luxembourg,europe
1989,69418,75.0,377377,Luxembourg,europe
1990,70861,75.25,381700,Luxembourg,europe
1991,75962,75.46,386817,Luxembourg,europe
1992,76323,75.79,391964,Luxembourg,europe
1993,78469,75.99,397200,Luxembourg,europe
1994,80365,76.35,402590,Luxembourg,europe
1995,80379,76.64,408227,Luxembourg,europe
1996,80401,76.87,413776,Luxembourg,europe
1997,83703,77.24,418969,Luxembourg,europe
1998,88186,77.52,424154,Luxembourg,europe
1999,94115,77.8,429897,Luxembourg,europe
2000,99302,78.01,436132,Luxembourg,europe
2001,101143,78.42,441752,Luxembourg,europe
2002,103317,78.65,446389,Luxembourg,europe
2003,104743,78.99,451838,Luxembourg,europe
2004,107635,79.24,458296,Luxembourg,europe
2005,108632,79.55,465363,Luxembourg,europe
2006,113346,79.81,472866,Luxembourg,europe
2007,120648,80.21,480270,Luxembourg,europe
2008,118155,80.57,488990,Luxembourg,europe
2009,112230,80.78,498187,Luxembourg,europe
2010,114344,81.02,507410,Luxembourg,europe
2011,112998,81.26,518584,Luxembourg,europe
2012,112137,81.5,530947,Luxembourg,europe
2013,113051,81.72,543354,Luxembourg,europe
2014,113314,82.01,556279,Luxembourg,europe
2015,113183,82.34,569536,Luxembourg,europe
2016,116284,82.74,583506,Luxembourg,europe
2017,114986,82.81,596495,Luxembourg,europe
2018,115050,82.87,608101,Luxembourg,europe
2019,116518,82.92,620163,Luxembourg,europe
2020,112216,82.02,630597,Luxembourg,europe
1950,2716,50.21,1248683,North Macedonia,europe
1951,2765,46.22,1271035,North Macedonia,europe
1952,2499,50.72,1294530,North Macedonia,europe
1953,2604,50.35,1319471,North Macedonia,europe
1954,2661,53.22,1340006,North Macedonia,europe
1955,3215,51.72,1355676,North Macedonia,europe
1956,3254,53.57,1370918,North Macedonia,europe
1957,3559,54.06,1385255,North Macedonia,europe
1958,3837,57.77,1400116,North Macedonia,europe
1959,3930,57.12,1417075,North Macedonia,europe
1960,4169,57.49,1435059,North Macedonia,europe
1961,4234,59.33,1455171,North Macedonia,europe
1962,4281,58.61,1471745,North Macedonia,europe
1963,4986,57.43,1488737,North Macedonia,europe
1964,6392,60.46,1510900,North Macedonia,europe
1965,5798,61.77,1533466,North Macedonia,europe
1966,6253,63.85,1557349,North Macedonia,europe
1967,6476,63.74,1582492,North Macedonia,europe
1968,6633,64.35,1608930,North Macedonia,europe
1969,7268,64.24,1636345,North Macedonia,europe
1970,7778,65.32,1664208,North Macedonia,europe
1971,8199,66.29,1691216,North Macedonia,europe
1972,8507,66.82,1717395,North Macedonia,europe
1973,8937,67.78,1743816,North Macedonia,europe
1974,9354,68.5,1770545,North Macedonia,europe
1975,9688,68.7,1797972,North Macedonia,europe
1976,10016,69.32,1825830,North Macedonia,europe
1977,10543,69.64,1853138,North Macedonia,europe
1978,11295,69.72,1879847,North Macedonia,europe
1979,11986,69.97,1906523,North Macedonia,europe
1980,12021,70.09,1933038,North Macedonia,europe
1981,12093,70.26,1959065,North Macedonia,europe
1982,12168,70.81,1978956,North Macedonia,europe
1983,11890,69.46,1991901,North Macedonia,europe
1984,12257,70.14,2003399,North Macedonia,europe
1985,12144,70.54,2014331,North Macedonia,europe
1986,12978,70.48,2024732,North Macedonia,europe
1987,12801,69.86,2035157,North Macedonia,europe
1988,12394,69.4,2045737,North Macedonia,europe
1989,12633,69.37,2055649,North Macedonia,europe
1990,11378,70.48,2063689,North Macedonia,europe
1991,10692,70.75,2055994,North Macedonia,europe
1992,10013,70.3,2032523,North Macedonia,europe
1993,9287,70.21,2006854,North Macedonia,europe
1994,9134,70.55,1992666,North Macedonia,europe
1995,9025,70.71,1998534,North Macedonia,europe
1996,9104,70.97,2012553,North Macedonia,europe
1997,9201,71.19,2025755,North Macedonia,europe
1998,9461,71.1,2037568,North Macedonia,europe
1999,9824,71.37,2048087,North Macedonia,europe
2000,10225,71.55,2057253,North Macedonia,europe
2001,9870,71.43,2066301,North Macedonia,europe
2002,10090,71.55,2074484,North Macedonia,europe
2003,10281,71.68,2081411,North Macedonia,europe
2004,10731,72.18,2086581,North Macedonia,europe
2005,11214,72.46,2089807,North Macedonia,europe
2006,11770,72.32,2089233,North Macedonia,europe
2007,12512,72.42,2081972,North Macedonia,europe
2008,13175,72.89,2070834,North Macedonia,europe
2009,13103,72.98,2060599,North Macedonia,europe
2010,13515,73.41,2051505,North Macedonia,europe
2011,13807,73.74,2040446,North Macedonia,europe
2012,13728,73.69,2027289,North Macedonia,europe
2013,14109,73.96,2013280,North Macedonia,europe
2014,14597,73.95,1997833,North Macedonia,europe
2015,15139,73.95,1980366,North Macedonia,europe
2016,15553,73.84,1961259,North Macedonia,europe
2017,15706,74.12,1940879,North Macedonia,europe
2018,16146,74.27,1919728,North Macedonia,europe
2019,16773,74.37,1897641,North Macedonia,europe
2020,15805,72.83,1872015,North Macedonia,europe
1950,1762,41.29,3956073,Madagascar,africa
1951,1801,41.39,4057200,Madagascar,africa
1952,1838,41.59,4160835,Madagascar,africa
1953,1875,41.85,4267535,Madagascar,africa
1954,1912,42.14,4377319,Madagascar,africa
1955,1949,42.5,4490113,Madagascar,africa
1956,1987,42.83,4606422,Madagascar,africa
1957,2024,43.32,4726636,Madagascar,africa
1958,2061,43.83,4850846,Madagascar,africa
1959,2097,44.23,4979094,Madagascar,africa
1960,2084,44.83,5111029,Madagascar,africa
1961,2105,45.22,5246158,Madagascar,africa
1962,2129,45.65,5384150,Madagascar,africa
1963,2084,46.14,5525185,Madagascar,africa
1964,2141,46.6,5669863,Madagascar,africa
1965,2104,46.87,5819116,Madagascar,africa
1966,2121,46.88,5974279,Madagascar,africa
1967,2209,47.14,6136486,Madagascar,africa
1968,2328,47.55,6306493,Madagascar,africa
1969,2383,48.14,6484716,Madagascar,africa
1970,2471,48.44,6672003,Madagascar,africa
1971,2531,49.06,6868868,Madagascar,africa
1972,2462,49.82,7074398,Madagascar,africa
1973,2362,50.68,7288048,Madagascar,africa
1974,2370,51.4,7509726,Madagascar,africa
1975,2361,52.03,7739336,Madagascar,africa
1976,2246,52.65,7976831,Madagascar,africa
1977,2259,53.47,8222240,Madagascar,africa
1978,2159,54.1,8475864,Madagascar,africa
1979,2324,54.64,8737581,Madagascar,africa
1980,2296,54.9,9006032,Madagascar,africa
1981,2054,55.07,9279011,Madagascar,africa
1982,1973,54.51,9557671,Madagascar,africa
1983,1949,54.69,9843044,Madagascar,africa
1984,1836,54.7,10134550,Madagascar,africa
1985,1837,54.79,10433142,Madagascar,africa
1986,1809,54.42,10736857,Madagascar,africa
1987,1809,54.39,11047291,Madagascar,africa
1988,1795,54.87,11369462,Madagascar,africa
1989,1824,55.44,11704998,Madagascar,africa
1990,1853,55.92,12055639,Madagascar,africa
1991,1686,56.26,12421412,Madagascar,africa
1992,1656,56.61,12800870,Madagascar,africa
1993,1641,56.58,13197345,Madagascar,africa
1994,1591,57.31,13613850,Madagascar,africa
1995,1569,57.92,14051275,Madagascar,africa
1996,1554,58.17,14510711,Madagascar,africa
1997,1561,58.39,14990814,Madagascar,africa
1998,1572,58.64,15489364,Madagascar,africa
1999,1594,59.1,16000506,Madagascar,africa
2000,1614,59.52,16516338,Madagascar,africa
2001,1659,59.95,17032939,Madagascar,africa
2002,1409,60.01,17549913,Madagascar,africa
2003,1501,60.27,18071854,Madagascar,africa
2004,1534,60.58,18606608,Madagascar,africa
2005,1560,61.1,19159707,Madagascar,africa
2006,1597,61.51,19730909,Madagascar,africa
2007,1640,61.89,20318583,Madagascar,africa
2008,1701,62.14,20923840,Madagascar,africa
2009,1588,62.32,21547280,Madagascar,africa
2010,1553,62.57,22183340,Madagascar,africa
2011,1535,62.9,22822300,Madagascar,africa
2012,1539,63.21,23462438,Madagascar,africa
2013,1532,63.52,24109290,Madagascar,africa
2014,1541,63.83,24764348,Madagascar,africa
2015,1547,64.16,25426702,Madagascar,africa
2016,1566,64.5,26099952,Madagascar,africa
2017,1584,64.8,26788375,Madagascar,africa
2018,1592,65.11,27494926,Madagascar,africa
2019,1619,65.48,28219554,Madagascar,africa
2020,1450,65.6,28953556,Madagascar,africa
1950,600,34.36,2950300,Malawi,africa
1951,615,34.63,3002885,Malawi,africa
1952,628,34.94,3059378,Malawi,africa
1953,643,35.35,3119235,Malawi,africa
1954,658,35.58,3181529,Malawi,africa
1955,656,35.85,3246543,Malawi,africa
1956,696,36.19,3315298,Malawi,africa
1957,709,36.56,3387738,Malawi,africa
1958,718,36.98,3463947,Malawi,africa
1959,728,37.39,3544159,Malawi,africa
1960,730,37.71,3628134,Malawi,africa
1961,747,38.16,3715534,Malawi,africa
1962,725,38.53,3806307,Malawi,africa
1963,693,38.9,3900506,Malawi,africa
1964,661,39.2,3997305,Malawi,africa
1965,730,39.55,4096157,Malawi,africa
1966,782,40.06,4197926,Malawi,africa
1967,833,40.55,4303012,Malawi,africa
1968,800,41.01,4411054,Malawi,africa
1969,827,41.54,4521184,Malawi,africa
1970,816,42.05,4633944,Malawi,africa
1971,907,42.73,4751434,Malawi,africa
1972,970,43.46,4874475,Malawi,africa
1973,1020,44.18,5003938,Malawi,africa
1974,1055,44.87,5141337,Malawi,africa
1975,1060,45.55,5287367,Malawi,africa
1976,1067,46.19,5443384,Malawi,africa
1977,1087,46.77,5614983,Malawi,africa
1978,1146,47.55,5810132,Malawi,africa
1979,1161,48.29,6028749,Malawi,africa
1980,1130,48.83,6265529,Malawi,africa
1981,1039,49.22,6516454,Malawi,africa
1982,1014,49.55,6778879,Malawi,africa
1983,1022,49.83,7051709,Malawi,africa
1984,1034,50.02,7332810,Malawi,africa
1985,1078,50.16,7620508,Malawi,africa
1986,1043,50.15,7906480,Malawi,africa
1987,1006,50.09,8293174,Malawi,africa
1988,968,50.0,8753262,Malawi,africa
1989,958,49.67,9176220,Malawi,africa
1990,953,49.38,9545852,Malawi,africa
1991,1015,48.97,9844227,Malawi,africa
1992,932,48.53,10135079,Malawi,africa
1993,1020,47.79,10284024,Malawi,africa
1994,912,46.91,10164894,Malawi,africa
1995,1054,46.33,10150117,Malawi,africa
1996,1111,45.97,10352228,Malawi,africa
1997,1126,45.72,10562035,Malawi,africa
1998,1138,45.49,10792876,Malawi,africa
1999,1140,45.52,11047804,Malawi,africa
2000,1127,45.9,11315942,Malawi,africa
2001,1045,46.26,11593058,Malawi,africa
2002,1037,46.74,11880440,Malawi,africa
2003,1070,47.37,12181574,Malawi,africa
2004,1100,47.97,12500737,Malawi,africa
2005,1107,48.88,12840031,Malawi,africa
2006,1128,50.13,13198701,Malawi,africa
2007,1202,51.64,13576343,Malawi,africa
2008,1257,53.36,13976417,Malawi,africa
2009,1324,54.96,14395788,Malawi,africa
2010,1375,56.32,14826463,Malawi,africa
2011,1401,57.72,15265022,Malawi,africa
2012,1387,59.28,15709577,Malawi,africa
2013,1418,60.56,16161816,Malawi,africa
2014,1457,61.46,16621538,Malawi,africa
2015,1458,62.04,17085587,Malawi,africa
2016,1454,62.61,17557739,Malawi,africa
2017,1472,63.4,18039715,Malawi,africa
2018,1497,64.14,18528081,Malawi,africa
2019,1537,64.71,19025752,Malawi,africa
2020,1508,64.78,19533888,Malawi,africa
1950,2889,53.52,6098283,Malaysia,asia
1951,2668,53.64,6257417,Malaysia,asia
1952,2726,54.26,6422846,Malaysia,asia
1953,2668,56.15,6593943,Malaysia,asia
1954,2761,57.13,6772378,Malaysia,asia
1955,2705,58.94,6959963,Malaysia,asia
1956,2789,59.5,7156626,Malaysia,asia
1957,2696,58.81,7362822,Malaysia,asia
1958,2618,61.15,7562878,Malaysia,asia
1959,2718,63.56,7755786,Malaysia,asia
1960,2835,62.82,7956197,Malaysia,asia
1961,2959,63.55,8164443,Malaysia,asia
1962,3050,63.21,8380172,Malaysia,asia
1963,3118,63.88,8602160,Malaysia,asia
1964,3237,65.53,8828406,Malaysia,asia
1965,3390,65.51,9056408,Malaysia,asia
1966,3477,66.68,9284688,Malaysia,asia
1967,3457,66.09,9507099,Malaysia,asia
1968,3680,65.96,9725281,Malaysia,asia
1969,3809,66.45,9947597,Malaysia,asia
1970,3960,67.29,10178802,Malaysia,asia
1971,4164,67.41,10423453,Malaysia,asia
1972,4384,67.86,10676835,Malaysia,asia
1973,4917,68.07,10935621,Malaysia,asia
1974,5176,67.87,11200906,Malaysia,asia
1975,5113,67.51,11471914,Malaysia,asia
1976,5633,67.63,11750097,Malaysia,asia
1977,5971,67.7,12035713,Malaysia,asia
1978,6366,69.79,12328157,Malaysia,asia
1979,6746,70.3,12627862,Malaysia,asia
1980,7155,70.48,12983363,Malaysia,asia
1981,7502,70.33,13399203,Malaysia,asia
1982,7778,70.16,13832798,Malaysia,asia
1983,8078,69.98,14285907,Malaysia,asia
1984,8519,69.97,14759009,Malaysia,asia
1985,8241,70.03,15252258,Malaysia,asia
1986,8159,70.68,15760419,Malaysia,asia
1987,8406,71.03,16276737,Malaysia,asia
1988,8955,71.21,16796605,Malaysia,asia
1989,9595,71.59,17314997,Malaysia,asia
1990,10306,71.91,17833171,Malaysia,asia
1991,10991,72.21,18342464,Malaysia,asia
1992,11664,72.4,18834572,Malaysia,asia
1993,12501,72.35,19322664,Malaysia,asia
1994,13315,72.17,19820446,Malaysia,asia
1995,14260,71.82,20330599,Malaysia,asia
1996,15291,72.19,20850087,Malaysia,asia
1997,15996,72.48,21375218,Malaysia,asia
1998,14449,72.92,21906713,Malaysia,asia
1999,14966,72.08,22435531,Malaysia,asia
2000,15917,73.0,22967816,Malaysia,asia
2001,15652,73.34,23526538,Malaysia,asia
2002,16156,73.46,24102477,Malaysia,asia
2003,16751,73.47,24679602,Malaysia,asia
2004,17538,73.83,25256772,Malaysia,asia
2005,18114,74.12,25836071,Malaysia,asia
2006,18753,74.36,26417909,Malaysia,asia
2007,19547,74.51,26998389,Malaysia,asia
2008,20104,74.33,27570059,Malaysia,asia
2009,19443,74.17,28124778,Malaysia,asia
2010,20536,74.44,28655776,Malaysia,asia
2011,21289,74.61,29162039,Malaysia,asia
2012,22132,74.76,29662831,Malaysia,asia
2013,22856,75.32,30174265,Malaysia,asia
2014,23906,75.08,30696137,Malaysia,asia
2015,24788,75.04,31232798,Malaysia,asia
2016,25542,75.03,31789685,Malaysia,asia
2017,26662,75.07,32355644,Malaysia,asia
2018,27577,75.2,32910967,Malaysia,asia
2019,28421,75.04,33440596,Malaysia,asia
2020,26766,75.12,33889558,Malaysia,asia
1950,1792,30.65,74448,Maldives,asia
1951,1856,31.3,75713,Maldives,asia
1952,1922,31.99,77063,Maldives,asia
1953,1991,32.65,78491,Maldives,asia
1954,2061,33.33,79999,Maldives,asia
1955,2135,34.03,81602,Maldives,asia
1956,2212,34.74,83308,Maldives,asia
1957,2288,35.45,85121,Maldives,asia
1958,2371,36.15,87043,Maldives,asia
1959,2452,36.69,89057,Maldives,asia
1960,2539,37.84,91189,Maldives,asia
1961,2613,38.78,93450,Maldives,asia
1962,2687,39.65,95802,Maldives,asia
1963,2764,40.35,98222,Maldives,asia
1964,2844,41.56,100662,Maldives,asia
1965,2924,42.56,104102,Maldives,asia
1966,3001,43.41,108507,Maldives,asia
1967,3080,44.56,112528,Maldives,asia
1968,3160,45.62,116075,Maldives,asia
1969,3239,46.42,119564,Maldives,asia
1970,3324,47.53,123219,Maldives,asia
1971,3384,48.47,127035,Maldives,asia
1972,3345,49.44,130968,Maldives,asia
1973,3275,50.08,134952,Maldives,asia
1974,3341,50.84,138978,Maldives,asia
1975,2970,51.69,143158,Maldives,asia
1976,2894,52.33,147525,Maldives,asia
1977,3122,52.66,151930,Maldives,asia
1978,3473,51.48,156159,Maldives,asia
1979,3723,54.64,160360,Maldives,asia
1980,4266,55.95,164835,Maldives,asia
1981,4596,57.02,169532,Maldives,asia
1982,4290,58.01,174333,Maldives,asia
1983,4797,59.19,179128,Maldives,asia
1984,5857,60.44,184198,Maldives,asia
1985,6370,61.65,190169,Maldives,asia
1986,6714,62.61,196935,Maldives,asia
1987,7051,63.44,203944,Maldives,asia
1988,7402,64.18,210885,Maldives,asia
1989,7819,64.92,217738,Maldives,asia
1990,8800,65.48,224762,Maldives,asia
1991,9181,66.01,231802,Maldives,asia
1992,9466,66.58,238543,Maldives,asia
1993,9764,67.3,244884,Maldives,asia
1994,10139,68.14,250822,Maldives,asia
1995,10598,68.72,256649,Maldives,asia
1996,11208,69.19,262347,Maldives,asia
1997,11935,69.84,267707,Maldives,asia
1998,12609,70.84,272723,Maldives,asia
1999,13140,71.59,277412,Maldives,asia
2000,13358,72.23,282019,Maldives,asia
2001,12521,72.75,286767,Maldives,asia
2002,13072,73.72,291616,Maldives,asia
2003,14452,74.44,296491,Maldives,asia
2004,14901,73.86,301413,Maldives,asia
2005,12607,75.77,306429,Maldives,asia
2006,15516,76.31,313851,Maldives,asia
2007,16330,76.81,324479,Maldives,asia
2008,17448,77.2,336170,Maldives,asia
2009,15732,77.49,348275,Maldives,asia
2010,16305,77.77,360792,Maldives,asia
2011,17015,78.04,373674,Maldives,asia
2012,16708,78.3,386818,Maldives,asia
2013,17133,78.51,400070,Maldives,asia
2014,17568,78.69,413617,Maldives,asia
2015,17284,78.87,428154,Maldives,asia
2016,17584,78.89,443308,Maldives,asia
2017,18058,78.94,458287,Maldives,asia
2018,18794,79.01,473099,Maldives,asia
2019,19510,79.07,487731,Maldives,asia
2020,12760,79.11,502118,Maldives,asia
1950,846,35.19,4696911,Mali,africa
1951,860,35.37,4766701,Mali,africa
1952,874,35.61,4836363,Mali,africa
1953,889,35.92,4904800,Mali,africa
1954,904,36.19,4972910,Mali,africa
1955,919,36.43,5041934,Mali,africa
1956,933,36.68,5111976,Mali,africa
1957,949,36.92,5183130,Mali,africa
1958,965,37.15,5253468,Mali,africa
1959,982,37.41,5325639,Mali,africa
1960,989,37.66,5402550,Mali,africa
1961,977,37.87,5482283,Mali,africa
1962,963,38.08,5563917,Mali,africa
1963,1009,38.31,5646605,Mali,africa
1964,1035,38.43,5730125,Mali,africa
1965,1028,38.65,5815487,Mali,africa
1966,1050,38.94,5902204,Mali,africa
1967,1063,39.2,5990906,Mali,africa
1968,1079,39.48,6082979,Mali,africa
1969,1052,39.72,6177704,Mali,africa
1970,1094,40.21,6276472,Mali,africa
1971,1107,40.47,6377944,Mali,africa
1972,1139,41.12,6483726,Mali,africa
1973,1087,41.54,6597106,Mali,africa
1974,1037,41.92,6715436,Mali,africa
1975,1154,42.42,6837261,Mali,africa
1976,1282,43.05,6960979,Mali,africa
1977,1351,43.74,7090979,Mali,africa
1978,1297,44.38,7229651,Mali,africa
1979,1585,45.15,7375266,Mali,africa
1980,1378,45.75,7530515,Mali,africa
1981,1311,46.15,7692766,Mali,africa
1982,1217,46.78,7860194,Mali,africa
1983,1249,47.36,8034400,Mali,africa
1984,1282,47.73,8208599,Mali,africa
1985,1289,48.26,8374663,Mali,africa
1986,1348,49.01,8531277,Mali,africa
1987,1349,49.35,8681164,Mali,africa
1988,1324,49.7,8833996,Mali,africa
1989,1430,50.02,8999938,Mali,africa
1990,1415,50.19,9178830,Mali,africa
1991,1547,50.65,9362888,Mali,africa
1992,1461,50.96,9553540,Mali,africa
1993,1468,51.3,9754786,Mali,africa
1994,1483,51.36,9967031,Mali,africa
1995,1458,51.66,10185365,Mali,africa
1996,1520,51.89,10407278,Mali,africa
1997,1553,51.15,10646495,Mali,africa
1998,1628,50.99,10919573,Mali,africa
1999,1675,52.93,11227415,Mali,africa
2000,1628,53.28,11559290,Mali,africa
2001,1824,53.82,11912158,Mali,africa
2002,1825,54.28,12288050,Mali,africa
2003,1930,54.91,12684955,Mali,africa
2004,1899,55.65,13102409,Mali,africa
2005,1959,56.16,13538647,Mali,africa
2006,1984,56.6,13990139,Mali,africa
2007,1986,57.11,14457775,Mali,africa
2008,2012,57.57,14940782,Mali,africa
2009,2041,58.0,15435539,Mali,africa
2010,2083,58.44,15945198,Mali,africa
2011,2085,58.9,16469049,Mali,africa
2012,2008,59.15,16957033,Mali,africa
2013,1995,59.16,17459615,Mali,africa
2014,2075,59.53,18020267,Mali,africa
2015,2140,59.88,18593022,Mali,africa
2016,2199,60.4,19191289,Mali,africa
2017,2247,60.84,19813011,Mali,africa
2018,2284,61.23,20442030,Mali,africa
2019,2322,61.83,21068405,Mali,africa
2020,2226,61.97,21713836,Mali,africa
1950,1829,63.23,294680,Malta,europe
1951,1909,63.56,300455,Malta,europe
1952,1977,64.8,304908,Malta,europe
1953,2068,65.91,309344,Malta,europe
1954,2144,66.58,313745,Malta,europe
1955,2244,67.5,318139,Malta,europe
1956,2499,68.06,322456,Malta,europe
1957,2492,68.44,326694,Malta,europe
1958,2621,68.88,329408,Malta,europe
1959,2648,69.07,330353,Malta,europe
1960,2770,69.08,330820,Malta,europe
1961,2749,69.18,330849,Malta,europe
1962,2635,69.31,330488,Malta,europe
1963,2642,69.41,329805,Malta,europe
1964,2740,69.56,328788,Malta,europe
1965,2974,69.73,327398,Malta,europe
1966,3317,69.96,325675,Malta,europe
1967,3540,70.17,323813,Malta,europe
1968,3893,70.42,323512,Malta,europe
1969,4104,70.63,324753,Malta,europe
1970,4589,70.93,326011,Malta,europe
1971,4711,71.17,327293,Malta,europe
1972,5087,71.41,328609,Malta,europe
1973,5264,71.58,330053,Malta,europe
1974,5772,71.78,331679,Malta,europe
1975,6820,71.98,333450,Malta,europe
1976,7956,72.19,335286,Malta,europe
1977,8867,72.39,337161,Malta,europe
1978,9646,72.36,339061,Malta,europe
1979,10456,72.57,340971,Malta,europe
1980,10680,72.74,342877,Malta,europe
1981,11060,73.1,344752,Malta,europe
1982,11439,73.39,346644,Malta,europe
1983,11528,73.72,348591,Malta,europe
1984,11799,74.26,350551,Malta,europe
1985,12273,74.73,352566,Malta,europe
1986,12783,75.29,355077,Malta,europe
1987,13236,75.78,358080,Malta,europe
1988,14251,76.08,361224,Malta,europe
1989,15293,76.26,364522,Malta,europe
1990,16107,76.59,367908,Malta,europe
1991,16660,76.85,371332,Malta,europe
1992,17262,77.04,374795,Malta,europe
1993,17856,77.34,378217,Malta,europe
1994,18690,77.69,381454,Malta,europe
1995,19737,77.84,384550,Malta,europe
1996,20349,78.02,387624,Malta,europe
1997,21257,78.2,390679,Malta,europe
1998,22202,78.49,393774,Malta,europe
1999,23112,78.62,396889,Malta,europe
2000,27483,78.83,399895,Malta,europe
2001,26957,79.03,402784,Malta,europe
2002,27443,79.13,405565,Malta,europe
2003,28374,79.32,408226,Malta,europe
2004,28223,79.62,410798,Malta,europe
2005,28993,79.98,413320,Malta,europe
2006,29613,80.26,415454,Malta,europe
2007,30919,80.41,417197,Malta,europe
2008,31893,80.58,418969,Malta,europe
2009,31295,80.83,420795,Malta,europe
2010,32868,81.08,422651,Malta,europe
2011,32882,81.2,424628,Malta,europe
2012,33929,81.36,426611,Malta,europe
2013,35287,81.59,428452,Malta,europe
2014,37230,81.82,434485,Malta,europe
2015,39845,82.18,444981,Malta,europe
2016,40537,82.25,455269,Malta,europe
2017,42644,82.38,467902,Malta,europe
2018,43314,82.5,484558,Malta,europe
2019,43951,82.57,504015,Malta,europe
2020,38637,82.27,518207,Malta,europe
1950,1531,52.14,12996,Marshall Islands,asia
1951,1567,52.59,13111,Marshall Islands,asia
1952,1603,53.01,13215,Marshall Islands,asia
1953,1640,53.44,13309,Marshall Islands,asia
1954,1678,53.85,13392,Marshall Islands,asia
1955,1717,54.28,13482,Marshall Islands,asia
1956,1757,54.73,13570,Marshall Islands,asia
1957,1798,55.15,13638,Marshall Islands,asia
1958,1840,55.57,13805,Marshall Islands,asia
1959,1881,55.97,14197,Marshall Islands,asia
1960,1926,56.34,14703,Marshall Islands,asia
1961,1970,56.66,15219,Marshall Islands,asia
1962,2017,56.95,15755,Marshall Islands,asia
1963,2065,57.24,16302,Marshall Islands,asia
1964,2113,57.58,16852,Marshall Islands,asia
1965,2163,57.9,17402,Marshall Islands,asia
1966,2213,58.18,17927,Marshall Islands,asia
1967,2265,58.46,18655,Marshall Islands,asia
1968,2319,58.74,19862,Marshall Islands,asia
1969,2374,59.04,21305,Marshall Islands,asia
1970,2429,59.36,22530,Marshall Islands,asia
1971,2487,59.72,23366,Marshall Islands,asia
1972,2544,60.04,23992,Marshall Islands,asia
1973,2604,60.47,24581,Marshall Islands,asia
1974,2870,60.92,25296,Marshall Islands,asia
1975,2757,61.29,26154,Marshall Islands,asia
1976,2665,61.68,27021,Marshall Islands,asia
1977,2640,62.02,27906,Marshall Islands,asia
1978,2699,62.34,28809,Marshall Islands,asia
1979,2662,62.65,29738,Marshall Islands,asia
1980,2377,62.87,30774,Marshall Islands,asia
1981,2427,63.08,32017,Marshall Islands,asia
1982,2394,63.23,33397,Marshall Islands,asia
1983,2660,62.82,34811,Marshall Islands,asia
1984,2609,62.91,36264,Marshall Islands,asia
1985,2425,63.07,37761,Marshall Islands,asia
1986,2831,63.26,39286,Marshall Islands,asia
1987,3057,63.4,40828,Marshall Islands,asia
1988,3203,63.3,42321,Marshall Islands,asia
1989,3106,63.12,43586,Marshall Islands,asia
1990,3302,62.88,44629,Marshall Islands,asia
1991,3227,62.79,45568,Marshall Islands,asia
1992,3399,62.69,46388,Marshall Islands,asia
1993,3561,62.77,47093,Marshall Islands,asia
1994,3741,63.43,47712,Marshall Islands,asia
1995,4029,63.33,48266,Marshall Islands,asia
1996,3609,63.28,48775,Marshall Islands,asia
1997,3381,63.14,49259,Marshall Islands,asia
1998,3360,63.07,49717,Marshall Islands,asia
1999,3313,62.99,50202,Marshall Islands,asia
2000,3336,62.67,50706,Marshall Islands,asia
2001,3518,62.95,51123,Marshall Islands,asia
2002,3583,62.98,51425,Marshall Islands,asia
2003,3453,63.01,51639,Marshall Islands,asia
2004,3421,63.07,51791,Marshall Islands,asia
2005,3452,63.14,51906,Marshall Islands,asia
2006,3409,63.19,51992,Marshall Islands,asia
2007,3501,63.37,52035,Marshall Islands,asia
2008,3278,63.56,52030,Marshall Islands,asia
2009,3377,63.75,52019,Marshall Islands,asia
2010,3595,63.95,52044,Marshall Islands,asia
2011,3563,64.16,51907,Marshall Islands,asia
2012,3470,64.38,51419,Marshall Islands,asia
2013,3595,64.59,50681,Marshall Islands,asia
2014,3545,64.77,49796,Marshall Islands,asia
2015,3586,64.92,48800,Marshall Islands,asia
2016,3616,65.06,47709,Marshall Islands,asia
2017,3712,65.22,46529,Marshall Islands,asia
2018,3821,65.35,45285,Marshall Islands,asia
2019,4049,65.49,44007,Marshall Islands,asia
1950,789,47.6,657715,Mauritania,africa
1951,811,47.94,670884,Mauritania,africa
1952,833,48.32,684804,Mauritania,africa
1953,856,48.72,699390,Mauritania,africa
1954,879,49.09,714673,Mauritania,africa
1955,902,49.45,730724,Mauritania,africa
1956,926,50.04,747606,Mauritania,africa
1957,949,49.82,765346,Mauritania,africa
1958,973,49.8,783996,Mauritania,africa
1959,997,50.3,803606,Mauritania,africa
1960,1061,50.61,824298,Mauritania,africa
1961,1291,50.96,846167,Mauritania,africa
1962,1310,51.42,869184,Mauritania,africa
1963,1272,51.69,893423,Mauritania,africa
1964,1702,52.16,918955,Mauritania,africa
1965,1997,52.8,945838,Mauritania,africa
1966,2060,53.34,974157,Mauritania,africa
1967,2186,53.8,1003843,Mauritania,africa
1968,2435,54.3,1034739,Mauritania,africa
1969,2446,54.68,1066754,Mauritania,africa
1970,2753,55.03,1099806,Mauritania,africa
1971,2820,55.17,1133702,Mauritania,africa
1972,2873,55.33,1168355,Mauritania,africa
1973,2891,55.4,1203838,Mauritania,africa
1974,3179,55.53,1240188,Mauritania,africa
1975,3544,54.92,1277330,Mauritania,africa
1976,3821,55.18,1315336,Mauritania,africa
1977,3849,55.45,1353768,Mauritania,africa
1978,3590,55.65,1392713,Mauritania,africa
1979,3979,56.59,1432758,Mauritania,africa
1980,4027,56.82,1474043,Mauritania,africa
1981,4209,57.07,1516877,Mauritania,africa
1982,3897,57.21,1561176,Mauritania,africa
1983,4005,57.37,1606746,Mauritania,africa
1984,3923,57.54,1653693,Mauritania,africa
1985,4058,57.76,1702107,Mauritania,africa
1986,4292,58.12,1751835,Mauritania,africa
1987,4382,58.4,1803014,Mauritania,africa
1988,4425,58.82,1855859,Mauritania,africa
1989,4596,58.97,1903048,Mauritania,africa
1990,4548,59.38,1951878,Mauritania,africa
1991,4510,59.86,2009738,Mauritania,africa
1992,4477,60.22,2088135,Mauritania,africa
1993,4620,60.61,2174328,Mauritania,africa
1994,4365,60.84,2249454,Mauritania,africa
1995,4674,61.33,2312017,Mauritania,africa
1996,4822,61.73,2358188,Mauritania,africa
1997,4512,62.19,2411306,Mauritania,africa
1998,4521,62.62,2474651,Mauritania,africa
1999,4567,63.14,2541698,Mauritania,africa
2000,4274,63.61,2613441,Mauritania,africa
2001,4126,64.06,2678760,Mauritania,africa
2002,4069,64.55,2738655,Mauritania,africa
2003,4231,65.0,2802046,Mauritania,africa
2004,4307,65.45,2868664,Mauritania,africa
2005,4545,65.8,2939059,Mauritania,africa
2006,5227,66.46,3013660,Mauritania,africa
2007,4979,66.92,3093059,Mauritania,africa
2008,4821,67.4,3183269,Mauritania,africa
2009,4688,67.76,3284448,Mauritania,africa
2010,4672,68.09,3390965,Mauritania,africa
2011,4725,68.38,3502811,Mauritania,africa
2012,4793,68.7,3619034,Mauritania,africa
2013,4847,68.99,3734318,Mauritania,africa
2014,4908,69.32,3848514,Mauritania,africa
2015,5024,69.6,3965959,Mauritania,africa
2016,4945,69.94,4086657,Mauritania,africa
2017,5109,70.23,4210600,Mauritania,africa
2018,5193,70.49,4337685,Mauritania,africa
2019,5344,70.78,4467708,Mauritania,africa
2020,5137,70.68,4600131,Mauritania,africa
1950,4582,53.1,525558,Mauritius,africa
1951,4675,52.9,541169,Mauritius,africa
1952,4652,52.71,557176,Mauritius,africa
1953,4657,51.69,571920,Mauritius,africa
1954,4760,52.84,585479,Mauritius,africa
1955,4760,55.89,599588,Mauritius,africa
1956,4773,57.11,614557,Mauritius,africa
1957,4808,55.51,630404,Mauritius,africa
1958,4803,57.01,647154,Mauritius,africa
1959,4942,58.29,664835,Mauritius,africa
1960,5110,58.06,680331,Mauritius,africa
1961,6026,60.07,692529,Mauritius,africa
1962,5819,61.3,705274,Mauritius,africa
1963,6410,61.08,720351,Mauritius,africa
1964,5717,62.34,736537,Mauritius,africa
1965,5669,62.51,752660,Mauritius,africa
1966,5261,62.28,768650,Mauritius,africa
1967,5304,62.12,784257,Mauritius,africa
1968,4776,61.34,799280,Mauritius,africa
1969,4864,62.72,813741,Mauritius,africa
1970,4694,63.69,827696,Mauritius,africa
1971,4762,64.0,841106,Mauritius,africa
1972,5003,63.7,853604,Mauritius,africa
1973,5442,63.93,865144,Mauritius,africa
1974,5703,65.07,876463,Mauritius,africa
1975,5601,63.96,888023,Mauritius,africa
1976,6635,64.88,899852,Mauritius,africa
1977,6832,65.05,912147,Mauritius,africa
1978,6849,66.4,925277,Mauritius,africa
1979,6837,66.49,939387,Mauritius,africa
1980,5932,67.24,954216,Mauritius,africa
1981,6069,67.58,969218,Mauritius,africa
1982,6201,68.46,983610,Mauritius,africa
1983,6046,68.75,997366,Mauritius,africa
1984,6151,69.12,1011238,Mauritius,africa
1985,6391,68.82,1025063,Mauritius,africa
1986,6820,69.23,1038344,Mauritius,africa
1987,7302,69.49,1051111,Mauritius,africa
1988,7569,69.67,1063593,Mauritius,africa
1989,7683,69.91,1075982,Mauritius,africa
1990,7990,70.2,1089024,Mauritius,africa
1991,8254,70.79,1103041,Mauritius,africa
1992,8677,70.8,1117670,Mauritius,africa
1993,9010,70.69,1132393,Mauritius,africa
1994,9253,70.84,1146548,Mauritius,africa
1995,9567,71.09,1159821,Mauritius,africa
1996,9999,71.16,1172383,Mauritius,africa
1997,10436,71.06,1184299,Mauritius,africa
1998,10954,71.76,1195105,Mauritius,africa
1999,11098,71.9,1205891,Mauritius,africa
2000,11891,72.32,1216629,Mauritius,africa
2001,12192,72.63,1225801,Mauritius,africa
2002,12303,72.66,1234085,Mauritius,africa
2003,12938,72.86,1242099,Mauritius,africa
2004,13414,73.18,1249800,Mauritius,africa
2005,13572,73.16,1257215,Mauritius,africa
2006,14166,73.34,1263781,Mauritius,africa
2007,14909,73.75,1269518,Mauritius,africa
2008,15656,73.73,1274635,Mauritius,africa
2009,16132,73.84,1278972,Mauritius,africa
2010,16798,74.21,1282709,Mauritius,africa
2011,17455,74.61,1286267,Mauritius,africa
2012,18015,74.74,1289170,Mauritius,africa
2013,18579,75.07,1290984,Mauritius,africa
2014,19240,75.0,1292005,Mauritius,africa
2015,19897,75.17,1292275,Mauritius,africa
2016,20647,75.21,1291803,Mauritius,africa
2017,21415,75.25,1290655,Mauritius,africa
2018,22208,75.32,1288833,Mauritius,africa
2019,22870,75.48,1286270,Mauritius,africa
2020,19457,75.53,1283223,Mauritius,africa
1950,4080,48.76,27587939,Mexico,americas
1951,4270,48.9,28320482,Mexico,americas
1952,4308,50.16,29090173,Mexico,americas
1953,4187,51.0,29899233,Mexico,americas
1954,4477,52.82,30753005,Mexico,americas
1955,4720,53.59,31650600,Mexico,americas
1956,4897,54.51,32587934,Mexico,americas
1957,5118,54.92,33562724,Mexico,americas
1958,5232,55.8,34575068,Mexico,americas
1959,5228,56.28,35627266,Mexico,americas
1960,5490,57.15,36724615,Mexico,americas
1961,5649,58.17,37890118,Mexico,americas
1962,5797,59.14,39129200,Mexico,americas
1963,6143,58.94,40424065,Mexico,americas
1964,6738,59.54,41772049,Mexico,americas
1965,7031,59.87,43174477,Mexico,americas
1966,7367,60.4,44629106,Mexico,americas
1967,7670,60.83,46129608,Mexico,americas
1968,8127,61.0,47668303,Mexico,americas
1969,8459,61.23,49233194,Mexico,americas
1970,8857,61.44,50814953,Mexico,americas
1971,8995,62.49,52412558,Mexico,americas
1972,9534,62.75,54030168,Mexico,americas
1973,10078,63.0,55667284,Mexico,americas
1974,10447,63.69,57320149,Mexico,americas
1975,10830,64.21,58982400,Mexico,americas
1976,11095,64.62,60645512,Mexico,americas
1977,11261,65.06,62308493,Mexico,americas
1978,12077,65.9,63979046,Mexico,americas
1979,13052,65.93,65648865,Mexico,americas
1980,14050,66.19,67300334,Mexico,americas
1981,15044,66.57,68892108,Mexico,americas
1982,14748,67.15,70433260,Mexico,americas
1983,14029,67.76,71971240,Mexico,americas
1984,14328,68.36,73506846,Mexico,americas
1985,14464,68.62,75043414,Mexico,americas
1986,13839,69.23,76585637,Mexico,americas
1987,13916,69.65,78136651,Mexico,americas
1988,13937,69.92,79695531,Mexico,americas
1989,14357,70.33,81247182,Mexico,americas
1990,14949,70.85,82820170,Mexico,americas
1991,15293,71.29,84430572,Mexico,americas
1992,15551,71.55,86044809,Mexico,americas
1993,15575,71.82,87653807,Mexico,americas
1994,16067,72.18,89259205,Mexico,americas
1995,14809,72.35,90862455,Mexico,americas
1996,15560,72.69,92452702,Mexico,americas
1997,16368,72.93,94021207,Mexico,americas
1998,16954,73.2,95575245,Mexico,americas
1999,17166,73.69,97115707,Mexico,americas
2000,17757,74.21,98625552,Mexico,americas
2001,17438,74.57,100099099,Mexico,americas
2002,17194,74.62,101548624,Mexico,americas
2003,17206,74.68,102978515,Mexico,americas
2004,17635,75.05,104394131,Mexico,americas
2005,17789,75.01,105811504,Mexico,americas
2006,18319,75.34,107253666,Mexico,americas
2007,18463,75.57,108774360,Mexico,americas
2008,18397,75.24,110374288,Mexico,americas
2009,17169,75.05,111999721,Mexico,americas
2010,17790,75.25,113623895,Mexico,americas
2011,18186,75.55,115243504,Mexico,americas
2012,18595,75.72,116818208,Mexico,americas
2013,18600,75.52,118343573,Mexico,americas
2014,18888,75.61,119784261,Mexico,americas
2015,19269,75.73,121072306,Mexico,americas
2016,19539,75.47,122251351,Mexico,americas
2017,19721,75.5,123400057,Mexico,americas
2018,19928,75.48,124573711,Mexico,americas
2019,19677,75.63,125762982,Mexico,americas
2020,17898,72.97,126799054,Mexico,americas
1950,1319,49.89,32106,"Micronesia, Fed. Sts.",asia
1951,1346,50.17,33003,"Micronesia, Fed. Sts.",asia
1952,1373,50.45,33930,"Micronesia, Fed. Sts.",asia
1953,1401,50.74,34911,"Micronesia, Fed. Sts.",asia
1954,1430,51.05,35921,"Micronesia, Fed. Sts.",asia
1955,1458,51.37,36974,"Micronesia, Fed. Sts.",asia
1956,1488,51.7,38080,"Micronesia, Fed. Sts.",asia
1957,1518,52.0,39218,"Micronesia, Fed. Sts.",asia
1958,1549,52.32,40407,"Micronesia, Fed. Sts.",asia
1959,1579,52.66,41659,"Micronesia, Fed. Sts.",asia
1960,1612,53.01,43061,"Micronesia, Fed. Sts.",asia
1961,1641,53.37,44610,"Micronesia, Fed. Sts.",asia
1962,1673,53.71,46218,"Micronesia, Fed. Sts.",asia
1963,1704,54.06,47744,"Micronesia, Fed. Sts.",asia
1964,1736,54.45,49181,"Micronesia, Fed. Sts.",asia
1965,1768,54.86,50684,"Micronesia, Fed. Sts.",asia
1966,1801,55.21,52258,"Micronesia, Fed. Sts.",asia
1967,1835,55.58,53846,"Micronesia, Fed. Sts.",asia
1968,1869,55.92,55457,"Micronesia, Fed. Sts.",asia
1969,1904,56.27,57145,"Micronesia, Fed. Sts.",asia
1970,1940,56.59,58922,"Micronesia, Fed. Sts.",asia
1971,1961,56.97,60636,"Micronesia, Fed. Sts.",asia
1972,1974,57.33,62278,"Micronesia, Fed. Sts.",asia
1973,2641,57.67,63986,"Micronesia, Fed. Sts.",asia
1974,3035,57.99,65749,"Micronesia, Fed. Sts.",asia
1975,3002,58.28,67428,"Micronesia, Fed. Sts.",asia
1976,2951,58.6,69049,"Micronesia, Fed. Sts.",asia
1977,2941,58.94,70753,"Micronesia, Fed. Sts.",asia
1978,3007,59.26,72754,"Micronesia, Fed. Sts.",asia
1979,2966,59.62,75054,"Micronesia, Fed. Sts.",asia
1980,2659,59.74,77407,"Micronesia, Fed. Sts.",asia
1981,2817,59.85,79794,"Micronesia, Fed. Sts.",asia
1982,2652,59.71,82219,"Micronesia, Fed. Sts.",asia
1983,2620,60.15,84680,"Micronesia, Fed. Sts.",asia
1984,2438,60.37,87176,"Micronesia, Fed. Sts.",asia
1985,2762,60.56,89707,"Micronesia, Fed. Sts.",asia
1986,2904,60.72,92266,"Micronesia, Fed. Sts.",asia
1987,2892,60.76,94844,"Micronesia, Fed. Sts.",asia
1988,2997,61.01,97097,"Micronesia, Fed. Sts.",asia
1989,2948,61.16,99003,"Micronesia, Fed. Sts.",asia
1990,2996,61.29,100888,"Micronesia, Fed. Sts.",asia
1991,3137,61.41,102754,"Micronesia, Fed. Sts.",asia
1992,3179,61.54,104806,"Micronesia, Fed. Sts.",asia
1993,3355,61.69,107066,"Micronesia, Fed. Sts.",asia
1994,3270,61.81,109075,"Micronesia, Fed. Sts.",asia
1995,3450,62.03,110230,"Micronesia, Fed. Sts.",asia
1996,3317,62.18,110710,"Micronesia, Fed. Sts.",asia
1997,3111,62.36,111071,"Micronesia, Fed. Sts.",asia
1998,3207,62.55,111377,"Micronesia, Fed. Sts.",asia
1999,3265,62.75,111680,"Micronesia, Fed. Sts.",asia
2000,3434,62.58,112044,"Micronesia, Fed. Sts.",asia
2001,3516,63.18,112365,"Micronesia, Fed. Sts.",asia
2002,3540,62.47,112448,"Micronesia, Fed. Sts.",asia
2003,3600,63.61,112285,"Micronesia, Fed. Sts.",asia
2004,3498,63.66,111925,"Micronesia, Fed. Sts.",asia
2005,3586,63.77,111412,"Micronesia, Fed. Sts.",asia
2006,3609,63.84,110729,"Micronesia, Fed. Sts.",asia
2007,3574,63.92,109880,"Micronesia, Fed. Sts.",asia
2008,3518,63.95,108936,"Micronesia, Fed. Sts.",asia
2009,3577,63.99,107957,"Micronesia, Fed. Sts.",asia
2010,3660,64.04,107540,"Micronesia, Fed. Sts.",asia
2011,3757,64.12,107698,"Micronesia, Fed. Sts.",asia
2012,3649,64.2,107890,"Micronesia, Fed. Sts.",asia
2013,3468,64.22,108121,"Micronesia, Fed. Sts.",asia
2014,3340,64.19,108396,"Micronesia, Fed. Sts.",asia
2015,3448,64.05,108716,"Micronesia, Fed. Sts.",asia
2016,3437,64.13,109075,"Micronesia, Fed. Sts.",asia
2017,3490,64.15,109481,"Micronesia, Fed. Sts.",asia
2018,3461,64.14,109909,"Micronesia, Fed. Sts.",asia
2019,3466,64.13,110282,"Micronesia, Fed. Sts.",asia
2020,3397,64.18,110916,"Micronesia, Fed. Sts.",asia
1950,3357,53.39,2528360,Moldova,europe
1951,3351,53.78,2572745,Moldova,europe
1952,3545,54.31,2619778,Moldova,europe
1953,3674,54.85,2669505,Moldova,europe
1954,3828,55.39,2721546,Moldova,europe
1955,4125,55.99,2775557,Moldova,europe
1956,4484,56.62,2831238,Moldova,europe
1957,4541,57.21,2887995,Moldova,europe
1958,4845,57.94,2944561,Moldova,europe
1959,4751,58.03,3007367,Moldova,europe
1960,5158,58.42,3076166,Moldova,europe
1961,5442,58.83,3143887,Moldova,europe
1962,5585,59.25,3209505,Moldova,europe
1963,5460,59.65,3271788,Moldova,europe
1964,6197,60.12,3330238,Moldova,europe
1965,6589,60.77,3385972,Moldova,europe
1966,7045,61.22,3440655,Moldova,europe
1967,7504,61.7,3494202,Moldova,europe
1968,8107,62.18,3547082,Moldova,europe
1969,8391,62.66,3599990,Moldova,europe
1970,9224,62.87,3643517,Moldova,europe
1971,9656,63.05,3677927,Moldova,europe
1972,9899,63.31,3713997,Moldova,europe
1973,10940,63.52,3752623,Moldova,europe
1974,11160,63.71,3793847,Moldova,europe
1975,11383,64.05,3836946,Moldova,europe
1976,11608,64.38,3881030,Moldova,europe
1977,11837,64.83,3925583,Moldova,europe
1978,12069,65.12,3970294,Moldova,europe
1979,12303,65.61,4010389,Moldova,europe
1980,12541,65.79,4048713,Moldova,europe
1981,13316,66.06,4089538,Moldova,europe
1982,14144,66.15,4130065,Moldova,europe
1983,14792,65.33,4172076,Moldova,europe
1984,15131,65.7,4215888,Moldova,europe
1985,13670,66.32,4261131,Moldova,europe
1986,14599,67.88,4309366,Moldova,europe
1987,14618,68.6,4359064,Moldova,europe
1988,14580,68.58,4407769,Moldova,europe
1989,15565,68.59,4439380,Moldova,europe
1990,15023,68.27,4451148,Moldova,europe
1991,12272,67.64,4456609,Moldova,europe
1992,8634,67.81,4455711,Moldova,europe
1993,8460,67.84,4448239,Moldova,europe
1994,5808,66.37,4434456,Moldova,europe
1995,5696,66.03,4414211,Moldova,europe
1996,5372,66.87,4387655,Moldova,europe
1997,5481,68.14,4355538,Moldova,europe
1998,5124,68.84,4318715,Moldova,europe
1999,4960,68.79,4278216,Moldova,europe
2000,5074,68.86,4234967,Moldova,europe
2001,5396,69.19,4189770,Moldova,europe
2002,5830,69.14,4142930,Moldova,europe
2003,6233,69.13,4095419,Moldova,europe
2004,6710,69.39,4046669,Moldova,europe
2005,7231,68.9,3988669,Moldova,europe
2006,7600,69.37,3921316,Moldova,europe
2007,7846,69.6,3851396,Moldova,europe
2008,8474,69.93,3779504,Moldova,europe
2009,7975,70.07,3706210,Moldova,europe
2010,8550,69.95,3631992,Moldova,europe
2011,9053,71.69,3557266,Moldova,europe
2012,9001,71.97,3482626,Moldova,europe
2013,9817,72.65,3408738,Moldova,europe
2014,10314,72.33,3342709,Moldova,europe
2015,10361,72.08,3287164,Moldova,europe
2016,10943,72.63,3237794,Moldova,europe
2017,11651,73.66,3193497,Moldova,europe
2018,12363,73.99,3153773,Moldova,europe
2019,13027,74.33,3112562,Moldova,europe
2020,12162,73.32,3069131,Moldova,europe
1950,12573,68.15,19666,Monaco,europe
1951,13130,68.14,20348,Monaco,europe
1952,13710,68.34,20558,Monaco,europe
1953,14316,68.65,20662,Monaco,europe
1954,14950,68.98,20663,Monaco,europe
1955,15611,69.31,20575,Monaco,europe
1956,16301,69.66,20720,Monaco,europe
1957,17022,70.01,21093,Monaco,europe
1958,17775,70.36,21404,Monaco,europe
1959,18560,70.7,21646,Monaco,europe
1960,19381,70.9,21808,Monaco,europe
1961,20237,71.09,21901,Monaco,europe
1962,21131,71.3,22078,Monaco,europe
1963,22065,71.5,22385,Monaco,europe
1964,23040,71.81,22686,Monaco,europe
1965,24057,72.08,22941,Monaco,europe
1966,25120,72.35,23131,Monaco,europe
1967,26230,72.61,23230,Monaco,europe
1968,27389,72.92,23437,Monaco,europe
1969,28598,73.26,23831,Monaco,europe
1970,29862,73.62,24229,Monaco,europe
1971,31191,73.88,24576,Monaco,europe
1972,32382,74.18,24862,Monaco,europe
1973,34255,74.47,25072,Monaco,europe
1974,35541,74.75,25235,Monaco,europe
1975,34990,74.99,25500,Monaco,europe
1976,36361,75.21,25895,Monaco,europe
1977,37495,75.42,26273,Monaco,europe
1978,38833,75.6,26605,Monaco,europe
1979,40060,75.79,26892,Monaco,europe
1980,40573,75.97,27122,Monaco,europe
1981,40761,76.15,27293,Monaco,europe
1982,41546,76.19,27561,Monaco,europe
1983,41821,76.42,27960,Monaco,europe
1984,42217,76.73,28356,Monaco,europe
1985,42717,77.04,28731,Monaco,europe
1986,43534,77.35,29093,Monaco,europe
1987,44387,77.78,29446,Monaco,europe
1988,46189,77.85,29781,Monaco,europe
1989,47867,77.98,30084,Monaco,europe
1990,48875,78.11,30358,Monaco,europe
1991,49092,78.24,30625,Monaco,europe
1992,49475,78.35,30887,Monaco,europe
1993,48750,78.44,31136,Monaco,europe
1994,49574,78.51,31375,Monaco,europe
1995,50393,78.57,31609,Monaco,europe
1996,50757,78.62,31837,Monaco,europe
1997,51724,78.68,32063,Monaco,europe
1998,53370,78.74,32267,Monaco,europe
1999,54931,78.79,32410,Monaco,europe
2000,56830,78.84,32455,Monaco,europe
2001,57571,78.88,32447,Monaco,europe
2002,57803,78.92,32422,Monaco,europe
2003,58047,78.95,32374,Monaco,europe
2004,59089,78.97,32307,Monaco,europe
2005,59729,78.98,32210,Monaco,europe
2006,61851,79.01,32057,Monaco,europe
2007,68977,79.08,31837,Monaco,europe
2008,67762,79.13,31836,Monaco,europe
2009,60831,79.15,32364,Monaco,europe
2010,61297,79.16,33163,Monaco,europe
2011,65751,79.21,33946,Monaco,europe
2012,65751,79.26,34711,Monaco,europe
2013,65531,79.33,35447,Monaco,europe
2014,65962,79.43,36128,Monaco,europe
2015,66540,79.55,36757,Monaco,europe
2016,67394,79.68,37276,Monaco,europe
2017,68027,79.82,37678,Monaco,europe
2018,68730,79.94,38154,Monaco,europe
2019,69440,80.06,38109,Monaco,europe
1950,787,38.89,781688,Mongolia,asia
1951,810,39.25,794323,Mongolia,asia
1952,836,39.65,807086,Mongolia,asia
1953,861,40.07,820273,Mongolia,asia
1954,888,40.54,834018,Mongolia,asia
1955,914,41.02,848684,Mongolia,asia
1956,942,41.53,868482,Mongolia,asia
1957,971,40.44,893234,Mongolia,asia
1958,999,42.6,919290,Mongolia,asia
1959,1029,43.25,947411,Mongolia,asia
1960,1060,43.93,977595,Mongolia,asia
1961,1092,44.54,1009284,Mongolia,asia
1962,1123,45.27,1041444,Mongolia,asia
1963,1158,46.02,1071362,Mongolia,asia
1964,1194,46.72,1100234,Mongolia,asia
1965,1229,47.72,1131177,Mongolia,asia
1966,1264,48.03,1163754,Mongolia,asia
1967,1304,48.75,1196996,Mongolia,asia
1968,1341,49.4,1229930,Mongolia,asia
1969,1382,50.0,1262284,Mongolia,asia
1970,1425,50.55,1295272,Mongolia,asia
1971,1448,51.51,1330071,Mongolia,asia
1972,1460,52.53,1366821,Mongolia,asia
1973,1544,53.51,1405502,Mongolia,asia
1974,1560,54.88,1446050,Mongolia,asia
1975,1612,55.61,1488296,Mongolia,asia
1976,1629,55.9,1531945,Mongolia,asia
1977,1709,56.26,1576245,Mongolia,asia
1978,1787,56.53,1619468,Mongolia,asia
1979,1809,56.89,1660659,Mongolia,asia
1980,1881,57.19,1701335,Mongolia,asia
1981,1992,57.66,1742857,Mongolia,asia
1982,2109,57.97,1785364,Mongolia,asia
1983,2181,58.28,1829092,Mongolia,asia
1984,2255,58.64,1874349,Mongolia,asia
1985,2330,58.85,1921514,Mongolia,asia
1986,2490,59.36,1970965,Mongolia,asia
1987,2520,59.94,2022800,Mongolia,asia
1988,2589,59.95,2076322,Mongolia,asia
1989,2595,60.19,2124185,Mongolia,asia
1990,2468,60.41,2164573,Mongolia,asia
1991,2297,60.43,2202768,Mongolia,asia
1992,2140,60.11,2239123,Mongolia,asia
1993,2146,59.77,2273512,Mongolia,asia
1994,2273,59.65,2305744,Mongolia,asia
1995,2497,59.55,2335715,Mongolia,asia
1996,2641,59.59,2363465,Mongolia,asia
1997,2842,59.95,2389128,Mongolia,asia
1998,3046,60.38,2412784,Mongolia,asia
1999,3257,60.73,2434040,Mongolia,asia
2000,3413,60.99,2455182,Mongolia,asia
2001,3886,61.27,2477700,Mongolia,asia
2002,4370,61.7,2500075,Mongolia,asia
2003,4898,62.09,2521805,Mongolia,asia
2004,5545,62.5,2542793,Mongolia,asia
2005,5876,62.94,2563461,Mongolia,asia
2006,6298,63.49,2584756,Mongolia,asia
2007,6850,64.05,2607965,Mongolia,asia
2008,7352,64.55,2634424,Mongolia,asia
2009,7145,64.81,2665326,Mongolia,asia
2010,7471,65.08,2701732,Mongolia,asia
2011,8603,65.51,2745180,Mongolia,asia
2012,9477,66.06,2795459,Mongolia,asia
2013,10371,66.62,2851881,Mongolia,asia
2014,10967,67.18,2913039,Mongolia,asia
2015,11010,67.65,2976526,Mongolia,asia
2016,10962,67.78,3040812,Mongolia,asia
2017,11366,67.88,3104364,Mongolia,asia
2018,12029,68.03,3167706,Mongolia,asia
2019,12486,68.08,3232113,Mongolia,asia
2020,11702,68.17,3290785,Mongolia,asia
1950,2280,67.51,402512,Montenegro,europe
1951,2309,67.16,410073,Montenegro,europe
1952,2074,68.23,418900,Montenegro,europe
1953,1825,68.37,427479,Montenegro,europe
1954,1838,68.94,434371,Montenegro,europe
1955,2440,68.81,440584,Montenegro,europe
1956,2216,69.07,446690,Montenegro,europe
1957,2470,69.59,452741,Montenegro,europe
1958,2409,70.47,458805,Montenegro,europe
1959,2557,70.52,464899,Montenegro,europe
1960,2835,70.79,471197,Montenegro,europe
1961,3397,71.19,477827,Montenegro,europe
1962,3309,71.09,484442,Montenegro,europe
1963,3740,71.55,490788,Montenegro,europe
1964,4338,71.81,496930,Montenegro,europe
1965,4420,72.44,502892,Montenegro,europe
1966,4589,73.15,508634,Montenegro,europe
1967,4644,73.27,514096,Montenegro,europe
1968,5015,73.47,519308,Montenegro,europe
1969,5677,73.39,524446,Montenegro,europe
1970,6274,73.66,529671,Montenegro,europe
1971,6667,73.69,535109,Montenegro,europe
1972,7174,73.81,540698,Montenegro,europe
1973,7301,73.56,546262,Montenegro,europe
1974,7898,73.37,551732,Montenegro,europe
1975,8309,73.22,557151,Montenegro,europe
1976,8900,73.2,562630,Montenegro,europe
1977,10037,73.19,568093,Montenegro,europe
1978,10775,73.15,573516,Montenegro,europe
1979,10958,72.42,579011,Montenegro,europe
1980,13770,73.6,584820,Montenegro,europe
1981,13484,73.74,589909,Montenegro,europe
1982,14094,73.34,593629,Montenegro,europe
1983,14097,72.81,596956,Montenegro,europe
1984,14838,72.83,600247,Montenegro,europe
1985,15129,73.0,603500,Montenegro,europe
1986,15895,73.28,606795,Montenegro,europe
1987,15373,73.55,610170,Montenegro,europe
1988,15094,73.85,613585,Montenegro,europe
1989,15365,74.21,617042,Montenegro,europe
1990,14229,74.67,620497,Montenegro,europe
1991,13334,75.02,623559,Montenegro,europe
1992,10318,75.02,626019,Montenegro,europe
1993,6809,74.72,628099,Montenegro,europe
1994,7152,74.37,629878,Montenegro,europe
1995,8463,74.27,631381,Montenegro,europe
1996,11252,74.11,632620,Montenegro,europe
1997,12579,73.82,633533,Montenegro,europe
1998,13236,73.73,634091,Montenegro,europe
1999,12025,73.64,634283,Montenegro,europe
2000,12419,73.71,634193,Montenegro,europe
2001,12505,73.77,633991,Montenegro,europe
2002,12692,73.88,633766,Montenegro,europe
2003,12956,73.8,633559,Montenegro,europe
2004,13505,73.81,633754,Montenegro,europe
2005,14049,73.8,634050,Montenegro,europe
2006,15233,73.86,633871,Montenegro,europe
2007,16248,74.06,633379,Montenegro,europe
2008,17391,74.26,632845,Montenegro,europe
2009,16348,74.44,632438,Montenegro,europe
2010,16764,74.73,632088,Montenegro,europe
2011,17287,74.93,632688,Montenegro,europe
2012,16802,75.15,633540,Montenegro,europe
2013,17382,75.14,633202,Montenegro,europe
2014,17675,75.2,631375,Montenegro,europe
2015,18264,75.31,628145,Montenegro,europe
2016,18798,75.38,624249,Montenegro,europe
2017,19682,75.45,620114,Montenegro,europe
2018,20687,75.64,615795,Montenegro,europe
2019,21534,75.86,611667,Montenegro,europe
2020,18260,74.43,607935,Montenegro,europe
1950,2696,44.6,8935450,Morocco,africa
1951,2702,44.85,9159290,Morocco,africa
1952,2705,45.16,9394879,Morocco,africa
1953,2720,45.42,9639567,Morocco,africa
1954,2735,45.66,9893315,Morocco,africa
1955,2748,45.84,10158129,Morocco,africa
1956,2689,46.24,10434024,Morocco,africa
1957,2631,46.82,10720548,Morocco,africa
1958,2574,47.29,11013743,Morocco,africa
1959,2517,47.78,11317007,Morocco,africa
1960,2462,46.67,11624933,Morocco,africa
1961,2468,48.77,11931085,Morocco,africa
1962,2474,49.29,12253092,Morocco,africa
1963,2481,49.66,12577502,Morocco,africa
1964,2489,50.31,12898886,Morocco,africa
1965,2495,51.02,13239171,Morocco,africa
1966,2552,51.61,13597065,Morocco,africa
1967,2611,52.25,13968175,Morocco,africa
1968,2669,52.92,14347899,Morocco,africa
1969,2731,53.62,14734255,Morocco,africa
1970,2790,54.28,15129449,Morocco,africa
1971,2853,54.86,15527225,Morocco,africa
1972,2839,55.46,15924692,Morocco,africa
1973,2860,56.0,16326269,Morocco,africa
1974,2934,56.62,16733842,Morocco,africa
1975,3045,57.11,17150786,Morocco,africa
1976,3287,57.86,17574182,Morocco,africa
1977,3358,58.62,18014756,Morocco,africa
1978,3362,59.31,18477385,Morocco,africa
1979,3421,59.9,18955589,Morocco,africa
1980,3635,60.62,19459943,Morocco,africa
1981,3442,61.29,19985401,Morocco,africa
1982,3679,62.39,20520318,Morocco,africa
1983,3533,63.04,21060696,Morocco,africa
1984,3554,63.77,21593778,Morocco,africa
1985,3647,64.41,22113953,Morocco,africa
1986,3802,64.92,22600803,Morocco,africa
1987,3593,65.3,23054392,Morocco,africa
1988,3833,65.74,23500524,Morocco,africa
1989,3796,66.12,23939414,Morocco,africa
1990,3817,66.69,24375551,Morocco,africa
1991,4018,67.0,24799014,Morocco,africa
1992,3865,66.91,25212468,Morocco,africa
1993,3770,67.06,25614586,Morocco,africa
1994,4102,67.48,26000822,Morocco,africa
1995,3820,67.69,26399429,Morocco,africa
1996,4231,68.14,26808107,Morocco,africa
1997,4109,68.4,27213337,Morocco,africa
1998,4349,68.75,27621648,Morocco,africa
1999,4342,68.93,28027179,Morocco,africa
2000,4371,69.51,28423435,Morocco,africa
2001,4634,69.93,28814643,Morocco,africa
2002,4722,70.26,29198142,Morocco,africa
2003,4944,70.34,29571415,Morocco,africa
2004,5121,70.55,29953018,Morocco,africa
2005,5227,70.81,30358144,Morocco,africa
2006,5558,71.01,30771178,Morocco,africa
2007,5687,71.2,31186468,Morocco,africa
2008,5952,71.38,31606767,Morocco,africa
2009,6129,71.62,32030778,Morocco,africa
2010,6281,71.86,32467016,Morocco,africa
2011,6522,72.14,32912588,Morocco,africa
2012,6625,72.33,33355241,Morocco,africa
2013,6828,72.14,33787571,Morocco,africa
2014,6912,72.35,34204780,Morocco,africa
2015,7126,72.55,34607588,Morocco,africa
2016,7106,72.76,35023457,Morocco,africa
2017,7312,72.94,35446392,Morocco,africa
2018,7447,73.13,35839760,Morocco,africa
2019,7547,73.34,36210898,Morocco,africa
2020,7000,73.0,36584208,Morocco,africa
1950,391,42.97,5910225,Mozambique,africa
1951,394,43.13,5978155,Mozambique,africa
1952,398,43.3,6050759,Mozambique,africa
1953,401,43.51,6123118,Mozambique,africa
1954,400,43.71,6196977,Mozambique,africa
1955,413,43.95,6274471,Mozambique,africa
1956,403,44.12,6355035,Mozambique,africa
1957,400,44.33,6438178,Mozambique,africa
1958,407,44.56,6521555,Mozambique,africa
1959,416,44.82,6610402,Mozambique,africa
1960,413,45.09,6713695,Mozambique,africa
1961,412,45.35,6834936,Mozambique,africa
1962,438,45.65,6969364,Mozambique,africa
1963,438,45.91,7109828,Mozambique,africa
1964,447,45.73,7255061,Mozambique,africa
1965,444,45.98,7406421,Mozambique,africa
1966,440,46.18,7562990,Mozambique,africa
1967,480,46.49,7724550,Mozambique,africa
1968,490,46.85,7892613,Mozambique,africa
1969,512,47.27,8066951,Mozambique,africa
1970,483,47.65,8250506,Mozambique,africa
1971,507,47.99,8456317,Mozambique,africa
1972,520,48.34,8692935,Mozambique,africa
1973,532,48.71,8954242,Mozambique,africa
1974,552,49.17,9236093,Mozambique,africa
1975,549,49.79,9540817,Mozambique,africa
1976,565,49.93,9867209,Mozambique,africa
1977,549,49.94,10224975,Mozambique,africa
1978,539,50.13,10618250,Mozambique,africa
1979,542,50.2,11028809,Mozambique,africa
1980,551,50.45,11336221,Mozambique,africa
1981,545,47.97,11568127,Mozambique,africa
1982,512,48.18,11824370,Mozambique,africa
1983,436,48.31,12073822,Mozambique,africa
1984,443,45.81,12315954,Mozambique,africa
1985,400,45.83,12548949,Mozambique,africa
1986,405,47.6,12770578,Mozambique,africa
1987,425,47.71,12822574,Mozambique,africa
1988,446,51.05,12800558,Mozambique,africa
1989,473,51.39,12906842,Mozambique,africa
1990,471,51.58,13094537,Mozambique,africa
1991,482,51.82,13352090,Mozambique,africa
1992,437,52.13,13613316,Mozambique,africa
1993,464,52.37,14051192,Mozambique,africa
1994,475,52.58,15033853,Mozambique,africa
1995,469,52.6,15960530,Mozambique,africa
1996,506,52.64,16492480,Mozambique,africa
1997,548,52.57,16949982,Mozambique,africa
1998,588,52.56,17340464,Mozambique,africa
1999,640,52.42,17734506,Mozambique,africa
2000,631,52.19,18129653,Mozambique,africa
2001,687,52.29,18537729,Mozambique,africa
2002,729,52.17,18958338,Mozambique,africa
2003,757,52.13,19392475,Mozambique,africa
2004,793,52.08,19840313,Mozambique,africa
2005,821,52.06,20304569,Mozambique,africa
2006,876,52.32,20787087,Mozambique,africa
2007,918,52.82,21287635,Mozambique,africa
2008,958,53.36,21819036,Mozambique,africa
2009,991,53.51,22391745,Mozambique,africa
2010,1027,53.53,22999235,Mozambique,africa
2011,1073,53.61,23649039,Mozambique,africa
2012,1120,53.63,24337846,Mozambique,africa
2013,1165,54.01,25051611,Mozambique,africa
2014,1217,54.91,25788475,Mozambique,africa
2015,1263,55.83,26547572,Mozambique,africa
2016,1274,56.65,27337105,Mozambique,africa
2017,1284,57.34,28166393,Mozambique,africa
2018,1290,57.88,29018644,Mozambique,africa
2019,1282,58.38,29884380,Mozambique,africa
2020,1230,58.37,30783688,Mozambique,africa
1950,734,34.56,17737117,Myanmar,asia
1951,827,35.41,18070418,Myanmar,asia
1952,832,35.8,18418009,Myanmar,asia
1953,842,36.12,18779900,Myanmar,asia
1954,777,36.29,19156655,Myanmar,asia
1955,865,36.63,19550482,Myanmar,asia
1956,908,37.08,19959221,Myanmar,asia
1957,945,37.44,20382704,Myanmar,asia
1958,904,37.77,20816418,Myanmar,asia
1959,1029,38.23,21264010,Myanmar,asia
1960,1045,38.74,21730250,Myanmar,asia
1961,1029,39.07,22210581,Myanmar,asia
1962,1077,39.57,22704719,Myanmar,asia
1963,1066,40.09,23213408,Myanmar,asia
1964,1042,40.31,23737315,Myanmar,asia
1965,1026,40.76,24279431,Myanmar,asia
1966,944,41.18,24836496,Myanmar,asia
1967,931,41.54,25406429,Myanmar,asia
1968,949,41.66,25989662,Myanmar,asia
1969,947,42.2,26585112,Myanmar,asia
1970,946,43.09,27193016,Myanmar,asia
1971,934,44.22,27807219,Myanmar,asia
1972,898,44.96,28428324,Myanmar,asia
1973,855,45.66,29026388,Myanmar,asia
1974,858,46.39,29598167,Myanmar,asia
1975,852,47.02,30176565,Myanmar,asia
1976,863,47.8,30758811,Myanmar,asia
1977,871,48.47,31355966,Myanmar,asia
1978,886,49.09,31972976,Myanmar,asia
1979,882,50.01,32596550,Myanmar,asia
1980,908,50.57,33227204,Myanmar,asia
1981,909,51.12,33858783,Myanmar,asia
1982,907,51.7,34482965,Myanmar,asia
1983,894,52.29,35162715,Myanmar,asia
1984,884,52.86,35899313,Myanmar,asia
1985,857,53.38,36622827,Myanmar,asia
1986,799,53.9,37314878,Myanmar,asia
1987,721,54.32,37971594,Myanmar,asia
1988,601,54.49,38600927,Myanmar,asia
1989,585,55.07,39214618,Myanmar,asia
1990,564,55.42,39817251,Myanmar,asia
1991,563,55.65,40394154,Myanmar,asia
1992,581,55.92,40950342,Myanmar,asia
1993,619,56.31,41502429,Myanmar,asia
1994,653,56.63,42055143,Myanmar,asia
1995,692,56.96,42605338,Myanmar,asia
1996,729,57.36,43154860,Myanmar,asia
1997,763,57.72,43708798,Myanmar,asia
1998,797,58.11,44257793,Myanmar,asia
1999,854,58.52,44787724,Myanmar,asia
2000,949,58.93,45290841,Myanmar,asia
2001,1056,59.37,45771139,Myanmar,asia
2002,1167,59.81,46232653,Myanmar,asia
2003,1307,60.3,46667192,Myanmar,asia
2004,1473,60.76,47068772,Myanmar,asia
2005,1660,61.38,47438365,Myanmar,asia
2006,1867,61.97,47785135,Myanmar,asia
2007,2087,62.65,48125043,Myanmar,asia
2008,2304,57.66,48390793,Myanmar,asia
2009,2527,64.03,48660459,Myanmar,asia
2010,2763,64.76,49024382,Myanmar,asia
2011,2948,65.4,49419820,Myanmar,asia
2012,3113,66.06,49837446,Myanmar,asia
2013,3330,66.69,50262658,Myanmar,asia
2014,3574,67.3,50681634,Myanmar,asia
2015,3663,67.73,51089056,Myanmar,asia
2016,4020,68.23,51495696,Myanmar,asia
2017,4225,68.26,51894938,Myanmar,asia
2018,4468,69.1,52272247,Myanmar,asia
2019,4740,69.46,52640713,Myanmar,asia
2020,4857,69.38,53016522,Myanmar,asia
1950,4660,54.81,514591,Namibia,africa
1951,4694,54.92,520391,Namibia,africa
1952,4727,55.04,526634,Namibia,africa
1953,4795,55.22,533230,Namibia,africa
1954,4945,55.26,540015,Namibia,africa
1955,4985,55.36,547082,Namibia,africa
1956,5045,55.5,554558,Namibia,africa
1957,5112,55.62,562591,Namibia,africa
1958,5125,55.73,571335,Namibia,africa
1959,5288,55.86,580919,Namibia,africa
1960,5644,56.04,591465,Namibia,africa
1961,5569,56.2,603067,Namibia,africa
1962,6198,56.43,615759,Namibia,africa
1963,6652,56.66,629589,Namibia,africa
1964,7540,57.03,644530,Namibia,africa
1965,7849,57.39,660558,Namibia,africa
1966,7948,56.88,677655,Namibia,africa
1967,7436,57.17,696045,Namibia,africa
1968,7311,57.46,715542,Namibia,africa
1969,7374,57.74,736120,Namibia,africa
1970,7217,57.94,757868,Namibia,africa
1971,7332,58.11,780584,Namibia,africa
1972,7218,58.27,804399,Namibia,africa
1973,7248,58.42,828928,Namibia,africa
1974,7499,58.62,854320,Namibia,africa
1975,7394,58.79,881032,Namibia,africa
1976,7231,58.9,906566,Namibia,africa
1977,7041,59.05,931104,Namibia,africa
1978,7097,59.08,947269,Namibia,africa
1979,7156,59.12,962825,Namibia,africa
1980,7421,58.89,981434,Namibia,africa
1981,7400,59.14,992500,Namibia,africa
1982,7161,59.38,1010308,Namibia,africa
1983,6776,59.73,1037511,Namibia,africa
1984,6550,60.03,1065989,Namibia,africa
1985,6385,60.24,1096890,Namibia,africa
1986,6549,60.68,1131081,Namibia,africa
1987,6630,61.08,1167889,Namibia,africa
1988,6387,61.08,1209696,Namibia,africa
1989,6180,62.28,1288947,Namibia,africa
1990,5946,62.36,1369303,Namibia,africa
1991,6242,62.41,1415684,Namibia,africa
1992,6512,62.32,1461322,Namibia,africa
1993,6252,61.98,1508697,Namibia,africa
1994,6213,61.05,1556304,Namibia,africa
1995,6313,60.34,1602170,Namibia,africa
1996,6375,59.2,1646103,Namibia,africa
1997,6508,57.95,1689264,Namibia,africa
1998,6592,56.53,1732745,Namibia,africa
1999,6690,55.24,1776368,Namibia,africa
2000,6805,53.94,1818647,Namibia,africa
2001,6775,53.14,1857048,Namibia,africa
2002,6993,52.46,1889970,Namibia,africa
2003,7182,52.08,1917464,Namibia,africa
2004,7943,52.4,1942082,Namibia,africa
2005,8015,53.52,1966582,Namibia,africa
2006,8438,55.25,1991888,Namibia,africa
2007,8736,57.43,2018600,Namibia,africa
2008,8805,59.2,2047056,Namibia,africa
2009,8672,60.08,2077394,Namibia,africa
2010,9031,60.91,2109811,Namibia,africa
2011,9325,61.88,2146325,Namibia,africa
2012,9627,62.94,2194654,Namibia,africa
2013,9991,63.34,2252508,Namibia,africa
2014,10413,63.34,2312139,Namibia,africa
2015,10663,63.45,2374300,Namibia,africa
2016,10471,63.71,2439213,Namibia,africa
2017,10171,64.08,2506853,Namibia,africa
2018,10087,64.74,2577327,Namibia,africa
2019,9813,65.22,2650494,Namibia,africa
2020,8815,65.42,2728762,Namibia,africa
1950,4580,58.5,3407,Nauru,asia
1951,5189,58.73,3510,Nauru,asia
1952,5880,58.95,3607,Nauru,asia
1953,6661,59.18,3695,Nauru,asia
1954,7546,59.41,3780,Nauru,asia
1955,8549,59.64,3885,Nauru,asia
1956,9685,59.86,4021,Nauru,asia
1957,10972,60.07,4158,Nauru,asia
1958,12429,60.27,4297,Nauru,asia
1959,14081,60.46,4454,Nauru,asia
1960,15950,60.65,4607,Nauru,asia
1961,18083,60.83,4774,Nauru,asia
1962,20500,61.0,4979,Nauru,asia
1963,23240,61.17,5226,Nauru,asia
1964,26346,61.36,5515,Nauru,asia
1965,29867,61.58,5832,Nauru,asia
1966,33858,61.5,6043,Nauru,asia
1967,38382,61.84,6135,Nauru,asia
1968,43509,61.88,6328,Nauru,asia
1969,49322,61.99,6581,Nauru,asia
1970,55910,62.09,6710,Nauru,asia
1971,56320,62.16,6762,Nauru,asia
1972,56770,62.24,6812,Nauru,asia
1973,57283,62.32,6866,Nauru,asia
1974,57892,62.4,6923,Nauru,asia
1975,58355,62.5,6987,Nauru,asia
1976,55657,62.59,7064,Nauru,asia
1977,53140,62.64,7163,Nauru,asia
1978,50763,62.69,7298,Nauru,asia
1979,48455,62.66,7468,Nauru,asia
1980,46177,62.64,7649,Nauru,asia
1981,43930,62.58,7839,Nauru,asia
1982,41729,62.54,8040,Nauru,asia
1983,39576,62.49,8216,Nauru,asia
1984,37469,62.39,8377,Nauru,asia
1985,35420,62.31,8551,Nauru,asia
1986,33436,62.22,8742,Nauru,asia
1987,31533,62.13,8946,Nauru,asia
1988,29725,62.12,9165,Nauru,asia
1989,28028,62.07,9390,Nauru,asia
1990,26449,62.01,9622,Nauru,asia
1991,20872,61.89,9850,Nauru,asia
1992,17046,61.72,10021,Nauru,asia
1993,13971,61.56,10102,Nauru,asia
1994,13169,61.26,10137,Nauru,asia
1995,11936,60.82,10165,Nauru,asia
1996,10402,60.39,10183,Nauru,asia
1997,9158,59.96,10197,Nauru,asia
1998,8252,59.63,10198,Nauru,asia
1999,7679,59.34,10187,Nauru,asia
2000,7118,59.15,10168,Nauru,asia
2001,6595,58.88,10130,Nauru,asia
2002,5895,58.76,10082,Nauru,asia
2003,5867,58.72,10059,Nauru,asia
2004,5576,58.7,10060,Nauru,asia
2005,5438,58.77,10049,Nauru,asia
2006,5961,58.91,10034,Nauru,asia
2007,4590,59.03,10020,Nauru,asia
2008,5590,59.3,10009,Nauru,asia
2009,6059,59.57,10016,Nauru,asia
2010,6689,60.03,10043,Nauru,asia
2011,7314,60.5,10098,Nauru,asia
2012,8091,60.87,10267,Nauru,asia
2013,10493,61.35,10517,Nauru,asia
2014,13176,61.88,10742,Nauru,asia
2015,13552,62.29,10954,Nauru,asia
2016,13902,62.65,11150,Nauru,asia
2017,12975,62.96,11324,Nauru,asia
2018,13636,63.19,11477,Nauru,asia
2019,13527,63.39,11587,Nauru,asia
1950,932,40.63,8396603,Nepal,asia
1951,949,40.87,8572664,Nepal,asia
1952,971,41.35,8747294,Nepal,asia
1953,1019,41.81,8918222,Nepal,asia
1954,1030,42.19,9087775,Nepal,asia
1955,1039,42.61,9257977,Nepal,asia
1956,1075,42.98,9427891,Nepal,asia
1957,1064,43.32,9598035,Nepal,asia
1958,1111,43.68,9766240,Nepal,asia
1959,1129,44.1,9938912,Nepal,asia
1960,1139,44.61,10123658,Nepal,asia
1961,1153,45.1,10318396,Nepal,asia
1962,1165,45.57,10521116,Nepal,asia
1963,1176,45.9,10729818,Nepal,asia
1964,1185,46.6,10946392,Nepal,asia
1965,1196,47.16,11173411,Nepal,asia
1966,1259,47.7,11408710,Nepal,asia
1967,1218,48.16,11652716,Nepal,asia
1968,1207,48.52,11906266,Nepal,asia
1969,1240,48.91,12167036,Nepal,asia
1970,1250,49.27,12436190,Nepal,asia
1971,1213,49.58,12710061,Nepal,asia
1972,1230,49.85,12989099,Nepal,asia
1973,1202,50.04,13275239,Nepal,asia
1974,1256,50.33,13568435,Nepal,asia
1975,1252,50.51,13870695,Nepal,asia
1976,1283,50.56,14177649,Nepal,asia
1977,1298,50.81,14499175,Nepal,asia
1978,1329,51.07,14839695,Nepal,asia
1979,1333,51.49,15190590,Nepal,asia
1980,1276,51.85,15553105,Nepal,asia
1981,1353,52.26,15922423,Nepal,asia
1982,1375,52.85,16297987,Nepal,asia
1983,1306,53.37,16689119,Nepal,asia
1984,1401,54.01,17085242,Nepal,asia
1985,1455,54.73,17477692,Nepal,asia
1986,1487,55.43,17868124,Nepal,asia
1987,1477,56.11,18250505,Nepal,asia
1988,1554,56.78,18638661,Nepal,asia
1989,1583,57.62,19057807,Nepal,asia
1990,1617,58.32,19524573,Nepal,asia
1991,1675,58.86,20036500,Nepal,asia
1992,1697,59.76,20609707,Nepal,asia
1993,1715,60.31,21180159,Nepal,asia
1994,1808,61.19,21717479,Nepal,asia
1995,1824,61.83,22245439,Nepal,asia
1996,1876,62.57,22741862,Nepal,asia
1997,1928,63.37,23219463,Nepal,asia
1998,1945,64.02,23680357,Nepal,asia
1999,1992,64.75,24125199,Nepal,asia
2000,2078,65.39,24546509,Nepal,asia
2001,2141,66.06,24946748,Nepal,asia
2002,2111,66.16,25328981,Nepal,asia
2003,2163,67.0,25688758,Nepal,asia
2004,2234,67.24,26016656,Nepal,asia
2005,2283,67.69,26309458,Nepal,asia
2006,2330,68.01,26565425,Nepal,asia
2007,2381,68.26,26788492,Nepal,asia
2008,2499,68.52,26990037,Nepal,asia
2009,2592,68.76,27173035,Nepal,asia
2010,2703,69.04,27341952,Nepal,asia
2011,2793,69.22,27464494,Nepal,asia
2012,2923,69.47,27534915,Nepal,asia
2013,3034,69.68,27589996,Nepal,asia
2014,3217,69.91,27672370,Nepal,asia
2015,3332,69.35,27823629,Nepal,asia
2016,3316,70.37,27955462,Nepal,asia
2017,3565,70.6,28011258,Nepal,asia
2018,3774,70.84,28079689,Nepal,asia
2019,3953,71.07,28414064,Nepal,asia
2020,3800,71.09,28966574,Nepal,asia
1950,11111,71.58,10113757,Netherlands,europe
1951,11177,71.67,10264537,Netherlands,europe
1952,11273,72.06,10382295,Netherlands,europe
1953,12123,71.52,10493531,Netherlands,europe
1954,12799,72.41,10615735,Netherlands,europe
1955,13575,72.62,10751230,Netherlands,europe
1956,13895,72.77,10889769,Netherlands,europe
1957,14109,73.07,11026878,Netherlands,europe
1958,13863,73.26,11187358,Netherlands,europe
1959,14336,73.34,11348103,Netherlands,europe
1960,15355,73.5,11486911,Netherlands,europe
1961,15269,73.62,11639365,Netherlands,europe
1962,16156,73.07,11807551,Netherlands,europe
1963,16594,73.52,11969156,Netherlands,europe
1964,17812,73.68,12131885,Netherlands,europe
1965,18579,73.69,12301125,Netherlands,europe
1966,18926,73.68,12464289,Netherlands,europe
1967,19786,73.81,12607834,Netherlands,europe
1968,20939,73.76,12740845,Netherlands,europe
1969,22130,73.69,12890636,Netherlands,europe
1970,23208,73.73,13052078,Netherlands,europe
1971,23997,73.89,13208354,Netherlands,europe
1972,24648,73.97,13342772,Netherlands,europe
1973,25708,74.3,13453744,Netherlands,europe
1974,26642,74.61,13559669,Netherlands,europe
1975,26515,74.68,13680035,Netherlands,europe
1976,27648,74.87,13786637,Netherlands,europe
1977,28352,75.22,13868604,Netherlands,europe
1978,28971,75.4,13953921,Netherlands,europe
1979,29545,75.7,14050169,Netherlands,europe
1980,29788,75.88,14162686,Netherlands,europe
1981,29551,76.05,14262689,Netherlands,europe
1982,29199,76.17,14333900,Netherlands,europe
1983,29716,76.33,14396901,Netherlands,europe
1984,30699,76.43,14462807,Netherlands,europe
1985,31621,76.49,14538959,Netherlands,europe
1986,32447,76.56,14626494,Netherlands,europe
1987,32833,76.84,14724947,Netherlands,europe
1988,33612,77.06,14825923,Netherlands,europe
1989,35120,77.0,14921111,Netherlands,europe
1990,36461,77.16,15030878,Netherlands,europe
1991,37058,77.3,15155090,Netherlands,europe
1992,37406,77.4,15276785,Netherlands,europe
1993,37613,77.34,15389720,Netherlands,europe
1994,38494,77.59,15485449,Netherlands,europe
1995,39498,77.69,15565032,Netherlands,europe
1996,40692,77.76,15640027,Netherlands,europe
1997,42235,78.01,15723622,Netherlands,europe
1998,43934,78.12,15827107,Netherlands,europe
1999,45839,78.14,15940184,Netherlands,europe
2000,47422,78.28,16058760,Netherlands,europe
2001,48161,78.43,16182705,Netherlands,europe
2002,47958,78.6,16288051,Netherlands,europe
2003,47807,78.86,16366912,Netherlands,europe
2004,48587,79.3,16425566,Netherlands,europe
2005,49467,79.63,16465710,Netherlands,europe
2006,51097,79.97,16493852,Netherlands,europe
2007,52910,80.32,16531357,Netherlands,europe
2008,53848,80.54,16597258,Netherlands,europe
2009,51608,80.76,16684150,Netherlands,europe
2010,52033,80.95,16771235,Netherlands,europe
2011,52594,81.13,16851057,Netherlands,europe
2012,51860,81.22,16915194,Netherlands,europe
2013,51640,81.43,16967063,Netherlands,europe
2014,52187,81.62,17030089,Netherlands,europe
2015,52974,81.66,17107433,Netherlands,europe
2016,53848,81.66,17204693,Netherlands,europe
2017,55089,81.71,17315370,Netherlands,europe
2018,56061,81.72,17421280,Netherlands,europe
2019,56784,81.74,17537507,Netherlands,europe
2020,54218,81.04,17636731,Netherlands,europe
1950,15669,69.52,1911263,New Zealand,asia
1951,14181,69.51,1951206,New Zealand,asia
1952,14446,69.75,1997747,New Zealand,asia
1953,14556,69.87,2047751,New Zealand,asia
1954,16200,70.53,2095141,New Zealand,asia
1955,16167,70.62,2139672,New Zealand,asia
1956,16676,70.79,2184843,New Zealand,asia
1957,16760,70.68,2233688,New Zealand,asia
1958,17019,70.88,2284994,New Zealand,asia
1959,17844,70.97,2333483,New Zealand,asia
1960,17538,71.22,2379481,New Zealand,asia
1961,18121,71.19,2429747,New Zealand,asia
1962,18160,71.37,2484405,New Zealand,asia
1963,18975,71.41,2538115,New Zealand,asia
1964,19580,71.47,2588769,New Zealand,asia
1965,20519,71.46,2636494,New Zealand,asia
1966,21506,71.64,2682582,New Zealand,asia
1967,20289,71.6,2723419,New Zealand,asia
1968,20100,71.44,2754526,New Zealand,asia
1969,22016,71.61,2784399,New Zealand,asia
1970,21475,71.64,2822177,New Zealand,asia
1971,22295,71.84,2867165,New Zealand,asia
1972,22901,72.03,2919258,New Zealand,asia
1973,24093,72.0,2978988,New Zealand,asia
1974,25061,72.19,3041231,New Zealand,asia
1975,24384,72.39,3094032,New Zealand,asia
1976,24779,72.63,3126633,New Zealand,asia
1977,23567,72.72,3140133,New Zealand,asia
1978,23736,73.2,3142244,New Zealand,asia
1979,24310,73.12,3141601,New Zealand,asia
1980,24517,73.37,3146327,New Zealand,asia
1981,25669,73.83,3159840,New Zealand,asia
1982,25978,74.05,3185123,New Zealand,asia
1983,26442,74.28,3219278,New Zealand,asia
1984,27499,74.37,3249828,New Zealand,asia
1985,27586,74.22,3268028,New Zealand,asia
1986,28114,74.36,3281508,New Zealand,asia
1987,28229,74.48,3299443,New Zealand,asia
1988,28167,74.77,3316026,New Zealand,asia
1989,28368,75.11,3333826,New Zealand,asia
1990,28087,75.55,3396979,New Zealand,asia
1991,26467,75.93,3480925,New Zealand,asia
1992,26479,76.12,3532244,New Zealand,asia
1993,27852,76.28,3573610,New Zealand,asia
1994,28891,76.66,3621030,New Zealand,asia
1995,29816,76.75,3674428,New Zealand,asia
1996,30409,77.01,3729378,New Zealand,asia
1997,30628,77.39,3776950,New Zealand,asia
1998,30599,77.92,3811371,New Zealand,asia
1999,32098,78.05,3835555,New Zealand,asia
2000,32837,78.39,3857574,New Zealand,asia
2001,33775,78.59,3891762,New Zealand,asia
2002,34745,78.81,3951119,New Zealand,asia
2003,35616,79.13,4022586,New Zealand,asia
2004,36504,79.39,4083910,New Zealand,asia
2005,37293,79.8,4135007,New Zealand,asia
2006,37903,80.05,4181940,New Zealand,asia
2007,38688,80.19,4223266,New Zealand,asia
2008,37933,80.37,4261824,New Zealand,asia
2009,37505,80.64,4304304,New Zealand,asia
2010,37657,80.92,4347770,New Zealand,asia
2011,38214,80.92,4382700,New Zealand,asia
2012,38857,81.24,4411676,New Zealand,asia
2013,39599,81.51,4453851,New Zealand,asia
2014,40432,81.53,4522983,New Zealand,asia
2015,41086,81.72,4614029,New Zealand,asia
2016,41672,81.91,4714770,New Zealand,asia
2017,42285,81.99,4812752,New Zealand,asia
2018,42866,81.78,4900847,New Zealand,asia
2019,42878,81.78,4989403,New Zealand,asia
2020,41161,81.82,5069895,New Zealand,asia
1950,2982,47.67,1331439,Nicaragua,americas
1951,3089,48.44,1369650,Nicaragua,americas
1952,3506,49.69,1409021,Nicaragua,americas
1953,3484,50.66,1449900,Nicaragua,americas
1954,3694,51.61,1492256,Nicaragua,americas
1955,3822,52.29,1536246,Nicaragua,americas
1956,3704,53.12,1581973,Nicaragua,americas
1957,3895,53.21,1629465,Nicaragua,americas
1958,3787,53.58,1678739,Nicaragua,americas
1959,3724,53.28,1729787,Nicaragua,americas
1960,3659,53.6,1782370,Nicaragua,americas
1961,3847,55.38,1836451,Nicaragua,americas
1962,4174,56.08,1892320,Nicaragua,americas
1963,4526,56.47,1950159,Nicaragua,americas
1964,4945,56.79,2010176,Nicaragua,americas
1965,5295,57.19,2072681,Nicaragua,americas
1966,5347,57.34,2137820,Nicaragua,americas
1967,5594,57.27,2205567,Nicaragua,americas
1968,5544,56.49,2275836,Nicaragua,americas
1969,5778,55.97,2348398,Nicaragua,americas
1970,5702,58.08,2423065,Nicaragua,americas
1971,5843,59.23,2499825,Nicaragua,americas
1972,5908,50.47,2573578,Nicaragua,americas
1973,6084,61.15,2649278,Nicaragua,americas
1974,6703,61.97,2732075,Nicaragua,americas
1975,6693,62.65,2816943,Nicaragua,americas
1976,6866,62.93,2903851,Nicaragua,americas
1977,7126,63.75,2992534,Nicaragua,americas
1978,6534,63.14,3080314,Nicaragua,americas
1979,4703,58.88,3164525,Nicaragua,americas
1980,4754,66.37,3252403,Nicaragua,americas
1981,4886,66.51,3345674,Nicaragua,americas
1982,4757,66.77,3438745,Nicaragua,americas
1983,4905,62.51,3530282,Nicaragua,americas
1984,4759,61.57,3619104,Nicaragua,americas
1985,4506,63.31,3706479,Nicaragua,americas
1986,4401,65.35,3794157,Nicaragua,americas
1987,4305,64.19,3882164,Nicaragua,americas
1988,3709,68.22,3972320,Nicaragua,americas
1989,3580,71.68,4066476,Nicaragua,americas
1990,3454,72.72,4162559,Nicaragua,americas
1991,3372,72.06,4259637,Nicaragua,americas
1992,3309,72.44,4357026,Nicaragua,americas
1993,3224,72.64,4453732,Nicaragua,americas
1994,3261,73.0,4549316,Nicaragua,americas
1995,3385,71.46,4642931,Nicaragua,americas
1996,3532,71.52,4729974,Nicaragua,americas
1997,3606,72.44,4809573,Nicaragua,americas
1998,3677,70.42,4883655,Nicaragua,americas
1999,3872,73.26,4954018,Nicaragua,americas
2000,3969,73.73,5022633,Nicaragua,americas
2001,4026,73.73,5087825,Nicaragua,americas
2002,3999,73.61,5149909,Nicaragua,americas
2003,4043,73.6,5210963,Nicaragua,americas
2004,4200,73.65,5272912,Nicaragua,americas
2005,4321,73.46,5342105,Nicaragua,americas
2006,4439,74.25,5418855,Nicaragua,americas
2007,4601,73.92,5497243,Nicaragua,americas
2008,4694,73.96,5576593,Nicaragua,americas
2009,4477,74.11,5656601,Nicaragua,americas
2010,4612,74.37,5737450,Nicaragua,americas
2011,4837,74.33,5819051,Nicaragua,americas
2012,5083,74.39,5901287,Nicaragua,americas
2013,5263,74.46,5983845,Nicaragua,americas
2014,5443,74.5,6066492,Nicaragua,americas
2015,5630,74.91,6149417,Nicaragua,americas
2016,5812,74.77,6232666,Nicaragua,americas
2017,6004,75.04,6316231,Nicaragua,americas
2018,5730,75.18,6400080,Nicaragua,americas
2019,5452,75.38,6483657,Nicaragua,americas
2020,5370,75.4,6565267,Nicaragua,americas
1950,1143,37.79,2597810,Niger,africa
1951,1167,37.74,2684754,Niger,africa
1952,1189,38.03,2771888,Niger,africa
1953,1211,38.54,2859191,Niger,africa
1954,1236,38.79,2946885,Niger,africa
1955,1258,38.95,3035289,Niger,africa
1956,1282,39.24,3124749,Niger,africa
1957,1304,39.44,3215840,Niger,africa
1958,1329,39.69,3309226,Niger,africa
1959,1351,40.02,3405456,Niger,africa
1960,1410,40.33,3505050,Niger,africa
1961,1446,40.63,3608162,Niger,africa
1962,1570,41.02,3714520,Niger,africa
1963,1696,41.48,3823873,Niger,africa
1964,1669,41.89,3935814,Niger,africa
1965,1764,42.32,4049695,Niger,africa
1966,1712,43.08,4165544,Niger,africa
1967,1689,42.37,4283590,Niger,africa
1968,1672,42.66,4403637,Niger,africa
1969,1592,42.79,4525725,Niger,africa
1970,1611,43.05,4650275,Niger,africa
1971,1671,42.79,4776225,Niger,africa
1972,1555,42.98,4904845,Niger,africa
1973,1265,43.04,5037865,Niger,africa
1974,1350,43.04,5174953,Niger,africa
1975,1287,43.14,5317019,Niger,africa
1976,1271,43.2,5464962,Niger,africa
1977,1342,43.41,5619716,Niger,africa
1978,1492,44.01,5782932,Niger,africa
1979,1567,44.38,5955556,Niger,africa
1980,1610,44.94,6135971,Niger,africa
1981,1598,45.07,6322006,Niger,africa
1982,1545,45.11,6512732,Niger,africa
1983,1486,45.29,6708644,Niger,africa
1984,1208,45.22,6909971,Niger,africa
1985,1205,45.46,7118457,Niger,africa
1986,1233,45.43,7335811,Niger,africa
1987,1164,45.83,7561150,Niger,africa
1988,1203,46.56,7793748,Niger,africa
1989,1176,46.91,8034780,Niger,africa
1990,1124,47.41,8286059,Niger,africa
1991,1084,47.37,8546900,Niger,africa
1992,1070,47.98,8817633,Niger,africa
1993,1037,48.22,9100789,Niger,africa
1994,1021,48.84,9398258,Niger,africa
1995,1011,48.57,9714529,Niger,africa
1996,977,49.98,10044852,Niger,africa
1997,958,50.53,10383969,Niger,africa
1998,1017,51.08,10741413,Niger,africa
1999,979,51.49,11117411,Niger,africa
2000,933,51.85,11509630,Niger,africa
2001,965,52.31,11920647,Niger,africa
2002,976,53.25,12349144,Niger,africa
2003,961,53.74,12796984,Niger,africa
2004,929,55.01,13265836,Niger,africa
2005,961,55.62,13756192,Niger,africa
2006,980,56.66,14268581,Niger,africa
2007,974,57.2,14803610,Niger,africa
2008,1010,58.26,15361915,Niger,africa
2009,992,58.72,15943675,Niger,africa
2010,1036,59.05,16548835,Niger,africa
2011,1020,59.32,17176283,Niger,africa
2012,1085,59.57,17836769,Niger,africa
2013,1099,59.97,18519898,Niger,africa
2014,1127,60.36,19215909,Niger,africa
2015,1132,60.64,19939498,Niger,africa
2016,1151,61.08,20685753,Niger,africa
2017,1163,61.53,21435446,Niger,africa
2018,1200,62.01,22188069,Niger,africa
2019,1224,62.51,22947757,Niger,africa
2020,1222,62.65,23717613,Niger,africa
1950,1395,44.75,37283010,Nigeria,africa
1951,1467,44.91,37994077,Nigeria,africa
1952,1538,45.21,38716202,Nigeria,africa
1953,1540,45.41,39439820,Nigeria,africa
1954,1607,45.65,40176323,Nigeria,africa
1955,1603,45.86,40935635,Nigeria,africa
1956,1522,46.01,41716055,Nigeria,africa
1957,1538,46.15,42517476,Nigeria,africa
1958,1476,46.31,43324645,Nigeria,africa
1959,1497,46.56,44161681,Nigeria,africa
1960,1519,46.81,45053782,Nigeria,africa
1961,1526,47.06,45989310,Nigeria,africa
1962,1568,47.31,46965292,Nigeria,africa
1963,1666,47.71,47973575,Nigeria,africa
1964,1687,47.94,49012016,Nigeria,africa
1965,1749,48.15,50086764,Nigeria,africa
1966,1644,48.38,51188234,Nigeria,africa
1967,1348,47.94,52293065,Nigeria,africa
1968,1295,47.51,53432783,Nigeria,africa
1969,1595,47.71,54631914,Nigeria,africa
1970,2027,49.05,55893838,Nigeria,africa
1971,2202,49.61,57214684,Nigeria,africa
1972,2218,50.22,58601748,Nigeria,africa
1973,2339,50.85,60082139,Nigeria,africa
1974,2533,51.5,61679144,Nigeria,africa
1975,2384,52.01,63410815,Nigeria,africa
1976,2567,52.43,65258009,Nigeria,africa
1977,2581,52.91,67234590,Nigeria,africa
1978,2357,53.31,69326532,Nigeria,africa
1979,2446,53.74,71498242,Nigeria,africa
1980,2418,54.06,73764641,Nigeria,africa
1981,2156,54.26,76068103,Nigeria,africa
1982,2074,54.51,78378701,Nigeria,africa
1983,1896,54.68,80438260,Nigeria,africa
1984,1775,54.79,82526443,Nigeria,africa
1985,1884,54.91,84897973,Nigeria,africa
1986,1872,54.76,87235953,Nigeria,africa
1987,1809,54.63,89591716,Nigeria,africa
1988,1938,54.59,92020090,Nigeria,africa
1989,2010,54.62,94531014,Nigeria,africa
1990,2061,54.69,97120925,Nigeria,africa
1991,2045,54.52,99720162,Nigeria,africa
1992,2085,54.7,102372770,Nigeria,africa
1993,2113,54.71,105122069,Nigeria,africa
1994,2116,54.68,107935714,Nigeria,africa
1995,2152,54.63,110819428,Nigeria,africa
1996,2237,54.37,113754779,Nigeria,africa
1997,2298,54.64,116754792,Nigeria,africa
1998,2355,54.61,119846254,Nigeria,africa
1999,2365,54.58,123047320,Nigeria,africa
2000,2493,54.63,126382494,Nigeria,africa
2001,2759,54.82,129862595,Nigeria,africa
2002,3246,55.09,133471989,Nigeria,africa
2003,3542,55.5,137202644,Nigeria,africa
2004,3854,55.98,141057045,Nigeria,africa
2005,3997,56.63,145017253,Nigeria,africa
2006,4130,57.24,149077334,Nigeria,africa
2007,4288,57.9,153267261,Nigeria,africa
2008,4459,58.49,157595014,Nigeria,africa
2009,4690,59.05,162049464,Nigeria,africa
2010,4932,59.64,166642886,Nigeria,africa
2011,5057,60.18,171379598,Nigeria,africa
2012,5131,60.7,176200625,Nigeria,africa
2013,5329,61.17,181049443,Nigeria,africa
2014,5516,61.58,185896915,Nigeria,africa
2015,5515,62.11,190671878,Nigeria,africa
2016,5285,62.7,195443700,Nigeria,africa
2017,5190,63.26,200254579,Nigeria,africa
2018,5155,63.77,204938755,Nigeria,africa
2019,5135,64.34,209485641,Nigeria,africa
2020,4917,64.52,213996181,Nigeria,africa
1950,706,36.0,11116736,North Korea,asia
1951,586,26.47,10583568,North Korea,asia
1952,623,29.54,10253642,North Korea,asia
1953,799,37.24,10177413,North Korea,asia
1954,838,42.67,10242801,North Korea,asia
1955,872,43.46,10403325,North Korea,asia
1956,857,44.24,10600379,North Korea,asia
1957,900,45.08,10854685,North Korea,asia
1958,920,45.94,11163747,North Korea,asia
1959,927,46.79,11452989,North Korea,asia
1960,915,47.62,11722953,North Korea,asia
1961,931,48.5,11990713,North Korea,asia
1962,928,49.37,12262882,North Korea,asia
1963,981,50.32,12567057,North Korea,asia
1964,1037,51.3,12889770,North Korea,asia
1965,1072,52.29,13219369,North Korea,asia
1966,1171,53.23,13569094,North Korea,asia
1967,1227,54.16,13958350,North Korea,asia
1968,1352,55.1,14365596,North Korea,asia
1969,1521,56.15,14767615,North Korea,asia
1970,1617,57.11,15172775,North Korea,asia
1971,1728,58.07,15572457,North Korea,asia
1972,1853,58.9,15975069,North Korea,asia
1973,1994,59.71,16350367,North Korea,asia
1974,2151,60.41,16673121,North Korea,asia
1975,2329,61.11,16971055,North Korea,asia
1976,2382,61.81,17243450,North Korea,asia
1977,2440,62.45,17492798,North Korea,asia
1978,2500,63.03,17735995,North Korea,asia
1979,2561,63.56,17983470,North Korea,asia
1980,2621,64.05,18236786,North Korea,asia
1981,2674,64.49,18501295,North Korea,asia
1982,2731,64.92,18776357,North Korea,asia
1983,2787,65.34,19054034,North Korea,asia
1984,2845,65.76,19335043,North Korea,asia
1985,2903,66.17,19620388,North Korea,asia
1986,2889,66.55,19910855,North Korea,asia
1987,2876,66.89,20205483,North Korea,asia
1988,2866,67.31,20503161,North Korea,asia
1989,2859,67.67,20804367,North Korea,asia
1990,2855,67.97,21112137,North Korea,asia
1991,2692,68.22,21428638,North Korea,asia
1992,2465,68.44,21750911,North Korea,asia
1993,2321,68.57,22073352,North Korea,asia
1994,2239,68.74,22393975,North Korea,asia
1995,2111,61.83,22669304,North Korea,asia
1996,2015,62.6,22895746,North Korea,asia
1997,1866,62.58,23110830,North Korea,asia
1998,1837,62.55,23311564,North Korea,asia
1999,1935,62.55,23497599,North Korea,asia
2000,1926,63.9,23665910,North Korea,asia
2001,1981,64.04,23815358,North Korea,asia
2002,1989,64.2,23943973,North Korea,asia
2003,2011,69.72,24090380,North Korea,asia
2004,2039,69.85,24254943,North Korea,asia
2005,2102,70.01,24396433,North Korea,asia
2006,2067,70.16,24524507,North Korea,asia
2007,2031,70.28,24646383,North Korea,asia
2008,2086,70.53,24764618,North Korea,asia
2009,2056,70.72,24878332,North Korea,asia
2010,2036,70.93,24987258,North Korea,asia
2011,2042,71.15,25097874,North Korea,asia
2012,2059,71.4,25211728,North Korea,asia
2013,2071,71.67,25329451,North Korea,asia
2014,2082,71.94,25451262,North Korea,asia
2015,2049,72.2,25575350,North Korea,asia
2016,2025,72.4,25698326,North Korea,asia
2017,1945,72.67,25817709,North Korea,asia
2018,1856,72.9,25931147,North Korea,asia
2019,1803,73.15,26037632,North Korea,asia
2020,1747,73.24,26136312,North Korea,asia
1950,10061,71.91,3265191,Norway,europe
1951,10506,72.19,3295961,Norway,europe
1952,10772,72.56,3327838,Norway,europe
1953,11090,72.89,3361028,Norway,europe
1954,11535,73.08,3394390,Norway,europe
1955,11676,73.21,3428526,Norway,europe
1956,12182,73.26,3461066,Norway,europe
1957,12435,73.31,3491980,Norway,europe
1958,12325,73.32,3523003,Norway,europe
1959,12737,73.39,3552817,Norway,europe
1960,13348,73.4,3581121,Norway,europe
1961,14181,73.41,3609657,Norway,europe
1962,14574,73.33,3638841,Norway,europe
1963,15132,73.24,3666498,Norway,europe
1964,15885,73.47,3694320,Norway,europe
1965,16724,73.64,3723172,Norway,europe
1966,17342,73.87,3752789,Norway,europe
1967,18403,73.91,3784110,Norway,europe
1968,18790,73.97,3816088,Norway,europe
1969,19616,73.99,3847304,Norway,europe
1970,20013,74.25,3875345,Norway,europe
1971,21051,74.4,3902751,Norway,europe
1972,22111,74.54,3932909,Norway,europe
1973,23087,74.72,3960593,Norway,europe
1974,24075,74.97,3985280,Norway,europe
1975,25369,75.12,4007365,Norway,europe
1976,26916,75.35,4026220,Norway,europe
1977,28139,75.59,4043262,Norway,europe
1978,29207,75.73,4058673,Norway,europe
1979,30618,75.74,4072500,Norway,europe
1980,32246,75.96,4085604,Norway,europe
1981,32662,76.16,4099672,Norway,europe
1982,32827,76.32,4114736,Norway,europe
1983,34115,76.39,4128336,Norway,europe
1984,36263,76.48,4139972,Norway,europe
1985,38284,76.35,4152400,Norway,europe
1986,39782,76.37,4167252,Norway,europe
1987,40669,76.35,4186824,Norway,europe
1988,40693,76.45,4209470,Norway,europe
1989,41173,76.65,4226913,Norway,europe
1990,42137,76.86,4241440,Norway,europe
1991,43230,77.2,4261623,Norway,europe
1992,44517,77.35,4286261,Norway,europe
1993,45512,77.53,4311862,Norway,europe
1994,47542,77.77,4336467,Norway,europe
1995,49261,78.04,4358993,Norway,europe
1996,51476,78.28,4381135,Norway,europe
1997,53903,78.46,4404986,Norway,europe
1998,54990,78.54,4431313,Norway,europe
1999,55714,78.7,4461787,Norway,europe
2000,57127,78.9,4490867,Norway,europe
2001,58018,79.13,4513657,Norway,europe
2002,58541,79.32,4538014,Norway,europe
2003,58728,79.72,4564669,Norway,europe
2004,60700,80.08,4591743,Norway,europe
2005,61870,80.37,4623124,Norway,europe
2006,62847,80.55,4660494,Norway,europe
2007,64062,80.67,4709010,Norway,europe
2008,63570,80.86,4768101,Norway,europe
2009,61690,81.06,4828623,Norway,europe
2010,61353,81.3,4889162,Norway,europe
2011,61157,81.29,4952968,Norway,europe
2012,61991,81.62,5018458,Norway,europe
2013,61879,81.81,5080124,Norway,europe
2014,62390,82.15,5137395,Norway,europe
2015,62988,82.41,5189771,Norway,europe
2016,63104,82.53,5235983,Norway,europe
2017,64051,82.81,5276802,Norway,europe
2018,64341,82.83,5311752,Norway,europe
2019,64385,82.9,5347730,Norway,europe
2020,63593,83.21,5379274,Norway,europe
1950,1154,40.83,456988,Oman,asia
1951,1204,41.19,462757,Oman,asia
1952,1254,41.62,468820,Oman,asia
1953,1310,42.08,475164,Oman,asia
1954,1364,42.47,481817,Oman,asia
1955,1419,42.88,488801,Oman,asia
1956,1481,43.28,496169,Oman,asia
1957,1540,43.65,503978,Oman,asia
1958,1604,44.24,512333,Oman,asia
1959,1668,44.73,521317,Oman,asia
1960,1732,45.1,530485,Oman,asia
1961,1797,46.01,539854,Oman,asia
1962,2213,46.88,549941,Oman,asia
1963,2356,47.56,560827,Oman,asia
1964,2398,48.48,572577,Oman,asia
1965,2447,48.86,585236,Oman,asia
1966,2613,49.31,598804,Oman,asia
1967,4396,50.39,613318,Oman,asia
1968,8068,52.25,628798,Oman,asia
1969,10217,53.96,645255,Oman,asia
1970,10623,55.47,662680,Oman,asia
1971,10740,56.28,681119,Oman,asia
1972,11742,56.79,700593,Oman,asia
1973,10096,57.49,721179,Oman,asia
1974,11236,58.32,746988,Oman,asia
1975,13943,58.95,778864,Oman,asia
1976,15455,60.12,814701,Oman,asia
1977,15173,60.35,855314,Oman,asia
1978,14507,60.91,900304,Oman,asia
1979,14739,61.3,949116,Oman,asia
1980,15226,61.99,1001248,Oman,asia
1981,17339,62.58,1057320,Oman,asia
1982,18852,63.0,1117678,Oman,asia
1983,21500,63.69,1181459,Oman,asia
1984,24600,64.34,1247716,Oman,asia
1985,27559,64.85,1325480,Oman,asia
1986,27731,65.38,1413419,Oman,asia
1987,29528,65.7,1500996,Oman,asia
1988,29975,66.02,1588568,Oman,asia
1989,30773,66.35,1676228,Oman,asia
1990,30334,66.75,1763954,Oman,asia
1991,30790,66.97,1851473,Oman,asia
1992,31874,67.29,1938238,Oman,asia
1993,32351,67.51,2021675,Oman,asia
1994,32411,67.73,2081834,Oman,asia
1995,33169,67.94,2120528,Oman,asia
1996,33684,68.14,2156926,Oman,asia
1997,35508,68.37,2190720,Oman,asia
1998,36412,68.6,2222489,Oman,asia
1999,36484,68.84,2252909,Oman,asia
2000,38650,69.06,2282131,Oman,asia
2001,39908,69.46,2310217,Oman,asia
2002,38794,69.59,2337140,Oman,asia
2003,36947,69.82,2363796,Oman,asia
2004,36516,70.24,2404821,Oman,asia
2005,36446,70.28,2459802,Oman,asia
2006,37369,70.08,2514795,Oman,asia
2007,37911,69.86,2570174,Oman,asia
2008,39621,69.95,2626529,Oman,asia
2009,40212,70.22,2684659,Oman,asia
2010,38679,70.43,2757446,Oman,asia
2011,37232,70.84,3076763,Oman,asia
2012,37671,71.48,3547106,Oman,asia
2013,36831,71.93,3833913,Oman,asia
2014,34876,72.27,4002439,Oman,asia
2015,34565,72.41,4184895,Oman,asia
2016,34592,72.61,4390877,Oman,asia
2017,33308,72.91,4537396,Oman,asia
2018,32595,73.57,4597877,Oman,asia
2019,31284,73.96,4591241,Oman,asia
2020,31578,72.7,4522497,Oman,asia
1950,1192,46.01,35849260,Pakistan,asia
1951,1126,46.44,36581898,Pakistan,asia
1952,1104,47.19,37376999,Pakistan,asia
1953,1180,47.73,38229654,Pakistan,asia
1954,1179,48.12,39137060,Pakistan,asia
1955,1176,48.64,40098069,Pakistan,asia
1956,1182,49.31,41113929,Pakistan,asia
1957,1204,49.83,42185137,Pakistan,asia
1958,1192,50.45,43312056,Pakistan,asia
1959,1173,50.9,44495162,Pakistan,asia
1960,1198,51.32,45709310,Pakistan,asia
1961,1239,51.96,46921277,Pakistan,asia
1962,1294,52.8,48156128,Pakistan,asia
1963,1338,53.57,49447776,Pakistan,asia
1964,1403,54.42,50799999,Pakistan,asia
1965,1427,54.62,52209010,Pakistan,asia
1966,1502,55.44,53678667,Pakistan,asia
1967,1516,55.81,55214768,Pakistan,asia
1968,1578,56.29,56810507,Pakistan,asia
1969,1636,56.66,58460939,Pakistan,asia
1970,1758,57.08,60166719,Pakistan,asia
1971,1719,53.89,61847899,Pakistan,asia
1972,1685,57.86,63583194,Pakistan,asia
1973,1761,58.29,65461912,Pakistan,asia
1974,1775,58.52,67415487,Pakistan,asia
1975,1804,59.03,69461175,Pakistan,asia
1976,1856,59.39,71620254,Pakistan,asia
1977,1886,59.72,73901827,Pakistan,asia
1978,1989,60.1,76307379,Pakistan,asia
1979,2003,60.2,78997039,Pakistan,asia
1980,2139,60.24,82291010,Pakistan,asia
1981,2223,60.47,85802049,Pakistan,asia
1982,2312,60.71,89089246,Pakistan,asia
1983,2398,60.79,92227711,Pakistan,asia
1984,2431,60.81,95164936,Pakistan,asia
1985,2573,60.88,98229285,Pakistan,asia
1986,2655,60.95,101606764,Pakistan,asia
1987,2726,60.93,105130717,Pakistan,asia
1988,2815,60.97,108724739,Pakistan,asia
1989,2866,61.05,112336629,Pakistan,asia
1990,2916,61.05,116155576,Pakistan,asia
1991,2977,61.01,120060406,Pakistan,asia
1992,3118,60.88,123546848,Pakistan,asia
1993,3087,60.74,127020117,Pakistan,asia
1994,3115,60.56,130748083,Pakistan,asia
1995,3180,60.34,134582253,Pakistan,asia
1996,3240,60.44,138557092,Pakistan,asia
1997,3180,60.47,142531804,Pakistan,asia
1998,3170,60.69,146522356,Pakistan,asia
1999,3196,60.85,150565377,Pakistan,asia
2000,3245,61.04,154879127,Pakistan,asia
2001,3277,61.21,159270907,Pakistan,asia
2002,3279,61.35,163222549,Pakistan,asia
2003,3388,61.52,167110248,Pakistan,asia
2004,3561,61.77,171286000,Pakistan,asia
2005,3707,61.05,175453212,Pakistan,asia
2006,3836,62.32,179682690,Pakistan,asia
2007,3931,62.69,184493231,Pakistan,asia
2008,3909,62.92,189499113,Pakistan,asia
2009,3931,63.15,194376534,Pakistan,asia
2010,3907,63.27,199239047,Pakistan,asia
2011,3929,63.62,203746065,Pakistan,asia
2012,3981,63.82,207667125,Pakistan,asia
2013,4069,64.0,211073978,Pakistan,asia
2014,4171,64.17,214264647,Pakistan,asia
2015,4278,64.42,217290883,Pakistan,asia
2016,4422,64.66,220138869,Pakistan,asia
2017,4571,64.93,223273967,Pakistan,asia
2018,4739,65.45,226928892,Pakistan,asia
2019,4698,65.86,230800899,Pakistan,asia
2020,4559,65.88,235001746,Pakistan,asia
1950,10349,49.03,7474,Palau,asia
1951,10946,49.46,7651,Palau,asia
1952,11578,49.91,7815,Palau,asia
1953,12246,50.37,8002,Palau,asia
1954,12952,50.87,8210,Palau,asia
1955,13699,51.37,8415,Palau,asia
1956,14489,51.87,8593,Palau,asia
1957,15326,52.36,8747,Palau,asia
1958,16209,52.86,8902,Palau,asia
1959,17144,53.34,9101,Palau,asia
1960,18132,53.86,9328,Palau,asia
1961,19118,54.41,9555,Palau,asia
1962,20156,54.95,9793,Palau,asia
1963,21251,55.51,10037,Palau,asia
1964,22405,55.95,10292,Palau,asia
1965,23621,56.46,10547,Palau,asia
1966,24903,56.96,10805,Palau,asia
1967,26254,57.42,10988,Palau,asia
1968,27678,57.85,11080,Palau,asia
1969,29178,58.32,11159,Palau,asia
1970,30759,58.75,11368,Palau,asia
1971,29576,59.1,11759,Palau,asia
1972,32476,59.4,12194,Palau,asia
1973,38667,59.65,12552,Palau,asia
1974,55243,60.09,12687,Palau,asia
1975,57597,60.41,12655,Palau,asia
1976,41877,60.76,12598,Palau,asia
1977,39803,61.12,12525,Palau,asia
1978,40094,61.51,12440,Palau,asia
1979,36127,61.88,12337,Palau,asia
1980,19352,62.17,12271,Palau,asia
1981,17035,62.44,12402,Palau,asia
1982,17205,62.69,12694,Palau,asia
1983,16556,62.94,13006,Palau,asia
1984,16479,63.18,13337,Palau,asia
1985,14577,63.41,13688,Palau,asia
1986,14179,63.66,14024,Palau,asia
1987,13733,64.0,14334,Palau,asia
1988,16300,64.32,14645,Palau,asia
1989,16615,64.62,14945,Palau,asia
1990,17353,64.91,15259,Palau,asia
1991,16289,65.23,15614,Palau,asia
1992,14835,65.51,15989,Palau,asia
1993,12646,65.66,16372,Palau,asia
1994,13187,65.88,16770,Palau,asia
1995,14237,66.02,17195,Palau,asia
1996,15319,65.98,17654,Palau,asia
1997,15289,66.18,18108,Palau,asia
1998,15248,66.23,18524,Palau,asia
1999,14145,66.23,18901,Palau,asia
2000,13736,66.37,19178,Palau,asia
2001,14405,66.51,19352,Palau,asia
2002,14729,66.66,19503,Palau,asia
2003,14126,66.83,19659,Palau,asia
2004,14775,66.84,19820,Palau,asia
2005,15420,66.83,19819,Palau,asia
2006,15545,66.89,19593,Palau,asia
2007,16179,66.95,19302,Palau,asia
2008,15611,66.98,19009,Palau,asia
2009,14916,66.96,18709,Palau,asia
2010,15228,66.99,18396,Palau,asia
2011,16434,66.99,18078,Palau,asia
2012,16816,67.05,17765,Palau,asia
2013,16276,67.05,17648,Palau,asia
2014,17279,67.13,17715,Palau,asia
2015,18539,67.24,17770,Palau,asia
2016,18468,67.32,17797,Palau,asia
2017,17771,67.39,17812,Palau,asia
2018,17650,67.44,17814,Palau,asia
2019,17229,67.5,17798,Palau,asia
1950,1339,54.35,944624,Palestine,asia
1951,1380,54.53,952946,Palestine,asia
1952,1423,54.71,962306,Palestine,asia
1953,1405,54.72,972657,Palestine,asia
1954,1388,55.46,984015,Palestine,asia
1955,1371,55.96,996382,Palestine,asia
1956,1354,49.71,1009747,Palestine,asia
1957,1337,57.04,1024127,Palestine,asia
1958,1314,57.65,1039524,Palestine,asia
1959,1369,58.25,1055891,Palestine,asia
1960,1433,58.75,1073081,Palestine,asia
1961,1453,59.61,1090928,Palestine,asia
1962,1506,60.46,1109340,Palestine,asia
1963,1561,60.91,1127468,Palestine,asia
1964,1621,61.51,1140669,Palestine,asia
1965,1686,62.31,1147310,Palestine,asia
1966,1809,62.47,1146394,Palestine,asia
1967,1758,35.1,1135820,Palestine,asia
1968,1616,59.45,1121742,Palestine,asia
1969,1701,59.89,1113086,Palestine,asia
1970,1822,57.8,1116280,Palestine,asia
1971,2037,64.42,1134113,Palestine,asia
1972,2307,64.81,1164750,Palestine,asia
1973,2129,37.62,1202258,Palestine,asia
1974,2495,64.98,1241133,Palestine,asia
1975,2434,65.21,1279321,Palestine,asia
1976,2720,65.58,1316395,Palestine,asia
1977,2619,65.97,1352713,Palestine,asia
1978,2880,66.26,1389496,Palestine,asia
1979,2761,66.48,1428116,Palestine,asia
1980,3077,66.73,1469059,Palestine,asia
1981,2800,66.98,1512704,Palestine,asia
1982,2948,42.26,1560990,Palestine,asia
1983,2746,67.56,1618777,Palestine,asia
1984,2791,67.88,1688604,Palestine,asia
1985,2681,68.13,1745256,Palestine,asia
1986,3092,68.42,1789310,Palestine,asia
1987,2908,68.1,1876759,Palestine,asia
1988,2766,68.22,1977304,Palestine,asia
1989,2721,68.83,2055608,Palestine,asia
1990,3107,69.12,2139067,Palestine,asia
1991,2851,69.38,2228954,Palestine,asia
1992,3378,69.63,2324693,Palestine,asia
1993,3569,70.03,2425066,Palestine,asia
1994,3951,70.56,2529159,Palestine,asia
1995,4047,70.92,2636551,Palestine,asia
1996,3917,71.18,2746822,Palestine,asia
1997,4295,71.43,2859575,Palestine,asia
1998,4786,71.68,2962888,Palestine,asia
1999,5052,71.89,3056252,Palestine,asia
2000,4503,70.17,3151793,Palestine,asia
2001,3981,69.56,3242285,Palestine,asia
2002,3396,68.8,3322364,Palestine,asia
2003,3774,69.96,3398070,Palestine,asia
2004,4486,69.85,3475177,Palestine,asia
2005,4866,71.14,3557401,Palestine,asia
2006,4696,69.59,3645096,Palestine,asia
2007,4751,71.58,3736691,Palestine,asia
2008,4965,69.32,3829041,Palestine,asia
2009,5250,69.81,3921246,Palestine,asia
2010,5411,73.67,4016916,Palestine,asia
2011,5783,73.74,4115908,Palestine,asia
2012,5986,73.9,4215313,Palestine,asia
2013,6118,74.81,4315261,Palestine,asia
2014,5967,74.5,4415882,Palestine,asia
2015,6049,74.33,4521565,Palestine,asia
2016,6439,74.49,4632739,Palestine,asia
2017,6402,74.68,4742743,Palestine,asia
2018,6318,74.66,4850592,Palestine,asia
2019,6245,74.8,4957768,Palestine,asia
2020,5403,73.64,5069692,Palestine,asia
1950,2996,60.82,860850,Panama,americas
1951,2896,61.22,882000,Panama,americas
1952,2972,61.87,904450,Panama,americas
1953,3079,61.78,928196,Panama,americas
1954,3117,62.64,953086,Panama,americas
1955,3215,62.48,978962,Panama,americas
1956,3297,62.1,1005871,Panama,americas
1957,3550,63.14,1033909,Panama,americas
1958,3504,64.82,1063162,Panama,americas
1959,3631,65.47,1093801,Panama,americas
1960,3740,65.88,1126005,Panama,americas
1961,4064,66.39,1159870,Panama,americas
1962,4323,66.77,1195301,Panama,americas
1963,4640,67.18,1232124,Panama,americas
1964,4748,67.44,1270065,Panama,americas
1965,5063,67.48,1308835,Panama,americas
1966,5333,67.84,1348388,Panama,americas
1967,5666,68.5,1388628,Panama,americas
1968,5960,68.22,1429447,Panama,americas
1969,6298,68.27,1470886,Panama,americas
1970,6553,68.1,1513070,Panama,americas
1971,7050,69.26,1556081,Panama,americas
1972,7243,70.19,1599723,Panama,americas
1973,7501,70.94,1643690,Panama,americas
1974,7535,71.3,1687926,Panama,americas
1975,7539,71.63,1732389,Panama,americas
1976,7543,72.57,1776935,Panama,americas
1977,7483,73.4,1821543,Panama,americas
1978,8140,73.99,1866311,Panama,americas
1979,8386,74.08,1911552,Panama,americas
1980,9533,74.21,1957534,Panama,americas
1981,10263,74.86,2004418,Panama,americas
1982,10532,74.62,2052271,Panama,americas
1983,10250,75.01,2101106,Panama,americas
1984,10341,75.6,2150782,Panama,americas
1985,10731,75.35,2200915,Panama,americas
1986,11070,75.64,2251325,Panama,americas
1987,11267,76.01,2301970,Panama,americas
1988,10005,76.08,2352848,Panama,americas
1989,10040,75.03,2403820,Panama,americas
1990,10726,76.42,2455583,Panama,americas
1991,11494,76.69,2508265,Panama,americas
1992,12181,76.58,2561336,Panama,americas
1993,12584,76.3,2615099,Panama,americas
1994,12679,76.61,2669546,Panama,americas
1995,12640,76.54,2724557,Panama,americas
1996,12889,76.97,2780227,Panama,americas
1997,13445,76.66,2836695,Panama,americas
1998,14143,76.84,2893914,Panama,americas
1999,14405,77.25,2951822,Panama,americas
2000,14508,77.98,3010369,Panama,americas
2001,14311,78.12,3069537,Panama,americas
2002,14353,78.12,3129344,Panama,americas
2003,14678,78.03,3189807,Panama,americas
2004,15491,78.23,3251155,Panama,americas
2005,16302,78.22,3313026,Panama,americas
2006,17391,78.22,3375024,Panama,americas
2007,19126,78.54,3437490,Panama,americas
2008,20637,78.41,3500648,Panama,americas
2009,20526,78.38,3564381,Panama,americas
2010,21343,78.5,3628535,Panama,americas
2011,23349,78.65,3693505,Panama,americas
2012,25196,78.63,3759256,Panama,americas
2013,26481,78.73,3825329,Panama,americas
2014,27353,78.91,3892101,Panama,americas
2015,28431,79.26,3960035,Panama,americas
2016,29332,79.48,4029086,Panama,americas
2017,30447,79.62,4098707,Panama,americas
2018,31039,79.86,4167860,Panama,americas
2019,31440,80.03,4234700,Panama,americas
2020,25438,76.96,4293261,Panama,americas
1950,1070,49.62,1543429,Papua New Guinea,asia
1951,1086,47.18,1574922,Papua New Guinea,asia
1952,1101,50.05,1609537,Papua New Guinea,asia
1953,1117,50.5,1650228,Papua New Guinea,asia
1954,1134,50.91,1693505,Papua New Guinea,asia
1955,1150,51.3,1739219,Papua New Guinea,asia
1956,1167,51.61,1787439,Papua New Guinea,asia
1957,1184,52.2,1837503,Papua New Guinea,asia
1958,1201,52.72,1888964,Papua New Guinea,asia
1959,1219,53.23,1941504,Papua New Guinea,asia
1960,1237,53.68,1995110,Papua New Guinea,asia
1961,1308,54.17,2046127,Papua New Guinea,asia
1962,1383,54.63,2093919,Papua New Guinea,asia
1963,1431,55.34,2141376,Papua New Guinea,asia
1964,1543,55.72,2188325,Papua New Guinea,asia
1965,1688,56.15,2235820,Papua New Guinea,asia
1966,1770,56.85,2285774,Papua New Guinea,asia
1967,1825,57.27,2337532,Papua New Guinea,asia
1968,1886,57.84,2390803,Papua New Guinea,asia
1969,2021,58.4,2446927,Papua New Guinea,asia
1970,2215,59.02,2505628,Papua New Guinea,asia
1971,2328,59.38,2566421,Papua New Guinea,asia
1972,2430,59.88,2628432,Papua New Guinea,asia
1973,2557,60.33,2690629,Papua New Guinea,asia
1974,2592,60.74,2752671,Papua New Guinea,asia
1975,2539,61.09,2814820,Papua New Guinea,asia
1976,2427,61.36,2877327,Papua New Guinea,asia
1977,2421,61.65,2940327,Papua New Guinea,asia
1978,2599,61.81,3003714,Papua New Guinea,asia
1979,2616,61.98,3067341,Papua New Guinea,asia
1980,2523,62.15,3131512,Papua New Guinea,asia
1981,2479,62.22,3197019,Papua New Guinea,asia
1982,2450,62.22,3264291,Papua New Guinea,asia
1983,2487,62.21,3333633,Papua New Guinea,asia
1984,2439,62.23,3405198,Papua New Guinea,asia
1985,2495,62.23,3478936,Papua New Guinea,asia
1986,2569,62.31,3554793,Papua New Guinea,asia
1987,2600,62.37,3632543,Papua New Guinea,asia
1988,2631,62.44,3711880,Papua New Guinea,asia
1989,2553,62.55,3796078,Papua New Guinea,asia
1990,2435,62.61,3896481,Papua New Guinea,asia
1991,2605,62.46,4021837,Papua New Guinea,asia
1992,2898,62.69,4166699,Papua New Guinea,asia
1993,3348,62.88,4320872,Papua New Guinea,asia
1994,3465,63.07,4480208,Papua New Guinea,asia
1995,3272,63.22,4644278,Papua New Guinea,asia
1996,3440,63.36,4813361,Papua New Guinea,asia
1997,3226,63.45,4987883,Papua New Guinea,asia
1998,3029,62.36,5166390,Papua New Guinea,asia
1999,3013,63.27,5349333,Papua New Guinea,asia
2000,2871,63.14,5537064,Papua New Guinea,asia
2001,2807,62.93,5728435,Papua New Guinea,asia
2002,2746,62.68,5924003,Papua New Guinea,asia
2003,2749,62.49,6123997,Papua New Guinea,asia
2004,2765,62.29,6328041,Papua New Guinea,asia
2005,2877,62.21,6535905,Papua New Guinea,asia
2006,2963,62.22,6747720,Papua New Guinea,asia
2007,3119,62.33,6963345,Papua New Guinea,asia
2008,3035,62.54,7183002,Papua New Guinea,asia
2009,3165,62.6,7406438,Papua New Guinea,asia
2010,3407,62.78,7633523,Papua New Guinea,asia
2011,3370,62.95,7859346,Papua New Guinea,asia
2012,3453,63.08,8081390,Papua New Guinea,asia
2013,3513,63.44,8302698,Papua New Guinea,asia
2014,3909,63.73,8523441,Papua New Guinea,asia
2015,4084,63.93,8743246,Papua New Guinea,asia
2016,4223,64.1,8961718,Papua New Guinea,asia
2017,4286,64.27,9178714,Papua New Guinea,asia
2018,4190,64.42,9394513,Papua New Guinea,asia
2019,4293,64.66,9609010,Papua New Guinea,asia
2020,4058,64.78,9815746,Papua New Guinea,asia
1950,2779,61.14,1504344,Paraguay,americas
1951,2758,62.16,1537943,Paraguay,americas
1952,2642,64.96,1572605,Paraguay,americas
1953,2646,68.33,1608297,Paraguay,americas
1954,2621,68.46,1644924,Paraguay,americas
1955,2672,67.23,1682286,Paraguay,americas
1956,2714,68.46,1720406,Paraguay,americas
1957,2768,68.26,1759483,Paraguay,americas
1958,2851,67.95,1799649,Paraguay,americas
1959,2772,67.77,1840964,Paraguay,americas
1960,2727,69.07,1883514,Paraguay,americas
1961,2822,69.81,1927394,Paraguay,americas
1962,2981,69.9,1973130,Paraguay,americas
1963,3025,70.16,2021909,Paraguay,americas
1964,3115,70.38,2073119,Paraguay,americas
1965,3251,70.48,2125177,Paraguay,americas
1966,3241,70.42,2177584,Paraguay,americas
1967,3397,70.52,2229994,Paraguay,americas
1968,3467,70.61,2282391,Paraguay,americas
1969,3549,70.72,2334992,Paraguay,americas
1970,3715,70.82,2388028,Paraguay,americas
1971,3866,70.96,2442537,Paraguay,americas
1972,4060,70.87,2499881,Paraguay,americas
1973,4287,70.78,2561102,Paraguay,americas
1974,4568,70.93,2625621,Paraguay,americas
1975,4820,71.4,2691648,Paraguay,americas
1976,5105,71.61,2758836,Paraguay,americas
1977,5610,72.3,2827874,Paraguay,americas
1978,6183,72.37,2899269,Paraguay,americas
1979,6817,72.82,2973968,Paraguay,americas
1980,7505,73.07,3053235,Paraguay,americas
1981,8045,73.79,3137604,Paraguay,americas
1982,7837,74.24,3226189,Paraguay,americas
1983,7470,73.92,3318068,Paraguay,americas
1984,7561,74.08,3412936,Paraguay,americas
1985,7712,74.5,3510671,Paraguay,americas
1986,7570,75.25,3611474,Paraguay,americas
1987,7746,75.47,3714889,Paraguay,americas
1988,8081,75.46,3820546,Paraguay,americas
1989,8383,75.6,3927802,Paraguay,americas
1990,8476,75.79,4035747,Paraguay,americas
1991,8547,76.48,4144364,Paraguay,americas
1992,8476,75.99,4253600,Paraguay,americas
1993,8679,75.75,4362696,Paraguay,americas
1994,8923,75.67,4471417,Paraguay,americas
1995,9311,75.39,4579806,Paraguay,americas
1996,9243,75.13,4687543,Paraguay,americas
1997,9423,75.55,4794412,Paraguay,americas
1998,9227,75.59,4900025,Paraguay,americas
1999,8911,75.55,5003135,Paraguay,americas
2000,8530,75.62,5100868,Paraguay,americas
2001,8295,75.98,5187689,Paraguay,americas
2002,8138,76.08,5261328,Paraguay,americas
2003,8337,75.83,5326436,Paraguay,americas
2004,8528,75.21,5388175,Paraguay,americas
2005,8570,75.59,5448097,Paraguay,americas
2006,8847,75.59,5505148,Paraguay,americas
2007,9194,75.95,5559386,Paraguay,americas
2008,9658,76.03,5613574,Paraguay,americas
2009,9503,75.76,5671236,Paraguay,americas
2010,10416,75.74,5737971,Paraguay,americas
2011,10715,75.97,5814626,Paraguay,americas
2012,10494,76.16,5897008,Paraguay,americas
2013,11209,76.03,5982445,Paraguay,americas
2014,11644,76.4,6069811,Paraguay,americas
2015,11828,76.49,6159103,Paraguay,americas
2016,12171,76.13,6249126,Paraguay,americas
2017,12591,76.27,6338660,Paraguay,americas
2018,12828,76.48,6427382,Paraguay,americas
2019,12616,76.61,6515058,Paraguay,americas
2020,12340,75.71,6603739,Paraguay,americas
1950,4277,38.09,7677414,Peru,americas
1951,4495,38.5,7893620,Peru,americas
1952,4608,40.34,8116663,Peru,americas
1953,4779,41.35,8344899,Peru,americas
1954,4786,42.83,8579310,Peru,americas
1955,5009,43.67,8822013,Peru,americas
1956,5097,44.63,9073474,Peru,americas
1957,5207,44.7,9333871,Peru,americas
1958,5082,46.04,9603646,Peru,americas
1959,4969,46.75,9883654,Peru,americas
1960,5502,47.26,10174127,Peru,americas
1961,5810,48.96,10475123,Peru,americas
1962,6056,50.15,10784612,Peru,americas
1963,6141,51.67,11102099,Peru,americas
1964,6370,53.82,11427978,Peru,americas
1965,6595,54.12,11761085,Peru,americas
1966,6937,54.96,12101297,Peru,americas
1967,7003,55.8,12448814,Peru,americas
1968,6722,56.42,12803993,Peru,americas
1969,6692,57.42,13166767,Peru,americas
1970,7002,48.63,13501237,Peru,americas
1971,7101,59.68,13838067,Peru,americas
1972,7112,60.85,14210147,Peru,americas
1973,7267,61.24,14582867,Peru,americas
1974,7425,62.12,14956552,Peru,americas
1975,7783,63.4,15333957,Peru,americas
1976,7668,64.04,15716809,Peru,americas
1977,7448,64.75,16109806,Peru,americas
1978,7240,65.35,16516059,Peru,americas
1979,7461,65.82,16933139,Peru,americas
1980,7592,65.1,17360949,Peru,americas
1981,7717,64.62,17798805,Peru,americas
1982,7534,66.04,18246503,Peru,americas
1983,6362,65.73,18705957,Peru,americas
1984,6493,65.91,19174716,Peru,americas
1985,6464,65.94,19648204,Peru,americas
1986,6943,66.99,20117122,Peru,americas
1987,7360,68.55,20582320,Peru,americas
1988,6599,68.87,21054702,Peru,americas
1989,5660,69.23,21532589,Peru,americas
1990,5249,69.24,22014771,Peru,americas
1991,5258,69.24,22483775,Peru,americas
1992,5129,70.05,22946340,Peru,americas
1993,5296,70.6,23413783,Peru,americas
1994,5837,71.21,23881493,Peru,americas
1995,6154,71.49,24348919,Peru,americas
1996,6210,72.52,24811171,Peru,americas
1997,6493,72.95,25274147,Peru,americas
1998,6354,73.36,25738095,Peru,americas
1999,6346,74.37,26186504,Peru,americas
2000,6422,74.61,26598331,Peru,americas
2001,6380,75.45,26964601,Peru,americas
2002,6653,75.89,27288217,Peru,americas
2003,6862,76.04,27580490,Peru,americas
2004,7136,76.72,27852190,Peru,americas
2005,7519,77.16,28101180,Peru,americas
2006,8017,77.72,28324491,Peru,americas
2007,8629,78.33,28530699,Peru,americas
2008,9341,78.5,28719041,Peru,americas
2009,9368,77.41,28896811,Peru,americas
2010,10066,77.32,29086019,Peru,americas
2011,10617,77.69,29304086,Peru,americas
2012,11176,78.0,29550366,Peru,americas
2013,11724,78.37,29817919,Peru,americas
2014,11877,78.89,30115826,Peru,americas
2015,12110,79.4,30457600,Peru,americas
2016,12404,79.61,30866494,Peru,americas
2017,12507,79.82,31324637,Peru,americas
2018,12781,80.04,31897584,Peru,americas
2019,12854,80.25,32449303,Peru,americas
2020,11324,77.38,32838579,Peru,americas
1950,1983,55.14,18849528,Philippines,asia
1951,2133,54.21,19568081,Philippines,asia
1952,2197,55.92,20328752,Philippines,asia
1953,2324,57.15,21132500,Philippines,asia
1954,2424,57.71,21982503,Philippines,asia
1955,2517,58.15,22880573,Philippines,asia
1956,2613,58.4,23825810,Philippines,asia
1957,2672,59.73,24815855,Philippines,asia
1958,2683,61.04,25842524,Philippines,asia
1959,2782,62.06,26907607,Philippines,asia
1960,2735,61.26,27891897,Philippines,asia
1961,2805,61.53,28792621,Philippines,asia
1962,2854,61.75,29723536,Philippines,asia
1963,2965,62.35,30674731,Philippines,asia
1964,2978,62.46,31643032,Philippines,asia
1965,3043,62.55,32625316,Philippines,asia
1966,3085,62.82,33617170,Philippines,asia
1967,3157,62.79,34621320,Philippines,asia
1968,3220,62.91,35638342,Philippines,asia
1969,3275,63.15,36660799,Philippines,asia
1970,3306,62.69,37622204,Philippines,asia
1971,3392,63.06,38518659,Philippines,asia
1972,3481,62.74,39408560,Philippines,asia
1973,3693,63.27,40294130,Philippines,asia
1974,3725,63.37,41174341,Philippines,asia
1975,3832,64.11,42120826,Philippines,asia
1976,4060,63.7,43201488,Philippines,asia
1977,4175,64.22,44367962,Philippines,asia
1978,4277,64.92,45575281,Philippines,asia
1979,4397,65.41,46807103,Philippines,asia
1980,4502,65.74,48043740,Philippines,asia
1981,4545,66.03,49311727,Philippines,asia
1982,4598,66.07,50695707,Philippines,asia
1983,4577,66.28,52194620,Philippines,asia
1984,4142,66.51,53726181,Philippines,asia
1985,3748,66.51,55213006,Philippines,asia
1986,3783,66.9,56645077,Philippines,asia
1987,3855,67.02,58157496,Philippines,asia
1988,4024,67.41,59739052,Philippines,asia
1989,4180,67.93,61265260,Philippines,asia
1990,4209,68.41,62854666,Philippines,asia
1991,4088,68.86,64382249,Philippines,asia
1992,4006,69.31,65926125,Philippines,asia
1993,3997,69.43,67530621,Philippines,asia
1994,4075,69.6,69019291,Philippines,asia
1995,4165,69.77,70546246,Philippines,asia
1996,4309,69.89,72190242,Philippines,asia
1997,4432,70.14,73908810,Philippines,asia
1998,4312,70.18,75791024,Philippines,asia
1999,4360,70.45,77753257,Philippines,asia
2000,4454,70.31,79625397,Philippines,asia
2001,4493,70.23,81401488,Philippines,asia
2002,4563,70.17,83068889,Philippines,asia
2003,4697,70.33,84731835,Philippines,asia
2004,4908,70.37,86394504,Philippines,asia
2005,5054,70.31,88015962,Philippines,asia
2006,5228,70.18,89508986,Philippines,asia
2007,5475,70.46,91075184,Philippines,asia
2008,5618,70.39,92699095,Philippines,asia
2009,5607,70.37,94384250,Philippines,asia
2010,5918,70.58,96337125,Philippines,asia
2011,6044,70.65,98248614,Philippines,asia
2012,6351,70.73,100175512,Philippines,asia
2013,6666,70.56,102076336,Philippines,asia
2014,6974,70.99,103767130,Philippines,asia
2015,7300,70.91,105312992,Philippines,asia
2016,7705,71.04,106735719,Philippines,asia
2017,8121,71.2,108119693,Philippines,asia
2018,8516,71.58,109465287,Philippines,asia
2019,8915,71.84,110804683,Philippines,asia
2020,7952,71.8,112081264,Philippines,asia
1950,4534,58.99,24780161,Poland,europe
1951,4651,57.9,25222692,Poland,europe
1952,4671,60.15,25672460,Poland,europe
1953,4851,62.21,26126456,Poland,europe
1954,5031,62.67,26590474,Poland,europe
1955,5178,63.42,27063640,Poland,europe
1956,5307,64.94,27535568,Poland,europe
1957,5488,64.19,28076498,Poland,europe
1958,5665,65.77,28643640,Poland,europe
1959,5737,65.77,29132527,Poland,europe
1960,5958,67.9,29575966,Poland,europe
1961,6389,68.1,29979689,Poland,europe
1962,6270,67.94,30338087,Poland,europe
1963,6615,68.6,30674020,Poland,europe
1964,6885,69.06,30993135,Poland,europe
1965,7244,69.66,31288336,Poland,europe
1966,7683,69.98,31568284,Poland,europe
1967,7947,69.83,31828630,Poland,europe
1968,8413,70.31,32078388,Poland,europe
1969,8316,69.93,32322775,Poland,europe
1970,8736,70.17,32542633,Poland,europe
1971,9343,70.14,32771296,Poland,europe
1972,10005,71.0,33041996,Poland,europe
1973,10728,71.12,33333274,Poland,europe
1974,11319,71.58,33642461,Poland,europe
1975,11808,71.14,33964399,Poland,europe
1976,12056,71.08,34296607,Poland,europe
1977,12237,70.86,34628512,Poland,europe
1978,12644,70.89,34934213,Poland,europe
1979,12365,71.12,35248387,Poland,europe
1980,12013,70.54,35576519,Poland,europe
1981,11336,71.4,35900913,Poland,europe
1982,11195,71.49,36233460,Poland,europe
1983,11705,71.31,36573699,Poland,europe
1984,12097,71.01,36905800,Poland,europe
1985,12186,70.8,37200853,Poland,europe
1986,12550,71.05,37452611,Poland,europe
1987,12372,71.1,37665707,Poland,europe
1988,12673,71.44,37817864,Poland,europe
1989,12510,71.2,37938088,Poland,europe
1990,11315,71.08,38055455,Poland,europe
1991,10484,70.75,38152947,Poland,europe
1992,10715,71.19,38233640,Poland,europe
1993,11087,71.83,38294882,Poland,europe
1994,11649,71.84,38344313,Poland,europe
1995,12460,72.0,38364667,Poland,europe
1996,13212,72.48,38359171,Poland,europe
1997,14054,72.74,38348310,Poland,europe
1998,14701,73.11,38326437,Poland,europe
1999,15387,73.18,38287713,Poland,europe
2000,16258,73.9,38258071,Poland,europe
2001,16467,74.3,38247357,Poland,europe
2002,16810,74.65,38229408,Poland,europe
2003,17410,74.92,38203524,Poland,europe
2004,18288,75.01,38167572,Poland,europe
2005,18937,75.19,38124379,Poland,europe
2006,20111,75.31,38071167,Poland,europe
2007,21543,75.4,38020421,Poland,europe
2008,22445,75.64,37995902,Poland,europe
2009,23065,75.94,38002155,Poland,europe
2010,23996,76.48,38095351,Poland,europe
2011,25124,76.76,38208643,Poland,europe
2012,25457,76.87,38247868,Poland,europe
2013,25759,77.18,38259262,Poland,europe
2014,26650,77.64,38265113,Poland,europe
2015,27797,77.62,38266314,Poland,europe
2016,28683,77.87,38263265,Poland,europe
2017,30065,77.98,38254959,Poland,europe
2018,31674,78.02,38241071,Poland,europe
2019,33185,78.1,38225885,Poland,europe
2020,32352,76.7,38171012,Poland,europe
1950,3865,59.27,8418877,Portugal,europe
1951,4017,59.97,8474196,Portugal,europe
1952,4005,60.32,8523424,Portugal,europe
1953,4258,61.39,8572747,Portugal,europe
1954,4434,62.62,8616960,Portugal,europe
1955,4586,61.43,8662888,Portugal,europe
1956,4751,61.71,8704063,Portugal,europe
1957,4926,62.07,8743290,Portugal,europe
1958,4951,63.75,8792778,Portugal,europe
1959,5178,63.62,8840371,Portugal,europe
1960,5477,64.73,8873218,Portugal,europe
1961,5813,63.6,8888374,Portugal,europe
1962,6242,64.53,8895776,Portugal,europe
1963,6605,65.16,8898302,Portugal,europe
1964,7049,65.28,8895763,Portugal,europe
1965,7612,65.9,8889625,Portugal,europe
1966,7984,65.84,8872479,Portugal,europe
1967,8641,66.31,8845842,Portugal,europe
1968,9449,66.65,8809704,Portugal,europe
1969,9724,66.81,8754238,Portugal,europe
1970,10731,67.39,8669523,Portugal,europe
1971,11574,67.69,8685582,Portugal,europe
1972,12597,69.09,8815597,Portugal,europe
1973,14076,69.01,8939237,Portugal,europe
1974,14122,69.22,9059176,Portugal,europe
1975,13128,69.32,9182302,Portugal,europe
1976,13799,69.82,9310256,Portugal,europe
1977,14589,70.4,9438167,Portugal,europe
1978,15024,71.06,9556395,Portugal,europe
1979,15911,71.64,9663302,Portugal,europe
1980,16638,71.75,9763624,Portugal,europe
1981,16870,72.06,9837586,Portugal,europe
1982,17304,72.61,9885838,Portugal,europe
1983,17340,72.69,9925258,Portugal,europe
1984,17079,73.02,9956896,Portugal,europe
1985,17627,73.26,9979469,Portugal,europe
1986,18431,73.6,9993094,Portugal,europe
1987,19690,73.93,10001993,Portugal,europe
1988,21260,74.07,10004590,Portugal,europe
1989,22458,74.32,10001376,Portugal,europe
1990,23557,74.28,9989524,Portugal,europe
1991,24643,74.3,9969176,Portugal,europe
1992,24930,74.66,9960340,Portugal,europe
1993,24391,74.86,9972342,Portugal,europe
1994,24560,75.41,9998487,Portugal,europe
1995,25524,75.47,10031751,Portugal,europe
1996,26319,75.57,10067649,Portugal,europe
1997,27355,75.91,10110551,Portugal,europe
1998,28526,76.18,10159525,Portugal,europe
1999,29473,76.43,10214871,Portugal,europe
2000,30383,76.84,10283204,Portugal,europe
2001,30756,77.19,10354325,Portugal,europe
2002,30824,77.48,10413044,Portugal,europe
2003,30423,77.81,10454245,Portugal,europe
2004,30893,78.4,10481381,Portugal,europe
2005,31077,78.75,10502994,Portugal,europe
2006,31525,79.21,10524120,Portugal,europe
2007,32252,79.42,10546825,Portugal,europe
2008,32308,79.69,10564081,Portugal,europe
2009,31269,79.93,10576267,Portugal,europe
2010,31798,80.24,10578660,Portugal,europe
2011,31305,80.54,10557052,Portugal,europe
2012,30157,80.79,10513150,Portugal,europe
2013,30043,81.07,10458298,Portugal,europe
2014,30445,81.35,10406199,Portugal,europe
2015,31119,81.54,10370267,Portugal,europe
2016,31848,81.57,10346372,Portugal,europe
2017,33045,81.63,10330844,Portugal,europe
2018,34041,81.69,10325353,Portugal,europe
2019,34946,81.72,10343213,Portugal,europe
2020,31962,80.92,10370519,Portugal,europe
1950,1788,64.46,24283,Qatar,asia
1951,2162,64.48,25067,Qatar,asia
1952,2717,64.54,25887,Qatar,asia
1953,3413,64.62,26738,Qatar,asia
1954,4287,64.69,27616,Qatar,asia
1955,5385,64.78,28536,Qatar,asia
1956,6764,64.86,29524,Qatar,asia
1957,8494,64.96,30637,Qatar,asia
1958,10667,65.05,31968,Qatar,asia
1959,13392,65.15,33656,Qatar,asia
1960,16812,65.28,36010,Qatar,asia
1961,20987,65.41,39680,Qatar,asia
1962,26193,65.55,44630,Qatar,asia
1963,32686,65.69,50380,Qatar,asia
1964,40782,65.85,56867,Qatar,asia
1965,50877,66.02,64065,Qatar,asia
1966,63460,66.18,72192,Qatar,asia
1967,79145,66.34,81439,Qatar,asia
1968,98691,66.53,91749,Qatar,asia
1969,123045,66.75,103025,Qatar,asia
1970,153387,67.01,116350,Qatar,asia
1971,153711,67.24,131346,Qatar,asia
1972,155183,67.5,146506,Qatar,asia
1973,156718,67.74,161841,Qatar,asia
1974,152615,68.26,177362,Qatar,asia
1975,150026,68.7,193087,Qatar,asia
1976,152689,69.17,209052,Qatar,asia
1977,133919,69.57,225285,Qatar,asia
1978,137499,69.59,241808,Qatar,asia
1979,134406,69.64,258670,Qatar,asia
1980,121187,70.26,275913,Qatar,asia
1981,109477,70.44,293553,Qatar,asia
1982,90539,70.18,311537,Qatar,asia
1983,79087,70.81,329709,Qatar,asia
1984,74467,72.29,347878,Qatar,asia
1985,66572,72.12,365940,Qatar,asia
1986,64903,71.16,382422,Qatar,asia
1987,60718,70.79,397005,Qatar,asia
1988,60730,70.51,411264,Qatar,asia
1989,61510,70.26,425646,Qatar,asia
1990,61188,69.93,440175,Qatar,asia
1991,58349,69.79,454853,Qatar,asia
1992,63407,69.76,469657,Qatar,asia
1993,61322,69.87,484545,Qatar,asia
1994,61022,71.02,499459,Qatar,asia
1995,61215,71.8,514325,Qatar,asia
1996,62275,70.61,529019,Qatar,asia
1997,78390,70.14,550500,Qatar,asia
1998,83925,70.24,580540,Qatar,asia
1999,83918,70.61,612500,Qatar,asia
2000,86566,71.22,644989,Qatar,asia
2001,86644,71.51,677925,Qatar,asia
2002,89119,71.46,711205,Qatar,asia
2003,86887,71.72,744682,Qatar,asia
2004,93749,72.21,773332,Qatar,asia
2005,87722,72.29,825408,Qatar,asia
2006,93656,72.14,972831,Qatar,asia
2007,92750,72.2,1208595,Qatar,asia
2008,92555,72.55,1426938,Qatar,asia
2009,89955,72.84,1586050,Qatar,asia
2010,95908,73.36,1709229,Qatar,asia
2011,99147,73.88,1810950,Qatar,asia
2012,96261,74.28,1907117,Qatar,asia
2013,95500,74.66,2032641,Qatar,asia
2014,95578,74.94,2218372,Qatar,asia
2015,95965,75.46,2427331,Qatar,asia
2016,95602,75.73,2599372,Qatar,asia
2017,91739,75.94,2706709,Qatar,asia
2018,90970,76.11,2761142,Qatar,asia
2019,89966,76.28,2797921,Qatar,asia
2020,90479,76.22,2803375,Qatar,asia
1950,958,60.54,16397279,Romania,europe
1951,1216,61.33,16625600,Romania,europe
1952,1198,61.78,16846047,Romania,europe
1953,1334,62.35,17057698,Romania,europe
1954,1354,62.97,17266663,Romania,europe
1955,1650,63.45,17475268,Romania,europe
1956,1422,63.61,17691496,Romania,europe
1957,1659,63.25,17887289,Romania,europe
1958,1538,65.87,18046129,Romania,europe
1959,1718,63.99,18187698,Romania,europe
1960,1866,65.75,18313495,Romania,europe
1961,2075,66.29,18422514,Romania,europe
1962,2208,66.73,18511669,Romania,europe
1963,2468,68.04,18587430,Romania,europe
1964,2779,68.68,18655401,Romania,europe
1965,3085,68.86,18713054,Romania,europe
1966,3512,69.62,18776259,Romania,europe
1967,3934,68.43,18998555,Romania,europe
1968,4251,67.81,19361055,Romania,europe
1969,4565,67.63,19701808,Romania,europe
1970,5106,68.29,20011625,Romania,europe
1971,5566,68.96,20293482,Romania,europe
1972,6374,69.33,20555576,Romania,europe
1973,7292,69.33,20798323,Romania,europe
1974,7465,69.91,21033552,Romania,europe
1975,7732,69.92,21268070,Romania,europe
1976,8706,70.3,21497683,Romania,europe
1977,9343,69.7,21700178,Romania,europe
1978,10334,70.02,21868067,Romania,europe
1979,10611,69.68,22019624,Romania,europe
1980,10812,69.6,22154771,Romania,europe
1981,10965,69.73,22272789,Romania,europe
1982,11576,70.03,22374443,Romania,europe
1983,12479,70.07,22459207,Romania,europe
1984,13435,70.04,22533999,Romania,europe
1985,13614,69.67,22605820,Romania,europe
1986,14128,69.85,22674743,Romania,europe
1987,14436,69.24,22745591,Romania,europe
1988,14553,69.58,22815429,Romania,europe
1989,13884,69.72,22887641,Romania,europe
1990,13302,69.83,22939530,Romania,europe
1991,11685,70.26,22947413,Romania,europe
1992,10757,69.81,22912393,Romania,europe
1993,10937,69.68,22842250,Romania,europe
1994,11383,69.51,22756243,Romania,europe
1995,12117,69.38,22657723,Romania,europe
1996,12627,68.97,22541910,Romania,europe
1997,12050,69.09,22411513,Romania,europe
1998,11829,69.85,22284900,Romania,europe
1999,11803,70.74,22166159,Romania,europe
2000,12110,71.23,22046262,Romania,europe
2001,12920,71.18,21919917,Romania,europe
2002,13910,71.23,21770017,Romania,europe
2003,14338,71.51,21593450,Romania,europe
2004,15924,72.02,21403217,Romania,europe
2005,16771,72.36,21213388,Romania,europe
2006,18225,72.85,21035732,Romania,europe
2007,19834,73.37,20870716,Romania,europe
2008,22044,73.42,20718742,Romania,europe
2009,21002,73.53,20576927,Romania,europe
2010,20303,73.78,20432574,Romania,europe
2011,20792,74.6,20282011,Romania,europe
2012,21311,74.68,20158452,Romania,europe
2013,22197,75.28,20062921,Romania,europe
2014,23084,75.03,19968174,Romania,europe
2015,23878,75.25,19871019,Romania,europe
2016,25145,75.34,19777051,Romania,europe
2017,27142,75.38,19689401,Romania,europe
2018,28523,75.46,19597872,Romania,europe
2019,29875,75.52,19501542,Romania,europe
2020,28883,74.12,19392469,Romania,europe
1950,5847,57.3,103392360,Russia,europe
1951,5652,60.04,104844658,Russia,europe
1952,5789,62.55,106326382,Russia,europe
1953,5810,65.13,107851679,Russia,europe
1954,5859,67.36,109463239,Russia,europe
1955,6109,67.66,111160992,Russia,europe
1956,6427,67.89,112909103,Russia,europe
1957,6295,68.05,114730335,Russia,europe
1958,6493,68.22,116588766,Russia,europe
1959,6157,68.13,118293890,Russia,europe
1960,6460,69.05,119934141,Russia,europe
1961,6940,69.26,121604304,Russia,europe
1962,7478,69.1,123111713,Russia,europe
1963,7811,69.39,124449753,Russia,europe
1964,8365,70.15,125630154,Russia,europe
1965,8888,69.97,126634214,Russia,europe
1966,9595,69.92,127533631,Russia,europe
1967,10290,69.7,128342644,Russia,europe
1968,11030,69.47,129065041,Russia,europe
1969,11418,69.07,129762187,Russia,europe
1970,12489,69.15,130367189,Russia,europe
1971,13121,69.3,130987113,Russia,europe
1972,13606,69.26,131726419,Russia,europe
1973,14788,69.21,132475149,Russia,europe
1974,15429,69.15,133259158,Russia,europe
1975,16159,68.6,134136098,Russia,europe
1976,16756,68.27,135080690,Russia,europe
1977,17368,68.09,136040976,Russia,europe
1978,17796,68.09,136979087,Russia,europe
1979,18079,67.83,137816541,Russia,europe
1980,18824,67.71,138572623,Russia,europe
1981,19165,67.96,139351498,Russia,europe
1982,19388,68.49,140247748,Russia,europe
1983,19865,68.3,141331278,Russia,europe
1984,20035,67.81,142464239,Russia,europe
1985,20427,68.54,143569389,Russia,europe
1986,21027,70.22,144807813,Russia,europe
1987,21106,70.2,146147383,Russia,europe
1988,21554,70.11,147364489,Russia,europe
1989,21874,69.8,148281866,Russia,europe
1990,21483,69.52,148979541,Russia,europe
1991,20340,69.28,149448433,Russia,europe
1992,17368,68.12,148915991,Russia,europe
1993,15871,65.5,148135424,Russia,europe
1994,13880,64.16,148200736,Russia,europe
1995,13308,64.84,148291403,Russia,europe
1996,12827,66.07,148084582,Russia,europe
1997,13028,67.18,147853771,Russia,europe
1998,12358,67.47,147635531,Russia,europe
1999,13190,66.22,147241975,Russia,europe
2000,14570,65.63,146717783,Russia,europe
2001,15378,65.55,146117284,Russia,europe
2002,16175,65.37,145939500,Russia,europe
2003,17435,65.17,145794229,Russia,europe
2004,18766,65.54,145180097,Russia,europe
2005,20043,65.05,144597884,Russia,europe
2006,21757,66.47,144102948,Russia,europe
2007,23647,67.46,143859764,Russia,europe
2008,24888,67.72,143811840,Russia,europe
2009,22940,68.67,143869132,Russia,europe
2010,23961,68.82,143934465,Russia,europe
2011,24972,69.99,144043748,Russia,europe
2012,25933,70.45,144291029,Russia,europe
2013,26332,70.93,144604098,Russia,europe
2014,26057,70.98,144925638,Russia,europe
2015,25488,71.53,145307616,Russia,europe
2016,25491,72.02,145778677,Russia,europe
2017,25926,72.94,146186799,Russia,europe
2018,26656,72.98,146430146,Russia,europe
2019,27211,72.97,146533067,Russia,europe
2020,26581,71.17,146371299,Russia,europe
1950,679,36.52,2157097,Rwanda,africa
1951,703,36.61,2236031,Rwanda,africa
1952,710,35.53,2316510,Rwanda,africa
1953,722,37.45,2398360,Rwanda,africa
1954,745,38.43,2482122,Rwanda,africa
1955,751,38.94,2568298,Rwanda,africa
1956,762,38.59,2656809,Rwanda,africa
1957,771,39.89,2747874,Rwanda,africa
1958,774,40.55,2840129,Rwanda,africa
1959,797,41.09,2932394,Rwanda,africa
1960,801,42.24,3022294,Rwanda,africa
1961,767,42.37,3106779,Rwanda,africa
1962,811,42.23,3186025,Rwanda,africa
1963,714,42.39,3258890,Rwanda,africa
1964,622,42.63,3334834,Rwanda,africa
1965,630,42.85,3423210,Rwanda,africa
1966,616,42.79,3521626,Rwanda,africa
1967,670,43.26,3629577,Rwanda,africa
1968,669,43.6,3744010,Rwanda,africa
1969,729,43.45,3861271,Rwanda,africa
1970,745,43.58,3980669,Rwanda,africa
1971,732,43.84,4100044,Rwanda,africa
1972,712,44.1,4220335,Rwanda,africa
1973,715,44.49,4345047,Rwanda,africa
1974,700,44.82,4474228,Rwanda,africa
1975,664,45.02,4607728,Rwanda,africa
1976,769,45.73,4745954,Rwanda,africa
1977,782,46.46,4888240,Rwanda,africa
1978,831,46.89,5035171,Rwanda,africa
1979,879,47.47,5189541,Rwanda,africa
1980,925,48.43,5353259,Rwanda,africa
1981,956,49.45,5527230,Rwanda,africa
1982,956,50.23,5711549,Rwanda,africa
1983,995,50.89,5905311,Rwanda,africa
1984,934,51.41,6107627,Rwanda,africa
1985,953,51.49,6317228,Rwanda,africa
1986,968,51.56,6531881,Rwanda,africa
1987,939,51.84,6749493,Rwanda,africa
1988,917,51.77,6968071,Rwanda,africa
1989,941,51.2,7184706,Rwanda,africa
1990,937,50.01,7375307,Rwanda,africa
1991,940,49.88,7526966,Rwanda,africa
1992,1051,49.12,7683266,Rwanda,africa
1993,1034,48.27,7981132,Rwanda,africa
1994,543,9.5,6792352,Rwanda,africa
1995,746,46.41,5674118,Rwanda,africa
1996,817,47.73,6708764,Rwanda,africa
1997,871,46.79,7755238,Rwanda,africa
1998,874,47.9,8081681,Rwanda,africa
1999,847,49.32,8147912,Rwanda,africa
2000,868,50.51,8213931,Rwanda,africa
2001,907,51.45,8287094,Rwanda,africa
2002,1003,53.19,8400180,Rwanda,africa
2003,1010,54.55,8586875,Rwanda,africa
2004,1069,56.28,8816844,Rwanda,africa
2005,1148,58.22,9054528,Rwanda,africa
2006,1226,60.17,9299246,Rwanda,africa
2007,1287,61.59,9549933,Rwanda,africa
2008,1393,62.57,9804269,Rwanda,africa
2009,1441,63.39,10060432,Rwanda,africa
2010,1507,64.54,10317553,Rwanda,africa
2011,1587,65.31,10573733,Rwanda,africa
2012,1682,65.84,10829901,Rwanda,africa
2013,1719,66.85,11093340,Rwanda,africa
2014,1780,67.2,11364757,Rwanda,africa
2015,1889,67.39,11640022,Rwanda,africa
2016,1951,67.56,11919183,Rwanda,africa
2017,1975,67.95,12202060,Rwanda,africa
2018,2089,68.32,12487996,Rwanda,africa
2019,2228,68.65,12776103,Rwanda,africa
2020,2108,68.68,13065837,Rwanda,africa
1950,3369,54.43,88281,Samoa,asia
1951,3409,54.97,90510,Samoa,asia
1952,3448,55.53,92701,Samoa,asia
1953,3488,56.06,94773,Samoa,asia
1954,3529,56.63,96882,Samoa,asia
1955,3569,57.21,99038,Samoa,asia
1956,3611,58.28,101318,Samoa,asia
1957,3653,58.98,103894,Samoa,asia
1958,3695,59.59,106698,Samoa,asia
1959,3738,60.16,109561,Samoa,asia
1960,3782,60.68,112490,Samoa,asia
1961,3823,61.09,115496,Samoa,asia
1962,3866,61.25,118597,Samoa,asia
1963,3908,61.39,121764,Samoa,asia
1964,3951,57.16,124894,Samoa,asia
1965,3995,61.25,127978,Samoa,asia
1966,4038,61.29,131073,Samoa,asia
1967,4082,61.75,133764,Samoa,asia
1968,4127,62.04,136020,Samoa,asia
1969,4173,62.18,138233,Samoa,asia
1970,4218,62.42,140400,Samoa,asia
1971,4265,62.64,142503,Samoa,asia
1972,4312,63.02,144538,Samoa,asia
1973,4359,63.16,146516,Samoa,asia
1974,3854,63.29,149431,Samoa,asia
1975,3673,63.64,153344,Samoa,asia
1976,3979,64.06,157113,Samoa,asia
1977,3915,64.37,159753,Samoa,asia
1978,4129,64.68,161375,Samoa,asia
1979,4644,64.99,162882,Samoa,asia
1980,4340,65.23,164322,Samoa,asia
1981,3932,65.37,165678,Samoa,asia
1982,3879,65.53,166484,Samoa,asia
1983,3883,65.66,166714,Samoa,asia
1984,3920,65.79,166796,Samoa,asia
1985,4056,66.0,166849,Samoa,asia
1986,4256,66.22,167061,Samoa,asia
1987,4250,66.44,167661,Samoa,asia
1988,4160,66.63,168346,Samoa,asia
1989,4281,66.82,168768,Samoa,asia
1990,4058,66.86,169042,Samoa,asia
1991,3936,66.93,169368,Samoa,asia
1992,3892,67.24,170331,Samoa,asia
1993,4012,67.38,171774,Samoa,asia
1994,3874,67.52,173159,Samoa,asia
1995,4100,67.65,174571,Samoa,asia
1996,4365,67.82,176071,Samoa,asia
1997,4370,68.01,177547,Samoa,asia
1998,4446,68.23,178905,Samoa,asia
1999,4523,68.33,180275,Samoa,asia
2000,4813,68.48,181685,Samoa,asia
2001,5119,68.64,183166,Samoa,asia
2002,5311,68.8,184471,Samoa,asia
2003,5517,68.9,185430,Samoa,asia
2004,5736,69.0,186249,Samoa,asia
2005,5937,68.99,186978,Samoa,asia
2006,6016,69.22,187709,Samoa,asia
2007,6355,69.35,188753,Samoa,asia
2008,6376,69.47,190107,Samoa,asia
2009,6027,67.51,191513,Samoa,asia
2010,6010,69.64,193023,Samoa,asia
2011,6206,69.71,194713,Samoa,asia
2012,5901,69.63,196498,Samoa,asia
2013,5831,69.89,198268,Samoa,asia
2014,5788,69.98,200037,Samoa,asia
2015,5997,70.06,201782,Samoa,asia
2016,6450,70.16,203499,Samoa,asia
2017,6490,70.27,205415,Samoa,asia
2018,6385,70.38,207582,Samoa,asia
2019,6632,70.49,209780,Samoa,asia
2020,6417,70.55,211944,Samoa,asia
1950,9310,72.02,12947,San Marino,europe
1951,9806,72.1,13120,San Marino,europe
1952,10328,72.18,13279,San Marino,europe
1953,10878,72.27,13437,San Marino,europe
1954,11458,72.36,13610,San Marino,europe
1955,12068,72.45,13793,San Marino,europe
1956,12711,72.53,14049,San Marino,europe
1957,13387,72.63,14384,San Marino,europe
1958,14100,72.71,14726,San Marino,europe
1959,14850,72.79,15073,San Marino,europe
1960,15642,72.88,15428,San Marino,europe
1961,16734,72.96,15799,San Marino,europe
1962,17899,73.05,16183,San Marino,europe
1963,19139,73.13,16580,San Marino,europe
1964,20461,73.24,16977,San Marino,europe
1965,21870,73.33,17305,San Marino,europe
1966,23371,73.48,17523,San Marino,europe
1967,24968,73.7,17688,San Marino,europe
1968,26552,73.82,17861,San Marino,europe
1969,28230,73.96,18026,San Marino,europe
1970,30006,74.12,18168,San Marino,europe
1971,30581,74.3,18419,San Marino,europe
1972,31861,74.55,18787,San Marino,europe
1973,34349,74.85,18992,San Marino,europe
1974,36408,75.16,19030,San Marino,europe
1975,35664,75.38,19046,San Marino,europe
1976,38043,75.59,19110,San Marino,europe
1977,38706,75.75,20017,San Marino,europe
1978,39564,75.91,21026,San Marino,europe
1979,41493,76.15,21320,San Marino,europe
1980,42552,76.39,21585,San Marino,europe
1981,42617,76.82,21840,San Marino,europe
1982,42539,77.3,22055,San Marino,europe
1983,42828,77.67,22229,San Marino,europe
1984,44004,78.02,22346,San Marino,europe
1985,45027,78.32,22485,San Marino,europe
1986,46093,78.64,22636,San Marino,europe
1987,47338,78.97,22686,San Marino,europe
1988,49090,79.23,22843,San Marino,europe
1989,50488,79.47,23154,San Marino,europe
1990,51233,79.7,23475,San Marino,europe
1991,51109,79.91,23797,San Marino,europe
1992,50574,80.09,24125,San Marino,europe
1993,54009,80.3,24472,San Marino,europe
1994,56799,80.41,24823,San Marino,europe
1995,61109,80.67,25158,San Marino,europe
1996,63228,80.91,25482,San Marino,europe
1997,63990,81.13,25800,San Marino,europe
1998,68030,81.3,26125,San Marino,europe
1999,73393,81.47,26459,San Marino,europe
2000,74122,81.54,26799,San Marino,europe
2001,77249,81.63,27143,San Marino,europe
2002,76507,81.7,27491,San Marino,europe
2003,78397,81.71,27843,San Marino,europe
2004,80884,81.63,28203,San Marino,europe
2005,81766,81.6,28572,San Marino,europe
2006,83840,81.64,28942,San Marino,europe
2007,88683,81.72,29316,San Marino,europe
2008,87178,81.8,29701,San Marino,europe
2009,77189,81.85,30090,San Marino,europe
2010,72038,81.9,30624,San Marino,europe
2011,65143,81.94,32169,San Marino,europe
2012,59709,81.95,33467,San Marino,europe
2013,58420,81.96,33620,San Marino,europe
2014,57328,81.96,33725,San Marino,europe
2015,58062,81.97,33901,San Marino,europe
2016,59010,81.98,34161,San Marino,europe
2017,58867,82.03,34378,San Marino,europe
2018,59576,82.09,34529,San Marino,europe
2019,60847,82.17,34653,San Marino,europe
1950,1486,40.68,60874,Sao Tome and Principe,africa
1951,1481,40.78,61761,Sao Tome and Principe,africa
1952,1479,40.92,62593,Sao Tome and Principe,africa
1953,1479,41.05,63327,Sao Tome and Principe,africa
1954,1540,41.14,63987,Sao Tome and Principe,africa
1955,1384,40.86,64606,Sao Tome and Principe,africa
1956,1460,40.42,65225,Sao Tome and Principe,africa
1957,1447,39.59,65871,Sao Tome and Principe,africa
1958,1586,41.08,66558,Sao Tome and Principe,africa
1959,1419,43.11,67291,Sao Tome and Principe,africa
1960,1572,45.02,68012,Sao Tome and Principe,africa
1961,1690,46.98,68707,Sao Tome and Principe,africa
1962,1801,49.03,69403,Sao Tome and Principe,africa
1963,1910,50.47,70112,Sao Tome and Principe,africa
1964,2015,52.11,70865,Sao Tome and Principe,africa
1965,2111,53.23,71680,Sao Tome and Principe,africa
1966,2233,53.53,72576,Sao Tome and Principe,africa
1967,2330,54.63,73596,Sao Tome and Principe,africa
1968,2421,55.29,74765,Sao Tome and Principe,africa
1969,2517,56.11,76083,Sao Tome and Principe,africa
1970,2607,56.96,77626,Sao Tome and Principe,africa
1971,2704,57.92,79330,Sao Tome and Principe,africa
1972,2701,58.73,81041,Sao Tome and Principe,africa
1973,2687,59.72,82798,Sao Tome and Principe,africa
1974,2786,60.1,84672,Sao Tome and Principe,africa
1975,2867,60.68,86708,Sao Tome and Principe,africa
1976,2823,61.3,88922,Sao Tome and Principe,africa
1977,3378,61.77,91301,Sao Tome and Principe,africa
1978,3375,62.14,93794,Sao Tome and Principe,africa
1979,3822,62.17,96252,Sao Tome and Principe,africa
1980,3690,62.3,98544,Sao Tome and Principe,africa
1981,3226,61.97,100615,Sao Tome and Principe,africa
1982,3265,61.66,102508,Sao Tome and Principe,africa
1983,3077,61.38,104380,Sao Tome and Principe,africa
1984,2834,61.44,106394,Sao Tome and Principe,africa
1985,3036,62.16,108658,Sao Tome and Principe,africa
1986,2799,60.04,111150,Sao Tome and Principe,africa
1987,2661,63.2,113919,Sao Tome and Principe,africa
1988,2656,63.4,116939,Sao Tome and Principe,africa
1989,2679,62.99,119979,Sao Tome and Principe,africa
1990,2564,63.49,122980,Sao Tome and Principe,africa
1991,2547,63.75,125697,Sao Tome and Principe,africa
1992,2526,63.82,128110,Sao Tome and Principe,africa
1993,2523,64.08,130467,Sao Tome and Principe,africa
1994,2547,64.06,132732,Sao Tome and Principe,africa
1995,2563,64.1,134895,Sao Tome and Principe,africa
1996,2564,64.07,136962,Sao Tome and Principe,africa
1997,2550,64.14,138922,Sao Tome and Principe,africa
1998,2572,64.24,140751,Sao Tome and Principe,africa
1999,2592,64.57,142442,Sao Tome and Principe,africa
2000,2559,65.02,144018,Sao Tome and Principe,africa
2001,2589,65.48,146375,Sao Tome and Principe,africa
2002,2602,65.86,149922,Sao Tome and Principe,africa
2003,2719,66.19,153814,Sao Tome and Principe,africa
2004,2762,66.51,157705,Sao Tome and Principe,africa
2005,2888,66.65,161639,Sao Tome and Principe,africa
2006,3069,67.22,165638,Sao Tome and Principe,africa
2007,3081,67.59,169700,Sao Tome and Principe,africa
2008,3239,67.87,173793,Sao Tome and Principe,africa
2009,3228,68.6,177853,Sao Tome and Principe,africa
2010,3357,68.99,181802,Sao Tome and Principe,africa
2011,3426,69.25,185649,Sao Tome and Principe,africa
2012,3461,69.25,189439,Sao Tome and Principe,africa
2013,3558,69.44,193148,Sao Tome and Principe,africa
2014,3721,69.76,196767,Sao Tome and Principe,africa
2015,3794,69.99,200291,Sao Tome and Principe,africa
2016,3879,70.22,203689,Sao Tome and Principe,africa
2017,3953,70.44,206970,Sao Tome and Principe,africa
2018,3993,70.68,210187,Sao Tome and Principe,africa
2019,4005,70.93,213392,Sao Tome and Principe,africa
2020,4031,70.72,217435,Sao Tome and Principe,africa
1950,4134,50.92,1703271,Saudi Arabia,asia
1951,4399,51.28,1763607,Saudi Arabia,asia
1952,4577,51.56,1826509,Saudi Arabia,asia
1953,4936,51.9,1892162,Saudi Arabia,asia
1954,5396,52.27,1960623,Saudi Arabia,asia
1955,5415,52.56,2031955,Saudi Arabia,asia
1956,5697,52.87,2106227,Saudi Arabia,asia
1957,5780,53.19,2183543,Saudi Arabia,asia
1958,5937,53.52,2264095,Saudi Arabia,asia
1959,6407,53.89,2348011,Saudi Arabia,asia
1960,6891,54.34,2435403,Saudi Arabia,asia
1961,7534,54.83,2526347,Saudi Arabia,asia
1962,8236,55.37,2620910,Saudi Arabia,asia
1963,8737,55.88,2719341,Saudi Arabia,asia
1964,9274,56.39,2821968,Saudi Arabia,asia
1965,10133,56.93,2928771,Saudi Arabia,asia
1966,11306,57.51,3039887,Saudi Arabia,asia
1967,11976,58.08,3157242,Saudi Arabia,asia
1968,12689,58.63,3282711,Saudi Arabia,asia
1969,13286,59.16,3417114,Saudi Arabia,asia
1970,14127,59.81,3562470,Saudi Arabia,asia
1971,15704,60.49,3724031,Saudi Arabia,asia
1972,17597,61.39,3905722,Saudi Arabia,asia
1973,20457,62.22,4106344,Saudi Arabia,asia
1974,22853,63.07,4323632,Saudi Arabia,asia
1975,21840,63.63,4556287,Saudi Arabia,asia
1976,22432,64.25,4807933,Saudi Arabia,asia
1977,24207,64.83,5083048,Saudi Arabia,asia
1978,23938,65.26,5381902,Saudi Arabia,asia
1979,23798,65.58,5703698,Saudi Arabia,asia
1980,24490,66.06,6047997,Saudi Arabia,asia
1981,24868,66.6,6420551,Saudi Arabia,asia
1982,23871,66.89,6824486,Saudi Arabia,asia
1983,20128,67.13,7252941,Saudi Arabia,asia
1984,18998,67.33,7697307,Saudi Arabia,asia
1985,16765,67.54,8151779,Saudi Arabia,asia
1986,14992,67.74,8628639,Saudi Arabia,asia
1987,15018,67.95,9130194,Saudi Arabia,asia
1988,14874,68.15,9629165,Saudi Arabia,asia
1989,14831,68.21,10128394,Saudi Arabia,asia
1990,16664,68.08,10640691,Saudi Arabia,asia
1991,19564,68.46,11160744,Saudi Arabia,asia
1992,20814,68.77,11686676,Saudi Arabia,asia
1993,21042,69.01,12215862,Saudi Arabia,asia
1994,21713,69.22,12750040,Saudi Arabia,asia
1995,22346,69.4,13289245,Saudi Arabia,asia
1996,23575,69.62,13831009,Saudi Arabia,asia
1997,24513,69.76,14374943,Saudi Arabia,asia
1998,25935,70.01,14922185,Saudi Arabia,asia
1999,25642,70.19,15472075,Saudi Arabia,asia
2000,27788,70.37,16177722,Saudi Arabia,asia
2001,28122,70.57,17041397,Saudi Arabia,asia
2002,27961,70.74,17910910,Saudi Arabia,asia
2003,31813,70.87,18786767,Saudi Arabia,asia
2004,35145,71.07,19669480,Saudi Arabia,asia
2005,38012,71.16,20559890,Saudi Arabia,asia
2006,40085,71.21,21459144,Saudi Arabia,asia
2007,41930,71.29,22368313,Saudi Arabia,asia
2008,45793,71.4,23287877,Saudi Arabia,asia
2009,44643,71.62,24217654,Saudi Arabia,asia
2010,44037,71.84,25157128,Saudi Arabia,asia
2011,46989,72.2,26105645,Saudi Arabia,asia
2012,48024,72.56,27062443,Saudi Arabia,asia
2013,47848,72.88,28026825,Saudi Arabia,asia
2014,48209,73.17,28998128,Saudi Arabia,asia
2015,48921,73.25,29974938,Saudi Arabia,asia
2016,48626,73.71,30717808,Saudi Arabia,asia
2017,47306,74.02,30782402,Saudi Arabia,asia
2018,47593,74.28,30365121,Saudi Arabia,asia
2019,46962,74.52,30472811,Saudi Arabia,asia
2020,43997,74.34,30991207,Saudi Arabia,asia
1950,2333,45.21,2555369,Senegal,africa
1951,2374,45.39,2619642,Senegal,africa
1952,2414,45.66,2686999,Senegal,africa
1953,2453,46.15,2757566,Senegal,africa
1954,2495,45.96,2831390,Senegal,africa
1955,2533,46.04,2908505,Senegal,africa
1956,2571,46.26,2988932,Senegal,africa
1957,2611,46.58,3072364,Senegal,africa
1958,2648,46.74,3158756,Senegal,africa
1959,2683,46.81,3248318,Senegal,africa
1960,2677,46.91,3340907,Senegal,africa
1961,2739,46.97,3436375,Senegal,africa
1962,2767,47.01,3534686,Senegal,africa
1963,2810,46.86,3635876,Senegal,africa
1964,2801,46.93,3740535,Senegal,africa
1965,2830,47.1,3849788,Senegal,africa
1966,2830,47.25,3964299,Senegal,africa
1967,2725,47.32,4083870,Senegal,africa
1968,2825,47.45,4207587,Senegal,africa
1969,2572,47.6,4334974,Senegal,africa
1970,2715,47.87,4466328,Senegal,africa
1971,2637,48.14,4601864,Senegal,africa
1972,2729,48.54,4741631,Senegal,africa
1973,2504,48.97,4885181,Senegal,africa
1974,2536,49.41,5029437,Senegal,africa
1975,2669,49.91,5170810,Senegal,africa
1976,2849,50.52,5308564,Senegal,africa
1977,2694,51.22,5439549,Senegal,africa
1978,2513,51.81,5568096,Senegal,africa
1979,2610,52.4,5702895,Senegal,africa
1980,2450,52.92,5845638,Senegal,africa
1981,2360,53.43,5997160,Senegal,africa
1982,2639,54.11,6156961,Senegal,africa
1983,2626,54.97,6324504,Senegal,africa
1984,2431,55.66,6499364,Senegal,africa
1985,2449,56.22,6683287,Senegal,africa
1986,2492,56.79,6878192,Senegal,africa
1987,2518,57.32,7081530,Senegal,africa
1988,2569,57.88,7289618,Senegal,africa
1989,2444,58.27,7502207,Senegal,africa
1990,2473,58.61,7720523,Senegal,africa
1991,2464,58.93,7943085,Senegal,africa
1992,2423,59.01,8168395,Senegal,africa
1993,2385,59.09,8396288,Senegal,africa
1994,2318,59.18,8624078,Senegal,africa
1995,2380,59.17,8848101,Senegal,africa
1996,2368,59.46,9067014,Senegal,africa
1997,2382,59.57,9283495,Senegal,africa
1998,2463,59.73,9502952,Senegal,africa
1999,2558,60.07,9730887,Senegal,africa
2000,2595,60.63,9968260,Senegal,africa
2001,2643,61.11,10212942,Senegal,africa
2002,2581,61.36,10466214,Senegal,africa
2003,2659,62.2,10721176,Senegal,africa
2004,2713,62.7,10975704,Senegal,africa
2005,2758,63.19,11235472,Senegal,africa
2006,2750,63.71,11500094,Senegal,africa
2007,2754,64.39,11770344,Senegal,africa
2008,2781,64.99,12048959,Senegal,africa
2009,2781,65.39,12337389,Senegal,africa
2010,2797,65.67,12635413,Senegal,africa
2011,2757,65.95,12958897,Senegal,africa
2012,2789,66.21,13310495,Senegal,africa
2013,2777,66.48,13710849,Senegal,africa
2014,2868,66.76,14152102,Senegal,africa
2015,2966,66.98,14593331,Senegal,africa
2016,3068,67.27,15034521,Senegal,africa
2017,3204,67.53,15475002,Senegal,africa
2018,3309,68.05,15914498,Senegal,africa
2019,3361,68.47,16352922,Senegal,africa
2020,3315,68.47,16789219,Senegal,africa
1950,2690,54.38,6009201,Serbia,europe
1951,2677,53.66,6067042,Serbia,europe
1952,2362,57.87,6127270,Serbia,europe
1953,2729,58.33,6192410,Serbia,europe
1954,2599,60.32,6266886,Serbia,europe
1955,3004,59.19,6346327,Serbia,europe
1956,2845,60.63,6422768,Serbia,europe
1957,3658,60.97,6496450,Serbia,europe
1958,3513,63.96,6567233,Serbia,europe
1959,4516,63.28,6635217,Serbia,europe
1960,4589,63.53,6702962,Serbia,europe
1961,4694,63.21,6771394,Serbia,europe
1962,4925,63.92,6838635,Serbia,europe
1963,5479,65.15,6904162,Serbia,europe
1964,6005,64.82,6968213,Serbia,europe
1965,6081,65.45,7031133,Serbia,europe
1966,6622,66.53,7093227,Serbia,europe
1967,6741,65.98,7154389,Serbia,europe
1968,6866,66.05,7214020,Serbia,europe
1969,7665,65.51,7271051,Serbia,europe
1970,7892,66.16,7324425,Serbia,europe
1971,8650,66.44,7375140,Serbia,europe
1972,9043,67.21,7424739,Serbia,europe
1973,9573,68.3,7473514,Serbia,europe
1974,10406,69.0,7522485,Serbia,europe
1975,10709,69.24,7572438,Serbia,europe
1976,11273,69.46,7622703,Serbia,europe
1977,12195,69.45,7671484,Serbia,europe
1978,12841,69.12,7716931,Serbia,europe
1979,13996,69.45,7758212,Serbia,europe
1980,14038,69.81,7796280,Serbia,europe
1981,14359,69.84,7827856,Serbia,europe
1982,14547,69.59,7849649,Serbia,europe
1983,14330,69.24,7864593,Serbia,europe
1984,14649,69.95,7875051,Serbia,europe
1985,14719,70.42,7881548,Serbia,europe
1986,15291,69.98,7884579,Serbia,europe
1987,15115,69.81,7885359,Serbia,europe
1988,14973,69.97,7884456,Serbia,europe
1989,15316,70.13,7881274,Serbia,europe
1990,13722,70.82,7874594,Serbia,europe
1991,12548,70.49,7867067,Serbia,europe
1992,9368,71.13,7859809,Serbia,europe
1993,6712,71.02,7849725,Serbia,europe
1994,7101,70.63,7837158,Serbia,europe
1995,7752,70.58,7823284,Serbia,europe
1996,8246,70.44,7807721,Serbia,europe
1997,8865,70.16,7789182,Serbia,europe
1998,9196,70.72,7765922,Serbia,europe
1999,8360,68.94,7734365,Serbia,europe
2000,8901,71.44,7694605,Serbia,europe
2001,9529,71.91,7651927,Serbia,europe
2002,10147,72.16,7616743,Serbia,europe
2003,10614,72.15,7590935,Serbia,europe
2004,11600,72.27,7565841,Serbia,europe
2005,12278,72.35,7539133,Serbia,europe
2006,12956,72.74,7511394,Serbia,europe
2007,13846,73.15,7482989,Serbia,europe
2008,14692,73.45,7454279,Serbia,europe
2009,14348,73.64,7425347,Serbia,europe
2010,14511,74.06,7395864,Serbia,europe
2011,14924,74.33,7364859,Serbia,europe
2012,14894,74.79,7324623,Serbia,europe
2013,15400,74.89,7276180,Serbia,europe
2014,15226,74.98,7227203,Serbia,europe
2015,15578,75.07,7177253,Serbia,europe
2016,16183,75.48,7126083,Serbia,europe
2017,16611,75.58,7073507,Serbia,europe
2018,17453,75.62,7020019,Serbia,europe
2019,18307,75.68,6966153,Serbia,europe
2020,18231,75.15,6907812,Serbia,europe
1950,3060,59.96,38284,Seychelles,africa
1951,3229,60.36,38683,Seychelles,africa
1952,3279,60.76,38989,Seychelles,africa
1953,3334,61.15,39313,Seychelles,africa
1954,3478,61.53,39681,Seychelles,africa
1955,3463,62.01,40102,Seychelles,africa
1956,3428,62.54,40600,Seychelles,africa
1957,3497,63.01,41178,Seychelles,africa
1958,3519,63.33,41799,Seychelles,africa
1959,3606,63.56,42464,Seychelles,africa
1960,3786,63.64,43230,Seychelles,africa
1961,3543,63.38,44108,Seychelles,africa
1962,3819,63.52,45063,Seychelles,africa
1963,4141,63.67,46075,Seychelles,africa
1964,4260,63.81,47140,Seychelles,africa
1965,4238,63.89,48270,Seychelles,africa
1966,4307,64.1,49456,Seychelles,africa
1967,4278,64.31,50667,Seychelles,africa
1968,4601,64.7,51885,Seychelles,africa
1969,4550,65.11,53081,Seychelles,africa
1970,4835,65.73,54252,Seychelles,africa
1971,5532,66.44,55511,Seychelles,africa
1972,5841,67.24,56889,Seychelles,africa
1973,6382,67.78,58300,Seychelles,africa
1974,6457,68.33,59739,Seychelles,africa
1975,6620,68.91,61218,Seychelles,africa
1976,7670,69.43,62743,Seychelles,africa
1977,8292,69.84,64104,Seychelles,africa
1978,9040,70.29,64987,Seychelles,africa
1979,10406,70.76,65603,Seychelles,africa
1980,10095,71.06,66260,Seychelles,africa
1981,9437,71.14,66950,Seychelles,africa
1982,9329,70.72,67650,Seychelles,africa
1983,9206,71.36,68360,Seychelles,africa
1984,9969,71.49,69083,Seychelles,africa
1985,11021,71.25,69823,Seychelles,africa
1986,11183,71.12,70564,Seychelles,africa
1987,11706,70.95,71338,Seychelles,africa
1988,12343,70.92,72210,Seychelles,africa
1989,13614,70.53,73118,Seychelles,africa
1990,14632,70.56,73983,Seychelles,africa
1991,14837,70.75,74817,Seychelles,africa
1992,15827,70.8,75617,Seychelles,africa
1993,16461,70.7,76409,Seychelles,africa
1994,15900,70.62,77261,Seychelles,africa
1995,15539,70.95,78126,Seychelles,africa
1996,16065,71.06,78882,Seychelles,africa
1997,17777,71.19,79650,Seychelles,africa
1998,18898,71.58,80722,Seychelles,africa
1999,18877,71.83,82021,Seychelles,africa
2000,18993,72.2,83318,Seychelles,africa
2001,18545,72.32,84606,Seychelles,africa
2002,18205,72.11,85857,Seychelles,africa
2003,17328,71.9,87034,Seychelles,africa
2004,16897,72.05,88156,Seychelles,africa
2005,18333,72.24,89266,Seychelles,africa
2006,19645,72.4,90373,Seychelles,africa
2007,21581,72.53,91468,Seychelles,africa
2008,20651,72.76,92547,Seychelles,africa
2009,20343,72.94,93628,Seychelles,africa
2010,20961,73.21,94971,Seychelles,africa
2011,23216,73.42,97024,Seychelles,africa
2012,23280,73.4,99543,Seychelles,africa
2013,24229,73.49,102093,Seychelles,africa
2014,24930,73.5,104654,Seychelles,africa
2015,25584,73.41,107230,Seychelles,africa
2016,26395,73.31,109821,Seychelles,africa
2017,27310,73.42,112427,Seychelles,africa
2018,27529,73.51,115040,Seychelles,africa
2019,27611,73.56,117650,Seychelles,africa
2020,25268,73.6,120291,Seychelles,africa
1950,1049,40.03,1999623,Sierra Leone,africa
1951,1095,40.31,2023276,Sierra Leone,africa
1952,1114,40.57,2047200,Sierra Leone,africa
1953,1142,40.84,2070811,Sierra Leone,africa
1954,1189,41.12,2095066,Sierra Leone,africa
1955,1214,41.37,2120889,Sierra Leone,africa
1956,1244,41.63,2147979,Sierra Leone,africa
1957,1271,41.87,2176250,Sierra Leone,africa
1958,1289,42.12,2204839,Sierra Leone,africa
1959,1345,42.42,2235026,Sierra Leone,africa
1960,1367,42.7,2268356,Sierra Leone,africa
1961,1362,42.96,2304227,Sierra Leone,africa
1962,1391,43.23,2342242,Sierra Leone,africa
1963,1383,43.5,2382258,Sierra Leone,africa
1964,1368,43.83,2424390,Sierra Leone,africa
1965,1432,44.17,2468666,Sierra Leone,africa
1966,1487,44.52,2514638,Sierra Leone,africa
1967,1442,44.76,2562384,Sierra Leone,africa
1968,1547,45.04,2611532,Sierra Leone,africa
1969,1648,45.37,2661365,Sierra Leone,africa
1970,1664,45.74,2712286,Sierra Leone,africa
1971,1630,46.13,2763222,Sierra Leone,africa
1972,1606,46.46,2814388,Sierra Leone,africa
1973,1621,46.78,2866955,Sierra Leone,africa
1974,1636,47.1,2920459,Sierra Leone,africa
1975,1591,47.36,2974657,Sierra Leone,africa
1976,1536,47.67,3028820,Sierra Leone,africa
1977,1506,47.93,3085354,Sierra Leone,africa
1978,1521,48.13,3145517,Sierra Leone,africa
1979,1555,48.26,3207499,Sierra Leone,africa
1980,1552,48.35,3272089,Sierra Leone,africa
1981,1568,48.49,3338940,Sierra Leone,africa
1982,1548,48.72,3408183,Sierra Leone,africa
1983,1500,48.94,3481646,Sierra Leone,africa
1984,1517,49.2,3558758,Sierra Leone,africa
1985,1504,49.33,3638438,Sierra Leone,africa
1986,1478,49.46,3728380,Sierra Leone,africa
1987,1488,50.01,3829718,Sierra Leone,africa
1988,1475,50.37,3934517,Sierra Leone,africa
1989,1474,50.72,4034037,Sierra Leone,africa
1990,1453,51.09,4196828,Sierra Leone,africa
1991,1477,50.71,4246267,Sierra Leone,africa
1992,1197,51.3,4166366,Sierra Leone,africa
1993,1218,51.62,4157130,Sierra Leone,africa
1994,1200,50.84,4173105,Sierra Leone,africa
1995,1106,50.6,4179179,Sierra Leone,africa
1996,1123,51.76,4199210,Sierra Leone,africa
1997,1051,51.55,4253716,Sierra Leone,africa
1998,1059,49.78,4295785,Sierra Leone,africa
1999,1019,50.0,4318043,Sierra Leone,africa
2000,1058,51.63,4423611,Sierra Leone,africa
2001,955,52.2,4692716,Sierra Leone,africa
2002,1156,52.36,4971435,Sierra Leone,africa
2003,1207,52.62,5177687,Sierra Leone,africa
2004,1231,52.92,5355717,Sierra Leone,africa
2005,1238,53.28,5501712,Sierra Leone,africa
2006,1250,53.69,5624466,Sierra Leone,africa
2007,1315,54.1,5749352,Sierra Leone,africa
2008,1353,54.7,5894722,Sierra Leone,africa
2009,1365,55.25,6055646,Sierra Leone,africa
2010,1406,55.99,6222714,Sierra Leone,africa
2011,1461,56.65,6387251,Sierra Leone,africa
2012,1646,57.35,6551080,Sierra Leone,africa
2013,1943,58.22,6714051,Sierra Leone,africa
2014,1987,57.14,6876385,Sierra Leone,africa
2015,1544,58.67,7037655,Sierra Leone,africa
2016,1602,60.02,7205328,Sierra Leone,africa
2017,1634,60.22,7379299,Sierra Leone,africa
2018,1655,61.2,7554563,Sierra Leone,africa
2019,1705,61.78,7731991,Sierra Leone,africa
2020,1637,61.94,7912558,Sierra Leone,africa
1950,4152,57.02,1013313,Singapore,asia
1951,3915,57.58,1068035,Singapore,asia
1952,2722,58.43,1126090,Singapore,asia
1953,3248,59.9,1187520,Singapore,asia
1954,3722,61.52,1252281,Singapore,asia
1955,3425,62.61,1320230,Singapore,asia
1956,3767,63.6,1390956,Singapore,asia
1957,3341,63.74,1458271,Singapore,asia
1958,3348,64.27,1515727,Singapore,asia
1959,3765,64.98,1567754,Singapore,asia
1960,4027,65.55,1619322,Singapore,asia
1961,4271,66.06,1670461,Singapore,asia
1962,4511,66.45,1721176,Singapore,asia
1963,4904,66.91,1771513,Singapore,asia
1964,4665,67.09,1821466,Singapore,asia
1965,4964,67.4,1870822,Singapore,asia
1966,5440,67.59,1919090,Singapore,asia
1967,6051,67.88,1965679,Singapore,asia
1968,6843,68.1,2010092,Singapore,asia
1969,7763,68.86,2052157,Singapore,asia
1970,8812,69.01,2091558,Singapore,asia
1971,9817,69.07,2128433,Singapore,asia
1972,11072,69.26,2164334,Singapore,asia
1973,12220,69.44,2200137,Singapore,asia
1974,12949,70.02,2235075,Singapore,asia
1975,13505,70.52,2268523,Singapore,asia
1976,14481,70.91,2300743,Singapore,asia
1977,15527,71.01,2331545,Singapore,asia
1978,16864,71.27,2360602,Singapore,asia
1979,18426,71.43,2388157,Singapore,asia
1980,20237,71.72,2437493,Singapore,asia
1981,21562,71.9,2531802,Singapore,asia
1982,22330,72.32,2627417,Singapore,asia
1983,24157,72.55,2685981,Singapore,asia
1984,26039,72.9,2720923,Singapore,asia
1985,26067,73.45,2735030,Singapore,asia
1986,26686,74.11,2744653,Singapore,asia
1987,29385,74.45,2781615,Singapore,asia
1988,32123,74.74,2849045,Singapore,asia
1989,34682,75.23,2938655,Singapore,asia
1990,37412,75.61,3039591,Singapore,asia
1991,38795,76.1,3136291,Singapore,asia
1992,40146,76.52,3226465,Singapore,asia
1993,43630,76.83,3317892,Singapore,asia
1994,46976,76.96,3417817,Singapore,asia
1995,48851,77.13,3533624,Singapore,asia
1996,50410,77.43,3664560,Singapore,asia
1997,52801,77.88,3796622,Singapore,asia
1998,49917,78.28,3901418,Singapore,asia
1999,52355,78.85,3966557,Singapore,asia
2000,56107,79.39,4035245,Singapore,asia
2001,54030,79.84,4116166,Singapore,asia
2002,55635,80.11,4146892,Singapore,asia
2003,59022,80.37,4138245,Singapore,asia
2004,64011,80.66,4172767,Singapore,asia
2005,67126,81.31,4268364,Singapore,asia
2006,70916,81.58,4407058,Singapore,asia
2007,74159,81.79,4596515,Singapore,asia
2008,71630,82.07,4806741,Singapore,asia
2009,69586,82.48,4968568,Singapore,asia
2010,78294,82.76,5077014,Singapore,asia
2011,81538,83.1,5182239,Singapore,asia
2012,83112,83.26,5293340,Singapore,asia
2013,85733,83.54,5385588,Singapore,asia
2014,87959,83.84,5457900,Singapore,asia
2015,89520,84.14,5525340,Singapore,asia
2016,91308,84.41,5577930,Singapore,asia
2017,95350,84.66,5604078,Singapore,asia
2018,98223,84.71,5634369,Singapore,asia
2019,98412,84.85,5669563,Singapore,asia
2020,94629,84.89,5620150,Singapore,asia
1950,6825,60.73,3465747,Slovak Republic,europe
1951,6870,61.33,3525376,Slovak Republic,europe
1952,7017,64.19,3591860,Slovak Republic,europe
1953,6914,65.64,3660079,Slovak Republic,europe
1954,7123,66.89,3728032,Slovak Republic,europe
1955,7652,67.83,3797353,Slovak Republic,europe
1956,7962,68.34,3868269,Slovak Republic,europe
1957,8308,67.68,3936832,Slovak Republic,europe
1958,8801,69.16,4002695,Slovak Republic,europe
1959,9058,69.28,4064674,Slovak Republic,europe
1960,9610,70.37,4124442,Slovak Republic,europe
1961,9903,70.76,4185342,Slovak Republic,europe
1962,9980,70.57,4235790,Slovak Republic,europe
1963,9736,70.71,4278462,Slovak Republic,europe
1964,10123,70.99,4323292,Slovak Republic,europe
1965,10430,70.52,4365047,Slovak Republic,europe
1966,10825,70.61,4402202,Slovak Republic,europe
1967,11250,71.08,4436104,Slovak Republic,europe
1968,11739,70.59,4466440,Slovak Republic,europe
1969,11987,70.12,4495038,Slovak Republic,europe
1970,12197,69.94,4525871,Slovak Republic,europe
1971,12556,70.12,4560418,Slovak Republic,europe
1972,12928,70.47,4599800,Slovak Republic,europe
1973,13267,70.24,4643676,Slovak Republic,europe
1974,13638,70.43,4690645,Slovak Republic,europe
1975,13923,70.57,4739166,Slovak Republic,europe
1976,13887,70.7,4788510,Slovak Republic,europe
1977,14253,70.64,4837712,Slovak Republic,europe
1978,14170,70.58,4885727,Slovak Republic,europe
1979,14040,70.86,4933447,Slovak Republic,europe
1980,14191,70.71,4976655,Slovak Republic,europe
1981,13899,70.75,5014958,Slovak Republic,europe
1982,13960,71.03,5051807,Slovak Republic,europe
1983,13960,70.7,5086445,Slovak Republic,europe
1984,14074,70.9,5119386,Slovak Republic,europe
1985,13972,70.97,5151166,Slovak Republic,europe
1986,14488,71.22,5180088,Slovak Republic,europe
1987,14772,71.21,5205880,Slovak Republic,europe
1988,15004,71.43,5229676,Slovak Republic,europe
1989,15104,71.27,5249931,Slovak Republic,europe
1990,14688,71.07,5266078,Slovak Republic,europe
1991,12517,71.28,5284874,Slovak Republic,europe
1992,11695,71.66,5306436,Slovak Republic,europe
1993,11872,72.18,5326360,Slovak Republic,europe
1994,12559,72.66,5343231,Slovak Republic,europe
1995,13255,72.68,5354282,Slovak Republic,europe
1996,14102,73.18,5362428,Slovak Republic,europe
1997,14910,72.95,5369779,Slovak Republic,europe
1998,15497,72.95,5374796,Slovak Republic,europe
1999,15465,73.26,5378104,Slovak Republic,europe
2000,15667,73.67,5379999,Slovak Republic,europe
2001,16206,73.91,5379437,Slovak Republic,europe
2002,16943,74.09,5377688,Slovak Republic,europe
2003,17886,74.2,5376196,Slovak Republic,europe
2004,18834,74.57,5376038,Slovak Republic,europe
2005,20080,74.47,5376695,Slovak Republic,europe
2006,21784,74.72,5376846,Slovak Republic,europe
2007,24137,74.69,5376999,Slovak Republic,europe
2008,25461,75.04,5379120,Slovak Republic,europe
2009,24040,75.31,5385073,Slovak Republic,europe
2010,25529,75.82,5391851,Slovak Republic,europe
2011,26168,76.01,5398109,Slovak Republic,europe
2012,26479,76.35,5404871,Slovak Republic,europe
2013,26623,76.69,5410422,Slovak Republic,europe
2014,27322,76.92,5415230,Slovak Republic,europe
2015,28720,76.8,5420278,Slovak Republic,europe
2016,29237,77.3,5427259,Slovak Republic,europe
2017,30062,77.4,5435700,Slovak Republic,europe
2018,31159,77.5,5443232,Slovak Republic,europe
2019,31928,77.57,5450626,Slovak Republic,europe
2020,30494,76.67,5455024,Slovak Republic,europe
1950,4968,58.48,1446358,Slovenia,europe
1951,5061,58.01,1462727,Slovenia,europe
1952,4573,60.24,1479662,Slovenia,europe
1953,4773,60.64,1497553,Slovenia,europe
1954,5374,62.21,1515598,Slovenia,europe
1955,5815,61.92,1532630,Slovenia,europe
1956,5683,62.36,1548764,Slovenia,europe
1957,6314,63.22,1564149,Slovenia,europe
1958,6981,65.13,1578541,Slovenia,europe
1959,7328,64.88,1592111,Slovenia,europe
1960,8329,65.31,1605074,Slovenia,europe
1961,9036,66.25,1618560,Slovenia,europe
1962,9363,65.93,1633081,Slovenia,europe
1963,10364,66.93,1647437,Slovenia,europe
1964,11263,67.04,1661346,Slovenia,europe
1965,11241,67.89,1675318,Slovenia,europe
1966,11776,68.73,1689636,Slovenia,europe
1967,12073,68.53,1703870,Slovenia,europe
1968,12750,68.55,1716926,Slovenia,europe
1969,13896,68.07,1728683,Slovenia,europe
1970,15134,68.6,1739861,Slovenia,europe
1971,16171,69.0,1752711,Slovenia,europe
1972,16924,68.86,1768217,Slovenia,europe
1973,17914,69.71,1784572,Slovenia,europe
1974,19539,70.06,1801036,Slovenia,europe
1975,20507,70.15,1817598,Slovenia,europe
1976,20848,70.5,1834357,Slovenia,europe
1977,22237,70.6,1851321,Slovenia,europe
1978,23973,70.45,1868518,Slovenia,europe
1979,25636,70.65,1885906,Slovenia,europe
1980,25418,71.34,1903069,Slovenia,europe
1981,25193,71.48,1914592,Slovenia,europe
1982,24759,71.23,1917975,Slovenia,europe
1983,24698,71.11,1923354,Slovenia,europe
1984,24979,71.53,1932706,Slovenia,europe
1985,25035,72.09,1941472,Slovenia,europe
1986,25633,72.51,1964835,Slovenia,europe
1987,25345,72.92,1988021,Slovenia,europe
1988,24451,73.32,1993516,Slovenia,europe
1989,24190,73.71,1995458,Slovenia,europe
1990,22099,73.97,1998007,Slovenia,europe
1991,20119,74.2,1999193,Slovenia,europe
1992,19048,74.5,1995859,Slovenia,europe
1993,19636,74.73,1990811,Slovenia,europe
1994,20706,74.91,1988262,Slovenia,europe
1995,21480,75.13,1988095,Slovenia,europe
1996,22182,75.26,1986793,Slovenia,europe
1997,23334,75.35,1984398,Slovenia,europe
1998,24152,75.48,1980064,Slovenia,europe
1999,25421,75.79,1981194,Slovenia,europe
2000,26277,76.26,1986816,Slovenia,europe
2001,27079,76.27,1989679,Slovenia,europe
2002,27994,76.83,1991572,Slovenia,europe
2003,28805,77.02,1992490,Slovenia,europe
2004,30042,77.44,1993545,Slovenia,europe
2005,31129,78.12,1996914,Slovenia,europe
2006,32813,78.33,2003114,Slovenia,europe
2007,34907,78.58,2014158,Slovenia,europe
2008,36075,79.06,2025085,Slovenia,europe
2009,33052,79.44,2035608,Slovenia,europe
2010,33351,79.69,2044612,Slovenia,europe
2011,33568,80.03,2048804,Slovenia,europe
2012,32613,80.15,2053321,Slovenia,europe
2013,32234,80.5,2056441,Slovenia,europe
2014,33094,81.29,2058401,Slovenia,europe
2015,33800,81.03,2059947,Slovenia,europe
2016,34853,81.29,2061373,Slovenia,europe
2017,36508,81.31,2062410,Slovenia,europe
2018,37984,81.36,2069481,Slovenia,europe
2019,38947,81.41,2083439,Slovenia,europe
2020,37033,80.41,2102419,Slovenia,europe
1950,1065,42.06,108634,Solomon Islands,asia
1951,1083,42.29,110957,Solomon Islands,asia
1952,1101,42.53,113488,Solomon Islands,asia
1953,1121,42.9,116210,Solomon Islands,asia
1954,1139,43.27,119112,Solomon Islands,asia
1955,1158,43.61,122190,Solomon Islands,asia
1956,1178,42.11,125345,Solomon Islands,asia
1957,1198,44.46,128678,Solomon Islands,asia
1958,1218,44.82,132304,Solomon Islands,asia
1959,1238,45.29,136125,Solomon Islands,asia
1960,1260,45.82,139688,Solomon Islands,asia
1961,1287,46.31,142912,Solomon Islands,asia
1962,1315,46.82,146201,Solomon Islands,asia
1963,1343,47.33,149589,Solomon Islands,asia
1964,1372,47.8,153085,Solomon Islands,asia
1965,1401,48.29,156686,Solomon Islands,asia
1966,1431,48.76,160393,Solomon Islands,asia
1967,1462,49.06,164245,Solomon Islands,asia
1968,1491,49.58,168282,Solomon Islands,asia
1969,1409,50.01,172476,Solomon Islands,asia
1970,1439,50.4,176579,Solomon Islands,asia
1971,1428,50.8,180637,Solomon Islands,asia
1972,991,51.2,184994,Solomon Islands,asia
1973,1071,51.5,189774,Solomon Islands,asia
1974,1310,51.92,195041,Solomon Islands,asia
1975,1118,50.65,200744,Solomon Islands,asia
1976,1234,52.63,207194,Solomon Islands,asia
1977,1371,52.78,214418,Solomon Islands,asia
1978,1449,53.47,222029,Solomon Islands,asia
1979,1757,53.96,229953,Solomon Islands,asia
1980,1601,54.37,238135,Solomon Islands,asia
1981,1762,54.71,246555,Solomon Islands,asia
1982,1757,54.93,255200,Solomon Islands,asia
1983,1941,55.14,264068,Solomon Islands,asia
1984,1907,55.31,273163,Solomon Islands,asia
1985,1871,55.39,282455,Solomon Islands,asia
1986,2183,54.88,291842,Solomon Islands,asia
1987,2182,55.57,301414,Solomon Islands,asia
1988,2209,55.64,311265,Solomon Islands,asia
1989,2333,55.73,321282,Solomon Islands,asia
1990,2318,55.83,331435,Solomon Islands,asia
1991,2389,55.75,341738,Solomon Islands,asia
1992,2617,56.08,352205,Solomon Islands,asia
1993,2646,56.22,362839,Solomon Islands,asia
1994,2780,56.41,373675,Solomon Islands,asia
1995,2975,56.59,384733,Solomon Islands,asia
1996,2939,56.73,396009,Solomon Islands,asia
1997,2832,56.83,407474,Solomon Islands,asia
1998,2790,56.92,419071,Solomon Islands,asia
1999,2701,56.99,430500,Solomon Islands,asia
2000,2254,56.98,440469,Solomon Islands,asia
2001,2019,56.94,449125,Solomon Islands,asia
2002,1911,56.88,457671,Solomon Islands,asia
2003,1983,56.85,466154,Solomon Islands,asia
2004,2061,56.81,474611,Solomon Islands,asia
2005,2123,56.82,483080,Solomon Islands,asia
2006,2175,56.87,491594,Solomon Islands,asia
2007,2220,56.78,500156,Solomon Islands,asia
2008,2297,57.09,508790,Solomon Islands,asia
2009,2302,57.15,518141,Solomon Islands,asia
2010,2440,57.39,532968,Solomon Islands,asia
2011,2551,57.64,552945,Solomon Islands,asia
2012,2531,57.87,573606,Solomon Islands,asia
2013,2594,58.03,594945,Solomon Islands,asia
2014,2551,58.13,616908,Solomon Islands,asia
2015,2519,58.44,639415,Solomon Islands,asia
2016,2597,58.65,662379,Solomon Islands,asia
2017,2664,58.84,685672,Solomon Islands,asia
2018,2698,59.02,709101,Solomon Islands,asia
2019,2661,59.2,728147,Solomon Islands,asia
2020,2491,59.24,744498,Solomon Islands,asia
1950,1129,44.19,2213131,Somalia,africa
1951,1173,44.23,2276680,Somalia,africa
1952,1189,44.26,2340249,Somalia,africa
1953,1211,44.33,2403570,Somalia,africa
1954,1258,44.44,2467313,Somalia,africa
1955,1275,44.52,2532253,Somalia,africa
1956,1296,44.61,2598367,Somalia,africa
1957,1320,44.67,2665702,Somalia,africa
1958,1330,44.77,2733405,Somalia,africa
1959,1380,44.85,2803090,Somalia,africa
1960,1370,44.96,2876331,Somalia,africa
1961,1407,45.04,2952054,Somalia,africa
1962,1440,45.28,3030091,Somalia,africa
1963,1465,45.42,3110361,Somalia,africa
1964,1280,45.53,3192796,Somalia,africa
1965,1171,45.72,3277874,Somalia,africa
1966,1308,45.83,3365106,Somalia,africa
1967,1354,45.96,3454537,Somalia,africa
1968,1347,46.21,3546590,Somalia,africa
1969,1154,46.46,3641015,Somalia,africa
1970,1226,46.7,3738448,Somalia,africa
1971,1242,46.98,3837691,Somalia,africa
1972,1422,47.47,3939436,Somalia,africa
1973,1236,47.78,4045592,Somalia,africa
1974,1206,47.85,4151842,Somalia,africa
1975,1300,46.14,4257535,Somalia,africa
1976,1163,46.42,4365812,Somalia,africa
1977,1184,48.81,4484050,Somalia,africa
1978,1126,48.82,4814892,Somalia,africa
1979,984,48.99,5449117,Somalia,africa
1980,948,48.91,5936154,Somalia,africa
1981,980,48.92,5982849,Somalia,africa
1982,1005,48.81,6003840,Somalia,africa
1983,899,48.84,6198430,Somalia,africa
1984,950,48.82,6428389,Somalia,africa
1985,1058,48.72,6693289,Somalia,africa
1986,1041,48.72,6974788,Somalia,africa
1987,1146,49.13,7228302,Somalia,africa
1988,1135,47.04,7235360,Somalia,africa
1989,1130,49.53,7114817,Somalia,africa
1990,1115,49.3,7082811,Somalia,africa
1991,1113,48.07,6813760,Somalia,africa
1992,990,49.09,6495107,Somalia,africa
1993,1003,50.33,6681399,Somalia,africa
1994,796,50.08,7026797,Somalia,africa
1995,794,50.33,7285007,Somalia,africa
1996,814,50.4,7554474,Somalia,africa
1997,776,50.09,7824525,Somalia,africa
1998,774,50.81,8155417,Somalia,africa
1999,777,51.09,8492059,Somalia,africa
2000,780,51.44,8838713,Somalia,africa
2001,786,51.84,9198493,Somalia,africa
2002,797,52.23,9550063,Somalia,africa
2003,808,52.65,9909157,Somalia,africa
2004,818,52.84,10280998,Somalia,africa
2005,826,53.52,10644228,Somalia,africa
2006,831,53.82,10975502,Somalia,africa
2007,837,53.91,11322582,Somalia,africa
2008,842,54.33,11663084,Somalia,africa
2009,848,54.63,11961201,Somalia,africa
2010,853,53.85,12261756,Somalia,africa
2011,859,54.26,12348830,Somalia,africa
2012,867,55.53,12461160,Somalia,africa
2013,877,56.16,12869594,Somalia,africa
2014,918,56.59,13339491,Somalia,africa
2015,1026,56.97,13806963,Somalia,africa
2016,1082,57.18,14348740,Somalia,africa
2017,1079,57.35,14916629,Somalia,africa
2018,1130,57.89,15452487,Somalia,africa
2019,1186,58.52,16030971,Somalia,africa
2020,1150,58.63,16651191,Somalia,africa
1950,6576,52.06,13038491,South Africa,africa
1951,6712,52.28,13309020,South Africa,africa
1952,6766,52.43,13595543,South Africa,africa
1953,6878,52.74,13892910,South Africa,africa
1954,7150,52.87,14203779,South Africa,africa
1955,7371,53.04,14533365,South Africa,africa
1956,7610,53.28,14880686,South Africa,africa
1957,7737,53.48,15244839,South Africa,africa
1958,7762,53.64,15620418,South Africa,africa
1959,7931,53.79,16014974,South Africa,africa
1960,7963,53.93,16440172,South Africa,africa
1961,8070,54.18,16908035,South Africa,africa
1962,8381,54.39,17418522,South Africa,africa
1963,8781,54.63,17954564,South Africa,africa
1964,9264,54.93,18511361,South Africa,africa
1965,9590,55.19,19089380,South Africa,africa
1966,9794,55.46,19690087,South Africa,africa
1967,10229,55.77,20314066,South Africa,africa
1968,10422,56.07,20957287,South Africa,africa
1969,10647,56.38,21614676,South Africa,africa
1970,10957,56.69,22279984,South Africa,africa
1971,11158,57.0,22942143,South Africa,africa
1972,11075,57.31,23609456,South Africa,africa
1973,11309,57.63,24294263,South Africa,africa
1974,11722,57.98,24989108,South Africa,africa
1975,11650,58.3,25690940,South Africa,africa
1976,11650,58.59,26395450,South Africa,africa
1977,11389,58.82,27118952,South Africa,africa
1978,11481,59.07,27869507,South Africa,africa
1979,11655,59.31,28634162,South Africa,africa
1980,12144,59.52,29518857,South Africa,africa
1981,12492,59.8,30541044,South Africa,africa
1982,12141,60.2,31615339,South Africa,africa
1983,11626,60.54,32739304,South Africa,africa
1984,11927,61.28,33892788,South Africa,africa
1985,11513,61.92,35042093,South Africa,africa
1986,11266,62.12,36180515,South Africa,africa
1987,11266,62.8,37326190,South Africa,africa
1988,11502,63.52,38480649,South Africa,africa
1989,11538,63.77,39628575,South Africa,africa
1990,11261,64.18,40746268,South Africa,africa
1991,10875,64.3,41687898,South Africa,africa
1992,10380,63.59,42443509,South Africa,africa
1993,10253,64.27,43297156,South Africa,africa
1994,10339,63.42,44004139,South Africa,africa
1995,10435,62.93,44541554,South Africa,africa
1996,10676,61.78,45123018,South Africa,africa
1997,10763,59.48,45666838,South Africa,africa
1998,10645,58.02,46223880,South Africa,africa
1999,10739,57.16,46730335,South Africa,africa
2000,11034,55.58,47159719,South Africa,africa
2001,11182,54.75,47566800,South Africa,africa
2002,11450,53.67,48019415,South Africa,africa
2003,11644,52.71,48500348,South Africa,africa
2004,12027,52.22,48991421,South Africa,africa
2005,12506,52.1,49490033,South Africa,africa
2006,13041,52.28,49998277,South Africa,africa
2007,13564,53.18,50528584,South Africa,africa
2008,13811,54.25,51114599,South Africa,africa
2009,13411,55.66,51728516,South Africa,africa
2010,13619,57.07,52344051,South Africa,africa
2011,13838,58.67,52995205,South Africa,africa
2012,13947,60.13,53782567,South Africa,africa
2013,14066,61.29,54678791,South Africa,africa
2014,14041,61.82,55594838,South Africa,africa
2015,14010,62.26,56723537,South Africa,africa
2016,13897,62.7,57259551,South Africa,africa
2017,13860,63.2,57635162,South Africa,africa
2018,13876,64.42,58613001,South Africa,africa
2019,13710,65.14,59587885,South Africa,africa
2020,12646,64.33,60562381,South Africa,africa
1950,1160,43.0,19757321,South Korea,asia
1951,1152,41.13,19868990,South Korea,asia
1952,1207,44.73,20229879,South Korea,asia
1953,1531,50.54,20775325,South Korea,asia
1954,1596,53.48,21415573,South Korea,asia
1955,1641,55.9,22125103,South Korea,asia
1956,1606,56.6,22874434,South Korea,asia
1957,1705,57.36,23660791,South Korea,asia
1958,1764,57.99,24473927,South Korea,asia
1959,1808,58.55,25298233,South Korea,asia
1960,1799,59.11,26115379,South Korea,asia
1961,1853,59.53,26852951,South Korea,asia
1962,1857,60.03,27509237,South Korea,asia
1963,1957,60.47,28145540,South Korea,asia
1964,2072,60.91,28744977,South Korea,asia
1965,2149,61.36,29284338,South Korea,asia
1966,2329,61.78,29845941,South Korea,asia
1967,2464,62.23,30495728,South Korea,asia
1968,2705,62.61,31175290,South Korea,asia
1969,3006,63.12,31852761,South Korea,asia
1970,3210,63.57,32542197,South Korea,asia
1971,3449,64.09,33239853,South Korea,asia
1972,3599,64.43,33936465,South Korea,asia
1973,4029,64.95,34625849,South Korea,asia
1974,4300,65.33,35287837,South Korea,asia
1975,4525,65.73,35875743,South Korea,asia
1976,4997,66.12,36379925,South Korea,asia
1977,5479,66.46,36843637,South Korea,asia
1978,5929,67.07,37281935,South Korea,asia
1979,6291,67.64,37710899,South Korea,asia
1980,6038,67.33,38141107,South Korea,asia
1981,6318,68.49,38689189,South Korea,asia
1982,6678,68.6,39356154,South Korea,asia
1983,7388,68.5,40000941,South Korea,asia
1984,7990,69.45,40598300,South Korea,asia
1985,8451,69.87,41148963,South Korea,asia
1986,9225,70.33,41718505,South Korea,asia
1987,10183,70.61,42322092,South Korea,asia
1988,11184,71.33,42922977,South Korea,asia
1989,11746,71.7,43524767,South Korea,asia
1990,12656,72.13,44081427,South Korea,asia
1991,13882,72.54,44439150,South Korea,asia
1992,14591,73.12,44653695,South Korea,asia
1993,15436,73.57,44887724,South Korea,asia
1994,16698,73.86,45130840,South Korea,asia
1995,18120,74.34,45368425,South Korea,asia
1996,19365,74.84,45638700,South Korea,asia
1997,20368,75.27,45941537,South Korea,asia
1998,19184,75.58,46230878,South Korea,asia
1999,21233,75.96,46500383,South Korea,asia
2000,22964,76.34,46766661,South Korea,asia
2001,23894,76.87,47043468,South Korea,asia
2002,25591,77.29,47299120,South Korea,asia
2003,26260,77.71,47514160,South Korea,asia
2004,27516,78.25,47697075,South Korea,asia
2005,28641,78.78,47851644,South Korea,asia
2006,29991,79.31,48006518,South Korea,asia
2007,31570,79.75,48178118,South Korea,asia
2008,32275,80.17,48356493,South Korea,asia
2009,32364,80.53,48546687,South Korea,asia
2010,34394,80.82,48769332,South Korea,asia
2011,35389,81.16,49127643,South Korea,asia
2012,36049,81.5,49599579,South Korea,asia
2013,37021,81.93,50071164,South Korea,asia
2014,37967,82.31,50539056,South Korea,asia
2015,38829,82.61,50983912,South Korea,asia
2016,39815,82.84,51297839,South Korea,asia
2017,40957,82.88,51486270,South Korea,asia
2018,41966,82.94,51640894,South Korea,asia
2019,42759,82.92,51767846,South Korea,asia
2020,42336,82.79,51858482,South Korea,asia
1950,2135,47.23,2493283,South Sudan,africa
1951,2186,47.27,2529620,South Sudan,africa
1952,2241,47.36,2569209,South Sudan,africa
1953,2294,47.51,2611733,South Sudan,africa
1954,2349,47.67,2657093,South Sudan,africa
1955,2407,47.81,2705082,South Sudan,africa
1956,2600,47.96,2754592,South Sudan,africa
1957,2505,48.08,2804096,South Sudan,africa
1958,2548,48.25,2848354,South Sudan,africa
1959,2785,48.4,2888785,South Sudan,africa
1960,2771,48.61,2931559,South Sudan,africa
1961,2712,48.83,2976724,South Sudan,africa
1962,2839,49.06,3024308,South Sudan,africa
1963,2699,48.45,3072669,South Sudan,africa
1964,2617,48.67,3129918,South Sudan,africa
1965,2743,48.89,3189835,South Sudan,africa
1966,2653,49.06,3236423,South Sudan,africa
1967,2518,49.25,3277648,South Sudan,africa
1968,2616,49.53,3321528,South Sudan,africa
1969,2720,49.82,3365533,South Sudan,africa
1970,2547,50.08,3409614,South Sudan,africa
1971,2662,50.38,3468646,South Sudan,africa
1972,2546,50.69,3542497,South Sudan,africa
1973,2274,51.74,3627383,South Sudan,africa
1974,2443,52.01,3723259,South Sudan,africa
1975,2684,52.23,3821494,South Sudan,africa
1976,3098,52.45,3921910,South Sudan,africa
1977,3476,52.67,4024032,South Sudan,africa
1978,3322,52.84,4127657,South Sudan,africa
1979,2884,53.01,4232605,South Sudan,africa
1980,2824,53.11,4339030,South Sudan,africa
1981,2806,53.23,4447272,South Sudan,africa
1982,3073,53.28,4557686,South Sudan,africa
1983,2954,52.56,4661574,South Sudan,africa
1984,2722,52.62,4750627,South Sudan,africa
1985,2465,52.72,4834296,South Sudan,africa
1986,2499,52.84,4921240,South Sudan,africa
1987,2511,53.05,4962395,South Sudan,africa
1988,2503,53.29,4848029,South Sudan,africa
1989,2650,54.2,4713229,South Sudan,africa
1990,2378,54.45,4737633,South Sudan,africa
1991,2469,54.72,4836677,South Sudan,africa
1992,2525,54.98,4909749,South Sudan,africa
1993,2530,55.26,4956002,South Sudan,africa
1994,2511,55.56,5071184,South Sudan,africa
1995,2518,55.84,5225836,South Sudan,africa
1996,2579,56.17,5356925,South Sudan,africa
1997,2762,54.45,5509136,South Sudan,africa
1998,2845,55.37,5620068,South Sudan,africa
1999,2975,56.33,5771628,South Sudan,africa
2000,3171,57.01,6032267,South Sudan,africa
2001,3272,57.7,6308391,South Sudan,africa
2002,3374,58.06,6596806,South Sudan,africa
2003,3516,58.38,6903127,South Sudan,africa
2004,3597,58.9,7233041,South Sudan,africa
2005,3806,59.25,7590143,South Sudan,africa
2006,4083,59.19,7976526,South Sudan,africa
2007,4437,59.65,8388788,South Sudan,africa
2008,4461,60.04,8817647,South Sudan,africa
2009,4478,59.83,9243556,South Sudan,africa
2010,4543,60.58,9745953,South Sudan,africa
2011,4190,60.55,10288109,South Sudan,africa
2012,2196,61.08,10756240,South Sudan,africa
2013,2426,60.81,11166275,South Sudan,africa
2014,2461,60.92,11235073,South Sudan,africa
2015,2162,61.64,11107561,South Sudan,africa
2016,1900,62.05,10830102,South Sudan,africa
2017,2092,62.3,10259154,South Sudan,africa
2018,2006,62.98,10122977,South Sudan,africa
2019,1963,63.74,10423384,South Sudan,africa
2020,1780,63.87,10698467,South Sudan,africa
1950,4027,61.8,28077049,Spain,europe
1951,4406,62.2,28214860,Spain,europe
1952,4772,64.55,28406041,Spain,europe
1953,4727,65.74,28632697,Spain,europe
1954,5031,66.68,28857828,Spain,europe
1955,5164,66.66,29089776,Spain,europe
1956,5544,66.89,29323669,Spain,europe
1957,5696,67.0,29569964,Spain,europe
1958,6017,68.49,29849659,Spain,europe
1959,5911,68.81,30140707,Spain,europe
1960,5855,69.45,30404939,Spain,europe
1961,6545,69.69,30699567,Spain,europe
1962,7181,69.78,31040106,Spain,europe
1963,7897,70.0,31379827,Spain,europe
1964,8324,70.49,31741586,Spain,europe
1965,8961,70.94,32110668,Spain,europe
1966,9588,71.22,32465884,Spain,europe
1967,10069,71.43,32820751,Spain,europe
1968,10626,71.61,33170120,Spain,europe
1969,11576,71.51,33496935,Spain,europe
1970,11915,72.02,33812723,Spain,europe
1971,12484,72.1,34157451,Spain,europe
1972,13720,72.81,34539867,Spain,europe
1973,14895,72.92,34926524,Spain,europe
1974,15967,73.26,35361762,Spain,europe
1975,16381,73.59,35795769,Spain,europe
1976,17060,73.96,36176280,Spain,europe
1977,17558,74.32,36551270,Spain,europe
1978,17985,74.6,36904967,Spain,europe
1979,18252,75.05,37230372,Spain,europe
1980,18814,75.51,37537565,Spain,europe
1981,18788,75.79,37812713,Spain,europe
1982,19118,76.17,38047101,Spain,europe
1983,19508,76.19,38253244,Spain,europe
1984,19734,76.37,38437482,Spain,europe
1985,20394,76.45,38601321,Spain,europe
1986,21291,76.64,38735705,Spain,europe
1987,22879,76.8,38852010,Spain,europe
1988,24447,76.86,38952264,Spain,europe
1989,26151,76.89,39029558,Spain,europe
1990,27544,76.96,39084979,Spain,europe
1991,28173,77.12,39201759,Spain,europe
1992,28296,77.45,39420346,Spain,europe
1993,27860,77.7,39651621,Spain,europe
1994,28388,77.95,39858721,Spain,europe
1995,29042,78.09,40052738,Spain,europe
1996,29691,78.28,40237372,Spain,europe
1997,30662,78.77,40423826,Spain,europe
1998,31876,78.97,40617440,Spain,europe
1999,33173,79.07,40812857,Spain,europe
2000,34758,79.47,41019774,Spain,europe
2001,35875,79.77,41245599,Spain,europe
2002,36338,79.92,41755704,Spain,europe
2003,36750,80.01,42506543,Spain,europe
2004,37250,80.33,43234566,Spain,europe
2005,37963,80.58,43958885,Spain,europe
2006,38858,80.96,44695448,Spain,europe
2007,39521,81.15,45516507,Spain,europe
2008,39240,81.4,46235054,Spain,europe
2009,37431,81.76,46635180,Spain,europe
2010,37319,82.08,46840471,Spain,europe
2011,36884,82.25,46998043,Spain,europe
2012,35769,82.41,47018323,Spain,europe
2013,35372,82.71,46860389,Spain,europe
2014,35969,82.83,46720188,Spain,europe
2015,37377,82.78,46683686,Spain,europe
2016,38478,82.97,46732771,Spain,europe
2017,39529,83.04,46868596,Spain,europe
2018,40257,83.07,47092821,Spain,europe
2019,40802,83.09,47435119,Spain,europe
2020,36194,81.49,47679489,Spain,europe
1950,2321,56.3,7811047,Sri Lanka,asia
1951,2396,56.04,7956334,Sri Lanka,asia
1952,2433,57.96,8111560,Sri Lanka,asia
1953,2407,60.1,8275144,Sri Lanka,asia
1954,2402,61.12,8445935,Sri Lanka,asia
1955,2477,60.24,8623331,Sri Lanka,asia
1956,2431,61.93,8807219,Sri Lanka,asia
1957,2403,61.29,9000996,Sri Lanka,asia
1958,2411,61.89,9208817,Sri Lanka,asia
1959,2381,62.96,9430152,Sri Lanka,asia
1960,2399,64.02,9661389,Sri Lanka,asia
1961,2372,64.93,9899372,Sri Lanka,asia
1962,2381,64.22,10143754,Sri Lanka,asia
1963,2360,63.61,10395040,Sri Lanka,asia
1964,2401,63.62,10653397,Sri Lanka,asia
1965,2406,64.47,10916965,Sri Lanka,asia
1966,2315,64.43,11183928,Sri Lanka,asia
1967,2455,65.79,11457328,Sri Lanka,asia
1968,2566,65.05,11736088,Sri Lanka,asia
1969,2596,64.74,12013858,Sri Lanka,asia
1970,2651,66.07,12287110,Sri Lanka,asia
1971,2564,65.58,12551910,Sri Lanka,asia
1972,2557,65.27,12809205,Sri Lanka,asia
1973,2601,65.79,13060916,Sri Lanka,asia
1974,2632,63.58,13305693,Sri Lanka,asia
1975,2636,64.35,13548984,Sri Lanka,asia
1976,2656,65.58,13796770,Sri Lanka,asia
1977,2769,66.49,14049371,Sri Lanka,asia
1978,2875,67.64,14310128,Sri Lanka,asia
1979,2989,68.44,14579614,Sri Lanka,asia
1980,3082,69.32,14847974,Sri Lanka,asia
1981,3205,69.86,15099414,Sri Lanka,asia
1982,3296,69.69,15286567,Sri Lanka,asia
1983,3401,69.26,15388794,Sri Lanka,asia
1984,3507,68.77,15441860,Sri Lanka,asia
1985,3589,69.26,15544154,Sri Lanka,asia
1986,3697,69.6,15731256,Sri Lanka,asia
1987,3660,69.93,15916576,Sri Lanka,asia
1988,3685,70.14,16078621,Sri Lanka,asia
1989,3710,69.3,16248557,Sri Lanka,asia
1990,3878,69.6,16352458,Sri Lanka,asia
1991,4008,70.35,16475354,Sri Lanka,asia
1992,4137,70.93,16739284,Sri Lanka,asia
1993,4376,72.1,17025918,Sri Lanka,asia
1994,4578,72.06,17275773,Sri Lanka,asia
1995,4790,70.89,17564068,Sri Lanka,asia
1996,4939,70.83,17905018,Sri Lanka,asia
1997,5226,70.5,18248200,Sri Lanka,asia
1998,5443,71.16,18596003,Sri Lanka,asia
1999,5648,71.59,18944731,Sri Lanka,asia
2000,5950,71.49,19293054,Sri Lanka,asia
2001,5816,72.6,19600362,Sri Lanka,asia
2002,5999,73.38,19805752,Sri Lanka,asia
2003,6302,73.38,19951521,Sri Lanka,asia
2004,6589,69.01,20087605,Sri Lanka,asia
2005,6944,73.35,20216524,Sri Lanka,asia
2006,7419,73.6,20352411,Sri Lanka,asia
2007,7865,74.02,20492545,Sri Lanka,asia
2008,8274,73.28,20629378,Sri Lanka,asia
2009,8508,73.36,20756435,Sri Lanka,asia
2010,9127,74.05,20879089,Sri Lanka,asia
2011,9828,75.27,21009048,Sri Lanka,asia
2012,10712,75.55,21169458,Sri Lanka,asia
2013,10990,75.95,21358827,Sri Lanka,asia
2014,11428,76.07,21547456,Sri Lanka,asia
2015,11891,76.44,21729971,Sri Lanka,asia
2016,12287,76.6,21910772,Sri Lanka,asia
2017,12584,76.75,22087522,Sri Lanka,asia
2018,12860,77.17,22253118,Sri Lanka,asia
2019,13070,77.3,22410552,Sri Lanka,asia
2020,12537,77.31,22561807,Sri Lanka,asia
1950,3545,60.76,47232,St. Kitts and Nevis,americas
1951,3558,61.87,48309,St. Kitts and Nevis,americas
1952,3569,62.41,49389,St. Kitts and Nevis,americas
1953,3580,62.67,50443,St. Kitts and Nevis,americas
1954,3591,62.69,51343,St. Kitts and Nevis,americas
1955,3602,62.23,52134,St. Kitts and Nevis,americas
1956,3612,61.48,52974,St. Kitts and Nevis,americas
1957,3622,60.06,53821,St. Kitts and Nevis,americas
1958,3633,58.72,54644,St. Kitts and Nevis,americas
1959,3643,58.52,55469,St. Kitts and Nevis,americas
1960,3652,58.25,55810,St. Kitts and Nevis,americas
1961,3685,58.81,55334,St. Kitts and Nevis,americas
1962,3718,59.98,54461,St. Kitts and Nevis,americas
1963,3750,60.65,53441,St. Kitts and Nevis,americas
1964,3782,61.21,52326,St. Kitts and Nevis,americas
1965,3814,61.8,51139,St. Kitts and Nevis,americas
1966,3847,62.44,49898,St. Kitts and Nevis,americas
1967,3878,62.88,48605,St. Kitts and Nevis,americas
1968,3909,62.95,47245,St. Kitts and Nevis,americas
1969,3941,62.94,45731,St. Kitts and Nevis,americas
1970,3971,62.61,44606,St. Kitts and Nevis,americas
1971,4279,62.2,44206,St. Kitts and Nevis,americas
1972,4518,61.86,44033,St. Kitts and Nevis,americas
1973,4718,62.0,43880,St. Kitts and Nevis,americas
1974,4995,62.46,43738,St. Kitts and Nevis,americas
1975,5150,63.25,43606,St. Kitts and Nevis,americas
1976,5501,63.81,43482,St. Kitts and Nevis,americas
1977,5892,64.1,43358,St. Kitts and Nevis,americas
1978,6177,63.73,43217,St. Kitts and Nevis,americas
1979,6709,63.58,43033,St. Kitts and Nevis,americas
1980,7343,63.82,42850,St. Kitts and Nevis,americas
1981,7525,64.16,42698,St. Kitts and Nevis,americas
1982,7634,64.59,42532,St. Kitts and Nevis,americas
1983,7796,64.64,42334,St. Kitts and Nevis,americas
1984,8574,64.76,42113,St. Kitts and Nevis,americas
1985,9413,64.79,41874,St. Kitts and Nevis,americas
1986,10568,64.89,41618,St. Kitts and Nevis,americas
1987,11420,65.24,41348,St. Kitts and Nevis,americas
1988,12639,65.38,41062,St. Kitts and Nevis,americas
1989,13472,65.41,40758,St. Kitts and Nevis,americas
1990,14210,65.94,40432,St. Kitts and Nevis,americas
1991,13903,67.15,40358,St. Kitts and Nevis,americas
1992,14387,67.49,40715,St. Kitts and Nevis,americas
1993,15197,67.81,41242,St. Kitts and Nevis,americas
1994,15819,67.83,41776,St. Kitts and Nevis,americas
1995,16489,67.92,42326,St. Kitts and Nevis,americas
1996,17290,68.27,42877,St. Kitts and Nevis,americas
1997,18304,68.65,43428,St. Kitts and Nevis,americas
1998,18060,68.73,43998,St. Kitts and Nevis,americas
1999,18472,69.47,44601,St. Kitts and Nevis,americas
2000,20114,69.94,45248,St. Kitts and Nevis,americas
2001,20925,70.33,45761,St. Kitts and Nevis,americas
2002,20945,70.69,46020,St. Kitts and Nevis,americas
2003,19866,71.06,46176,St. Kitts and Nevis,americas
2004,20404,71.19,46315,St. Kitts and Nevis,americas
2005,22137,71.43,46437,St. Kitts and Nevis,americas
2006,22602,71.53,46569,St. Kitts and Nevis,americas
2007,22530,71.67,46706,St. Kitts and Nevis,americas
2008,23706,72.04,46835,St. Kitts and Nevis,americas
2009,22550,72.12,46916,St. Kitts and Nevis,americas
2010,22224,72.19,46846,St. Kitts and Nevis,americas
2011,22433,72.25,46886,St. Kitts and Nevis,americas
2012,21740,72.28,47033,St. Kitts and Nevis,americas
2013,22707,72.22,47069,St. Kitts and Nevis,americas
2014,23921,72.13,47089,St. Kitts and Nevis,americas
2015,23966,72.04,47087,St. Kitts and Nevis,americas
2016,26953,72.07,47075,St. Kitts and Nevis,americas
2017,26983,72.13,47050,St. Kitts and Nevis,americas
2018,27499,72.12,47008,St. Kitts and Nevis,americas
2019,28603,72.1,46952,St. Kitts and Nevis,americas
1950,1431,51.82,92991,St. Lucia,americas
1951,1458,52.25,93968,St. Lucia,americas
1952,1497,53.17,94415,St. Lucia,americas
1953,1541,54.15,94326,St. Lucia,americas
1954,1586,55.11,94106,St. Lucia,americas
1955,1627,55.76,93803,St. Lucia,americas
1956,1666,56.27,93451,St. Lucia,americas
1957,1719,56.79,93083,St. Lucia,americas
1958,1796,57.5,92715,St. Lucia,americas
1959,1887,58.33,92352,St. Lucia,americas
1960,1966,59.2,92585,St. Lucia,americas
1961,2094,60.18,93490,St. Lucia,americas
1962,2221,61.15,94505,St. Lucia,americas
1963,2351,61.69,95519,St. Lucia,americas
1964,2485,62.69,96505,St. Lucia,americas
1965,2616,63.33,97493,St. Lucia,americas
1966,2747,63.93,98463,St. Lucia,americas
1967,2886,64.48,99504,St. Lucia,americas
1968,3040,65.0,100675,St. Lucia,americas
1969,3204,65.2,101879,St. Lucia,americas
1970,3363,65.43,103165,St. Lucia,americas
1971,3540,65.55,104564,St. Lucia,americas
1972,3645,65.69,106002,St. Lucia,americas
1973,3710,66.1,107498,St. Lucia,americas
1974,3940,66.52,109076,St. Lucia,americas
1975,4149,66.65,110725,St. Lucia,americas
1976,4921,66.88,112425,St. Lucia,americas
1977,5393,67.62,114135,St. Lucia,americas
1978,5810,68.35,115834,St. Lucia,americas
1979,6021,68.8,117528,St. Lucia,americas
1980,5693,68.73,119290,St. Lucia,americas
1981,5880,69.29,121166,St. Lucia,americas
1982,6091,69.55,123087,St. Lucia,americas
1983,6458,69.62,125044,St. Lucia,americas
1984,6930,69.93,127067,St. Lucia,americas
1985,7475,69.96,129159,St. Lucia,americas
1986,8769,70.07,131239,St. Lucia,americas
1987,9064,70.05,133227,St. Lucia,americas
1988,10429,70.16,135000,St. Lucia,americas
1989,11299,70.26,136512,St. Lucia,americas
1990,11733,70.22,137857,St. Lucia,americas
1991,11610,70.41,139520,St. Lucia,americas
1992,12378,70.46,141617,St. Lucia,americas
1993,12308,70.65,143726,St. Lucia,americas
1994,12360,70.98,145890,St. Lucia,americas
1995,12423,71.37,148208,St. Lucia,americas
1996,12617,71.82,150436,St. Lucia,americas
1997,12356,72.34,152569,St. Lucia,americas
1998,12953,72.75,154677,St. Lucia,americas
1999,13130,73.08,156702,St. Lucia,americas
2000,12990,73.36,158616,St. Lucia,americas
2001,12432,73.49,160237,St. Lucia,americas
2002,12389,73.6,161641,St. Lucia,americas
2003,12826,73.79,162976,St. Lucia,americas
2004,13649,73.97,164239,St. Lucia,americas
2005,13461,74.27,165450,St. Lucia,americas
2006,14124,74.64,166639,St. Lucia,americas
2007,14169,75.02,167758,St. Lucia,americas
2008,14663,75.29,168808,St. Lucia,americas
2009,14065,75.51,169869,St. Lucia,americas
2010,14138,75.62,170906,St. Lucia,americas
2011,14790,75.98,171801,St. Lucia,americas
2012,14667,75.99,172587,St. Lucia,americas
2013,14133,75.67,173369,St. Lucia,americas
2014,14317,75.61,174138,St. Lucia,americas
2015,14058,75.6,174905,St. Lucia,americas
2016,14498,75.1,175646,St. Lucia,americas
2017,14928,75.08,176342,St. Lucia,americas
2018,15286,75.08,177017,St. Lucia,americas
2019,15201,75.14,177661,St. Lucia,americas
2020,12028,75.21,178250,St. Lucia,americas
1950,2418,53.64,61663,St. Vincent and the Grenadines,americas
1951,2495,54.45,63349,St. Vincent and the Grenadines,americas
1952,2575,55.3,65183,St. Vincent and the Grenadines,americas
1953,2659,56.29,67162,St. Vincent and the Grenadines,americas
1954,2744,57.28,69302,St. Vincent and the Grenadines,americas
1955,2832,55.03,71612,St. Vincent and the Grenadines,americas
1956,2924,59.16,74054,St. Vincent and the Grenadines,americas
1957,3018,59.91,76617,St. Vincent and the Grenadines,americas
1958,3115,60.46,79313,St. Vincent and the Grenadines,americas
1959,3215,60.38,82150,St. Vincent and the Grenadines,americas
1960,3318,60.97,84388,St. Vincent and the Grenadines,americas
1961,3406,61.62,85870,St. Vincent and the Grenadines,americas
1962,3474,62.22,87236,St. Vincent and the Grenadines,americas
1963,3206,62.63,88523,St. Vincent and the Grenadines,americas
1964,3275,63.09,89749,St. Vincent and the Grenadines,americas
1965,3256,63.41,90927,St. Vincent and the Grenadines,americas
1966,3209,63.71,92052,St. Vincent and the Grenadines,americas
1967,2861,63.88,93124,St. Vincent and the Grenadines,americas
1968,3003,64.19,94123,St. Vincent and the Grenadines,americas
1969,3042,64.45,95058,St. Vincent and the Grenadines,americas
1970,3318,64.78,95964,St. Vincent and the Grenadines,americas
1971,3402,65.02,96872,St. Vincent and the Grenadines,americas
1972,4261,65.38,97790,St. Vincent and the Grenadines,americas
1973,3770,65.85,98691,St. Vincent and the Grenadines,americas
1974,3422,66.26,99556,St. Vincent and the Grenadines,americas
1975,3147,66.59,100387,St. Vincent and the Grenadines,americas
1976,3459,66.97,101197,St. Vincent and the Grenadines,americas
1977,3543,67.39,101999,St. Vincent and the Grenadines,americas
1978,3875,67.91,102775,St. Vincent and the Grenadines,americas
1979,3993,68.31,103478,St. Vincent and the Grenadines,americas
1980,4078,68.56,104213,St. Vincent and the Grenadines,americas
1981,4256,68.94,105073,St. Vincent and the Grenadines,americas
1982,4439,69.25,105969,St. Vincent and the Grenadines,americas
1983,4528,69.39,106838,St. Vincent and the Grenadines,americas
1984,4821,69.61,107687,St. Vincent and the Grenadines,americas
1985,5115,69.99,108506,St. Vincent and the Grenadines,americas
1986,5397,70.16,109281,St. Vincent and the Grenadines,americas
1987,5418,69.98,110001,St. Vincent and the Grenadines,americas
1988,6181,70.24,110658,St. Vincent and the Grenadines,americas
1989,6274,70.26,111272,St. Vincent and the Grenadines,americas
1990,6547,70.11,111812,St. Vincent and the Grenadines,americas
1991,6408,70.28,112222,St. Vincent and the Grenadines,americas
1992,6672,70.23,112509,St. Vincent and the Grenadines,americas
1993,7119,70.31,112735,St. Vincent and the Grenadines,americas
1994,7025,70.32,112918,St. Vincent and the Grenadines,americas
1995,7572,70.47,113047,St. Vincent and the Grenadines,americas
1996,7674,70.49,113119,St. Vincent and the Grenadines,americas
1997,7949,70.88,113141,St. Vincent and the Grenadines,americas
1998,8281,71.01,113180,St. Vincent and the Grenadines,americas
1999,8509,71.06,113366,St. Vincent and the Grenadines,americas
2000,8647,71.11,113545,St. Vincent and the Grenadines,americas
2001,8786,71.66,113501,St. Vincent and the Grenadines,americas
2002,9324,71.65,113347,St. Vincent and the Grenadines,americas
2003,10020,72.16,113141,St. Vincent and the Grenadines,americas
2004,10417,72.33,112835,St. Vincent and the Grenadines,americas
2005,10667,72.6,112450,St. Vincent and the Grenadines,americas
2006,11488,72.89,112014,St. Vincent and the Grenadines,americas
2007,11882,73.11,111531,St. Vincent and the Grenadines,americas
2008,12083,73.07,111028,St. Vincent and the Grenadines,americas
2009,11841,73.01,110508,St. Vincent and the Grenadines,americas
2010,11448,73.11,109959,St. Vincent and the Grenadines,americas
2011,11394,73.21,109349,St. Vincent and the Grenadines,americas
2012,11538,73.03,108736,St. Vincent and the Grenadines,americas
2013,11730,72.48,108135,St. Vincent and the Grenadines,americas
2014,11845,72.61,107535,St. Vincent and the Grenadines,americas
2015,11973,72.57,106960,St. Vincent and the Grenadines,americas
2016,12164,72.63,106349,St. Vincent and the Grenadines,americas
2017,12245,72.73,105663,St. Vincent and the Grenadines,americas
2018,12466,72.83,104926,St. Vincent and the Grenadines,americas
2019,12489,72.95,104167,St. Vincent and the Grenadines,americas
2020,11816,73.01,103526,St. Vincent and the Grenadines,americas
1950,1522,46.94,6189910,Sudan,africa
1951,1551,47.09,6376060,Sudan,africa
1952,1584,47.3,6568609,Sudan,africa
1953,1613,47.54,6765905,Sudan,africa
1954,1647,47.74,6969636,Sudan,africa
1955,1681,47.92,7181692,Sudan,africa
1956,1809,48.26,7401592,Sudan,africa
1957,1734,48.64,7629449,Sudan,africa
1958,1759,48.96,7863034,Sudan,africa
1959,1915,49.41,8106484,Sudan,africa
1960,1897,49.76,8364489,Sudan,africa
1961,1914,49.97,8634941,Sudan,africa
1962,2064,50.27,8919028,Sudan,africa
1963,2018,50.1,9218077,Sudan,africa
1964,2009,50.32,9531109,Sudan,africa
1965,2160,50.53,9858030,Sudan,africa
1966,2146,50.74,10197578,Sudan,africa
1967,2083,50.91,10550597,Sudan,africa
1968,2217,51.1,10917999,Sudan,africa
1969,2358,51.35,11298936,Sudan,africa
1970,2254,51.6,11695771,Sudan,africa
1971,2407,51.85,12105539,Sudan,africa
1972,2351,52.04,12527856,Sudan,africa
1973,2141,52.41,13049315,Sudan,africa
1974,2345,52.57,13580723,Sudan,africa
1975,2624,52.8,14064798,Sudan,africa
1976,3081,53.2,14569716,Sudan,africa
1977,3519,53.78,15086614,Sudan,africa
1978,3422,54.14,15695003,Sudan,africa
1979,3019,54.47,16355352,Sudan,africa
1980,3004,54.8,17058905,Sudan,africa
1981,3030,55.28,17780572,Sudan,africa
1982,3374,55.76,18486645,Sudan,africa
1983,3288,52.29,19109770,Sudan,africa
1984,3084,51.78,19546528,Sudan,africa
1985,2853,52.17,19905872,Sudan,africa
1986,2935,57.09,20288238,Sudan,africa
1987,2995,57.42,20704904,Sudan,africa
1988,3037,57.93,21138431,Sudan,africa
1989,3263,57.89,21578022,Sudan,africa
1990,2973,58.66,22021481,Sudan,africa
1991,3115,59.27,22470676,Sudan,africa
1992,3235,59.75,22927355,Sudan,africa
1993,3295,59.99,23445592,Sudan,africa
1994,3243,60.92,24043948,Sudan,africa
1995,3347,61.29,24672143,Sudan,africa
1996,3452,61.52,25231528,Sudan,africa
1997,3715,61.77,25799821,Sudan,africa
1998,3771,62.0,26458999,Sudan,africa
1999,3782,62.87,27130613,Sudan,africa
2000,3913,63.26,27816745,Sudan,africa
2001,4053,63.72,28516770,Sudan,africa
2002,4178,63.87,29228727,Sudan,africa
2003,4318,64.13,29896035,Sudan,africa
2004,4415,64.16,30556637,Sudan,africa
2005,4536,65.48,31262444,Sudan,africa
2006,4700,65.84,31992435,Sudan,africa
2007,4834,66.32,32764135,Sudan,africa
2008,4885,66.78,33623980,Sudan,africa
2009,4625,66.97,34569113,Sudan,africa
2010,4681,67.44,35414399,Sudan,africa
2011,4957,67.56,36140806,Sudan,africa
2012,4576,68.11,36923178,Sudan,africa
2013,4555,68.33,37785849,Sudan,africa
2014,4654,68.72,38823318,Sudan,africa
2015,4630,69.03,40024431,Sudan,africa
2016,4677,69.39,41259892,Sudan,africa
2017,4599,69.79,42714306,Sudan,africa
2018,4370,70.12,44230596,Sudan,africa
2019,4174,70.49,45548175,Sudan,africa
2020,3920,70.55,46789231,Sudan,africa
1950,5828,57.69,195565,Suriname,americas
1951,5920,58.46,200503,Suriname,americas
1952,6015,59.19,206352,Suriname,americas
1953,6110,59.54,212362,Suriname,americas
1954,6207,60.49,218623,Suriname,americas
1955,6305,61.15,225195,Suriname,americas
1956,6404,61.41,232142,Suriname,americas
1957,6504,61.63,239484,Suriname,americas
1958,6606,62.01,247234,Suriname,americas
1959,6708,62.5,255386,Suriname,americas
1960,6812,62.97,263918,Suriname,americas
1961,7017,63.32,272791,Suriname,americas
1962,7227,63.61,283912,Suriname,americas
1963,7442,64.01,297034,Suriname,americas
1964,7662,64.58,309041,Suriname,americas
1965,7886,64.81,320000,Suriname,americas
1966,8116,65.18,331135,Suriname,americas
1967,8350,65.24,342679,Suriname,americas
1968,8591,65.51,354616,Suriname,americas
1969,8835,65.7,366906,Suriname,americas
1970,9085,65.85,379442,Suriname,americas
1971,9725,66.02,391932,Suriname,americas
1972,10310,66.54,397413,Suriname,americas
1973,10904,66.57,395772,Suriname,americas
1974,10312,66.37,393676,Suriname,americas
1975,11528,66.21,391170,Suriname,americas
1976,12729,66.3,388289,Suriname,americas
1977,14180,66.49,385067,Suriname,americas
1978,15069,66.46,381502,Suriname,americas
1979,14280,66.62,377602,Suriname,americas
1980,13145,66.77,375377,Suriname,americas
1981,14175,67.49,375459,Suriname,americas
1982,13669,67.93,376555,Suriname,americas
1983,13194,68.3,378746,Suriname,americas
1984,12968,68.59,382193,Suriname,americas
1985,14745,69.07,386972,Suriname,americas
1986,14398,69.36,392330,Suriname,americas
1987,13208,69.81,396911,Suriname,americas
1988,14178,69.72,402227,Suriname,americas
1989,14632,68.16,408409,Suriname,americas
1990,13889,68.94,412493,Suriname,americas
1991,13993,68.72,415013,Suriname,americas
1992,13794,68.52,417589,Suriname,americas
1993,12648,67.81,419352,Suriname,americas
1994,12865,68.8,422375,Suriname,americas
1995,12669,70.91,429606,Suriname,americas
1996,12614,71.43,438830,Suriname,americas
1997,13158,71.5,448067,Suriname,americas
1998,13295,70.85,457406,Suriname,americas
1999,12952,70.23,466916,Suriname,americas
2000,13068,69.8,476643,Suriname,americas
2001,13456,69.58,486560,Suriname,americas
2002,13671,69.53,496551,Suriname,americas
2003,14362,69.76,506414,Suriname,americas
2004,15402,70.07,513923,Suriname,americas
2005,15908,70.64,519313,Suriname,americas
2006,16636,71.17,524997,Suriname,americas
2007,17285,71.56,531016,Suriname,americas
2008,17794,71.68,537245,Suriname,americas
2009,18120,72.06,543568,Suriname,americas
2010,18840,72.29,549923,Suriname,americas
2011,19717,72.79,556269,Suriname,americas
2012,20020,73.13,562633,Suriname,americas
2013,20380,72.95,569020,Suriname,americas
2014,20211,72.68,575373,Suriname,americas
2015,19317,72.45,581627,Suriname,americas
2016,18181,72.44,587757,Suriname,americas
2017,18284,72.5,593713,Suriname,americas
2018,19006,72.58,599513,Suriname,americas
2019,19037,72.71,605768,Suriname,americas
2020,15888,72.4,612317,Suriname,americas
1950,702,43.33,271655,Eswatini,africa
1951,724,43.6,278604,Eswatini,africa
1952,730,43.85,285630,Eswatini,africa
1953,742,44.11,292738,Eswatini,africa
1954,765,44.3,299930,Eswatini,africa
1955,771,44.5,307217,Eswatini,africa
1956,782,44.71,314613,Eswatini,africa
1957,793,44.9,322123,Eswatini,africa
1958,795,45.1,329760,Eswatini,africa
1959,821,45.32,337509,Eswatini,africa
1960,910,45.64,345337,Eswatini,africa
1961,1005,46.05,353264,Eswatini,africa
1962,1192,46.64,361365,Eswatini,africa
1963,1233,47.18,369759,Eswatini,africa
1964,1386,47.83,378656,Eswatini,africa
1965,1568,48.54,388336,Eswatini,africa
1966,1599,49.19,398766,Eswatini,africa
1967,1714,49.83,409031,Eswatini,africa
1968,1598,50.33,419147,Eswatini,africa
1969,1630,50.8,429875,Eswatini,africa
1970,2067,51.47,441216,Eswatini,africa
1971,2097,52.04,453183,Eswatini,africa
1972,2310,52.65,465788,Eswatini,africa
1973,2336,53.18,479038,Eswatini,africa
1974,2717,53.73,492988,Eswatini,africa
1975,3536,54.46,507673,Eswatini,africa
1976,3906,55.16,523330,Eswatini,africa
1977,3848,55.77,540348,Eswatini,africa
1978,3797,56.3,558446,Eswatini,africa
1979,3762,56.82,577199,Eswatini,africa
1980,3721,57.26,596644,Eswatini,africa
1981,3867,57.71,616808,Eswatini,africa
1982,3826,58.22,637652,Eswatini,africa
1983,3692,57.6,658957,Eswatini,africa
1984,3668,59.04,680783,Eswatini,africa
1985,3623,59.62,706196,Eswatini,africa
1986,4152,60.04,734732,Eswatini,africa
1987,4419,60.52,763811,Eswatini,africa
1988,4552,60.98,799798,Eswatini,africa
1989,4800,61.41,837800,Eswatini,africa
1990,5098,61.75,872428,Eswatini,africa
1991,5047,61.9,908189,Eswatini,africa
1992,5080,61.93,943416,Eswatini,africa
1993,5115,61.78,971318,Eswatini,africa
1994,5123,60.87,971212,Eswatini,africa
1995,5259,59.32,970433,Eswatini,africa
1996,5353,57.19,989841,Eswatini,africa
1997,5417,55.39,1006635,Eswatini,africa
1998,5464,52.98,1019653,Eswatini,africa
1999,5545,50.7,1030782,Eswatini,africa
2000,5579,48.32,1041414,Eswatini,africa
2001,5593,46.32,1051064,Eswatini,africa
2002,5806,45.02,1059441,Eswatini,africa
2003,6009,43.89,1066700,Eswatini,africa
2004,6206,43.14,1073159,Eswatini,africa
2005,6551,43.29,1079022,Eswatini,africa
2006,6907,44.13,1084436,Eswatini,africa
2007,7168,44.85,1090705,Eswatini,africa
2008,7176,45.53,1098091,Eswatini,africa
2009,7237,46.35,1105153,Eswatini,africa
2010,7459,47.98,1111650,Eswatini,africa
2011,7576,49.78,1117833,Eswatini,africa
2012,7931,50.88,1123863,Eswatini,africa
2013,8180,52.13,1129990,Eswatini,africa
2014,8194,53.53,1136299,Eswatini,africa
2015,8308,54.88,1142813,Eswatini,africa
2016,8321,56.06,1149507,Eswatini,africa
2017,8408,57.03,1158195,Eswatini,africa
2018,8521,57.8,1168929,Eswatini,africa
2019,8653,58.26,1179874,Eswatini,africa
2020,8403,57.98,1192729,Eswatini,africa
1950,12487,71.36,7016565,Sweden,europe
1951,12876,71.6,7072881,Sweden,europe
1952,12964,71.99,7124672,Sweden,europe
1953,13239,72.18,7171426,Sweden,europe
1954,13716,72.54,7213458,Sweden,europe
1955,14019,72.76,7262329,Sweden,europe
1956,14447,72.87,7315517,Sweden,europe
1957,14994,72.88,7366881,Sweden,europe
1958,14977,73.28,7414349,Sweden,europe
1959,15357,73.45,7453559,Sweden,europe
1960,16099,73.41,7484596,Sweden,europe
1961,16956,73.64,7519998,Sweden,europe
1962,17600,73.71,7561515,Sweden,europe
1963,18462,73.87,7604199,Sweden,europe
1964,19606,74.02,7661191,Sweden,europe
1965,20196,74.19,7733007,Sweden,europe
1966,20454,74.34,7805592,Sweden,europe
1967,21015,74.36,7866404,Sweden,europe
1968,21689,74.37,7912128,Sweden,europe
1969,22651,74.53,7968011,Sweden,europe
1970,23930,74.83,8042780,Sweden,europe
1971,24027,74.89,8098102,Sweden,europe
1972,24543,74.96,8122425,Sweden,europe
1973,25511,75.11,8137169,Sweden,europe
1974,26290,75.19,8160639,Sweden,europe
1975,26895,75.26,8192641,Sweden,europe
1976,27125,75.38,8222395,Sweden,europe
1977,26637,75.58,8251695,Sweden,europe
1978,27065,75.75,8275788,Sweden,europe
1979,28087,75.82,8293748,Sweden,europe
1980,28542,76.07,8310469,Sweden,europe
1981,28546,76.36,8320458,Sweden,europe
1982,28860,76.62,8325183,Sweden,europe
1983,29397,76.89,8328915,Sweden,europe
1984,30581,77.08,8336487,Sweden,europe
1985,31169,77.09,8350244,Sweden,europe
1986,31825,77.28,8369683,Sweden,europe
1987,32729,77.35,8397648,Sweden,europe
1988,33327,77.44,8436347,Sweden,europe
1989,33942,77.8,8492816,Sweden,europe
1990,34157,77.95,8558567,Sweden,europe
1991,33536,78.07,8616959,Sweden,europe
1992,32954,78.35,8667574,Sweden,europe
1993,32086,78.54,8718036,Sweden,europe
1994,33111,78.84,8780190,Sweden,europe
1995,34234,79.12,8826302,Sweden,europe
1996,34719,79.31,8840327,Sweden,europe
1997,35765,79.52,8845524,Sweden,europe
1998,37286,79.64,8850609,Sweden,europe
1999,38839,79.79,8857686,Sweden,europe
2000,40625,80.0,8872101,Sweden,europe
2001,41104,80.15,8896022,Sweden,europe
2002,41870,80.31,8925047,Sweden,europe
2003,42678,80.52,8958431,Sweden,europe
2004,44354,80.67,8993808,Sweden,europe
2005,45440,80.98,9029771,Sweden,europe
2006,47292,81.13,9080623,Sweden,europe
2007,48557,81.31,9148274,Sweden,europe
2008,47963,81.52,9219900,Sweden,europe
2009,45493,81.67,9298740,Sweden,europe
2010,47791,81.86,9378232,Sweden,europe
2011,48947,81.99,9449259,Sweden,europe
2012,48301,82.11,9519487,Sweden,europe
2013,48462,82.26,9600620,Sweden,europe
2014,49259,82.46,9696433,Sweden,europe
2015,50929,82.55,9799481,Sweden,europe
2016,51334,82.62,9923280,Sweden,europe
2017,51948,82.68,10057862,Sweden,europe
2018,52349,82.73,10175405,Sweden,europe
2019,52851,82.83,10279125,Sweden,europe
2020,51039,82.03,10353686,Sweden,europe
1950,24928,69.02,4692641,Switzerland,europe
1951,26636,69.05,4748085,Switzerland,europe
1952,26487,69.62,4811612,Switzerland,europe
1953,27071,69.79,4875652,Switzerland,europe
1954,28290,70.13,4938748,Switzerland,europe
1955,29892,70.3,5002112,Switzerland,europe
1956,31462,70.52,5065620,Switzerland,europe
1957,32197,70.84,5130162,Switzerland,europe
1958,31065,71.42,5196441,Switzerland,europe
1959,32651,71.62,5262800,Switzerland,europe
1960,34262,71.76,5327780,Switzerland,europe
1961,35947,71.86,5434123,Switzerland,europe
1962,36559,71.73,5573696,Switzerland,europe
1963,37439,71.81,5694165,Switzerland,europe
1964,38659,72.27,5789149,Switzerland,europe
1965,39420,72.51,5856419,Switzerland,europe
1966,39937,72.69,5917962,Switzerland,europe
1967,40606,72.94,5991733,Switzerland,europe
1968,41490,72.98,6067657,Switzerland,europe
1969,43159,73.11,6136351,Switzerland,europe
1970,45399,73.34,6180922,Switzerland,europe
1971,46739,73.6,6213530,Switzerland,europe
1972,47747,73.97,6261081,Switzerland,europe
1973,48762,74.33,6307403,Switzerland,europe
1974,49121,74.66,6341377,Switzerland,europe
1975,45325,74.98,6338600,Switzerland,europe
1976,44587,75.28,6302555,Switzerland,europe
1977,45663,75.54,6281359,Switzerland,europe
1978,45881,75.69,6282038,Switzerland,europe
1979,47021,75.88,6294715,Switzerland,europe
1980,49088,75.97,6319846,Switzerland,europe
1981,49655,76.18,6354556,Switzerland,europe
1982,48687,76.36,6391804,Switzerland,europe
1983,48605,76.64,6419311,Switzerland,europe
1984,49635,76.98,6442422,Switzerland,europe
1985,51016,77.22,6470957,Switzerland,europe
1986,51533,77.43,6504750,Switzerland,europe
1987,51918,77.65,6545773,Switzerland,europe
1988,53157,77.8,6594143,Switzerland,europe
1989,54928,77.89,6647788,Switzerland,europe
1990,56329,77.94,6713173,Switzerland,europe
1991,55120,78.1,6796943,Switzerland,europe
1992,54492,78.4,6875051,Switzerland,europe
1993,53930,78.74,6938106,Switzerland,europe
1994,54181,79.0,6993587,Switzerland,europe
1995,54079,78.91,7040477,Switzerland,europe
1996,54107,79.34,7071883,Switzerland,europe
1997,55201,79.6,7089163,Switzerland,europe
1998,56725,79.87,7110291,Switzerland,europe
1999,57440,80.12,7144121,Switzerland,europe
2000,59389,80.3,7184007,Switzerland,europe
2001,59945,80.64,7226391,Switzerland,europe
2002,59490,80.87,7278752,Switzerland,europe
2003,59022,81.08,7333447,Switzerland,europe
2004,60272,81.43,7384194,Switzerland,europe
2005,61613,81.69,7431823,Switzerland,europe
2006,63686,81.94,7478509,Switzerland,europe
2007,65642,82.17,7545381,Switzerland,europe
2008,66599,82.39,7641728,Switzerland,europe
2009,64404,82.52,7737645,Switzerland,europe
2010,65820,82.79,7825753,Switzerland,europe
2011,66342,83.03,7914372,Switzerland,europe
2012,66440,83.13,7998926,Switzerland,europe
2013,66877,83.27,8091202,Switzerland,europe
2014,67683,83.47,8190235,Switzerland,europe
2015,68026,83.58,8283934,Switzerland,europe
2016,68663,83.78,8374901,Switzerland,europe
2017,69104,83.88,8453628,Switzerland,europe
2018,70597,83.93,8516344,Switzerland,europe
2019,70944,83.98,8577524,Switzerland,europe
2020,68670,83.18,8640582,Switzerland,europe
1950,4461,54.96,3612081,Syria,asia
1951,4195,54.93,3684865,Syria,asia
1952,5162,55.48,3765243,Syria,asia
1953,5715,55.54,3852829,Syria,asia
1954,6398,56.75,3947870,Syria,asia
1955,5631,57.41,4050589,Syria,asia
1956,6500,57.93,4160632,Syria,asia
1957,6720,59.47,4277740,Syria,asia
1958,5631,60.04,4401993,Syria,asia
1959,5674,60.17,4533770,Syria,asia
1960,5602,61.04,4673500,Syria,asia
1961,5870,61.72,4815466,Syria,asia
1962,7034,62.62,4959340,Syria,asia
1963,6806,62.82,5110467,Syria,asia
1964,6739,63.29,5269087,Syria,asia
1965,6507,64.22,5435267,Syria,asia
1966,5817,64.14,5609047,Syria,asia
1967,6098,64.81,5790198,Syria,asia
1968,6126,65.43,5978742,Syria,asia
1969,7043,65.83,6175166,Syria,asia
1970,6560,66.49,6380609,Syria,asia
1971,6965,67.24,6598094,Syria,asia
1972,8420,67.85,6826024,Syria,asia
1973,7443,67.92,7060321,Syria,asia
1974,8933,69.65,7302160,Syria,asia
1975,10320,69.81,7554364,Syria,asia
1976,11073,69.85,7817320,Syria,asia
1977,10571,70.25,8090501,Syria,asia
1978,11114,70.77,8372759,Syria,asia
1979,11136,70.35,8661909,Syria,asia
1980,12059,70.23,8957663,Syria,asia
1981,12768,70.01,9260189,Syria,asia
1982,12574,66.1,9572511,Syria,asia
1983,12300,69.43,9904809,Syria,asia
1984,11383,70.08,10258398,Syria,asia
1985,11655,69.41,10625672,Syria,asia
1986,10695,69.36,11002844,Syria,asia
1987,10526,69.23,11388923,Syria,asia
1988,11523,69.12,11782264,Syria,asia
1989,10154,68.93,12179060,Syria,asia
1990,10563,68.79,12579208,Syria,asia
1991,10955,68.81,12980821,Syria,asia
1992,11627,68.64,13385571,Syria,asia
1993,11709,69.3,13795686,Syria,asia
1994,11589,69.54,14208583,Syria,asia
1995,11458,69.75,14616801,Syria,asia
1996,11063,70.1,15018104,Syria,asia
1997,10261,70.37,15417542,Syria,asia
1998,10163,70.43,15820413,Syria,asia
1999,9253,70.93,16228061,Syria,asia
2000,8914,71.62,16637888,Syria,asia
2001,8729,72.44,17051338,Syria,asia
2002,8753,72.78,17468332,Syria,asia
2003,8121,73.77,17889296,Syria,asia
2004,8197,74.09,18336875,Syria,asia
2005,8181,74.42,18814091,Syria,asia
2006,8023,74.48,19637022,Syria,asia
2007,7881,74.64,20884125,Syria,asia
2008,7673,74.44,21636564,Syria,asia
2009,7656,74.7,21976969,Syria,asia
2010,7580,74.71,22482421,Syria,asia
2011,6950,72.8,22878098,Syria,asia
2012,5613,65.75,22759763,Syria,asia
2013,4794,66.38,21666917,Syria,asia
2014,4110,63.58,20273659,Syria,asia
2015,3544,65.47,19424618,Syria,asia
2016,3593,64.33,19193834,Syria,asia
2017,3768,68.28,19224668,Syria,asia
2018,3894,73.17,19577845,Syria,asia
2019,3853,73.88,20353534,Syria,asia
2020,3935,74.37,21049429,Syria,asia
1950,1718,60.59,7596530,Taiwan,asia
1951,1759,60.87,7862796,Taiwan,asia
1952,1905,61.15,8148990,Taiwan,asia
1953,2009,61.34,8451371,Taiwan,asia
1954,2121,61.59,8767773,Taiwan,asia
1955,2203,61.7,9104134,Taiwan,asia
1956,2239,62.89,9465710,Taiwan,asia
1957,2321,62.13,9850525,Taiwan,asia
1958,2390,63.45,10246156,Taiwan,asia
1959,2462,63.74,10644175,Taiwan,asia
1960,2507,64.68,11046258,Taiwan,asia
1961,2590,65.07,11453500,Taiwan,asia
1962,2704,65.93,11866672,Taiwan,asia
1963,2863,66.59,12285722,Taiwan,asia
1964,3111,67.23,12706674,Taiwan,asia
1965,3354,68.09,13124802,Taiwan,asia
1966,3550,68.2,13537707,Taiwan,asia
1967,3836,68.23,13901470,Taiwan,asia
1968,4050,68.42,14215585,Taiwan,asia
1969,4324,69.2,14523594,Taiwan,asia
1970,4701,69.82,14815745,Taiwan,asia
1971,5196,69.91,15121137,Taiwan,asia
1972,5768,70.21,15450612,Taiwan,asia
1973,6389,70.32,15772697,Taiwan,asia
1974,6341,70.82,16082325,Taiwan,asia
1975,6526,71.13,16365267,Taiwan,asia
1976,7259,71.6,16671499,Taiwan,asia
1977,7849,71.61,17020097,Taiwan,asia
1978,8740,72.02,17373728,Taiwan,asia
1979,9261,72.19,17735781,Taiwan,asia
1980,9746,72.42,18086520,Taiwan,asia
1981,10170,72.65,18412827,Taiwan,asia
1982,10357,72.93,18723985,Taiwan,asia
1983,11078,73.16,19022625,Taiwan,asia
1984,12082,73.57,19306763,Taiwan,asia
1985,12530,73.89,19571687,Taiwan,asia
1986,13854,74.04,19805980,Taiwan,asia
1987,15931,74.29,20015819,Taiwan,asia
1988,16487,74.1,20223647,Taiwan,asia
1989,17673,74.37,20418906,Taiwan,asia
1990,18414,74.67,20594906,Taiwan,asia
1991,19686,75.05,20781750,Taiwan,asia
1992,21042,75.2,20982088,Taiwan,asia
1993,22188,75.43,21174682,Taiwan,asia
1994,23562,75.52,21357140,Taiwan,asia
1995,24795,75.49,21534495,Taiwan,asia
1996,26027,75.54,21709276,Taiwan,asia
1997,27245,76.05,21885328,Taiwan,asia
1998,28051,76.3,22049226,Taiwan,asia
1999,29610,76.49,22203781,Taiwan,asia
2000,31139,76.92,22332870,Taiwan,asia
2001,30461,77.2,22446257,Taiwan,asia
2002,31881,77.7,22566901,Taiwan,asia
2003,32954,77.89,22664125,Taiwan,asia
2004,34845,77.91,22745431,Taiwan,asia
2005,36471,77.94,22824931,Taiwan,asia
2006,38207,78.47,22914634,Taiwan,asia
2007,40408,78.77,23006924,Taiwan,asia
2008,40409,79.0,23086239,Taiwan,asia
2009,39494,79.37,23164361,Taiwan,asia
2010,43459,79.7,23224049,Taiwan,asia
2011,44830,79.47,23273076,Taiwan,asia
2012,45576,79.73,23345961,Taiwan,asia
2013,46464,80.1,23416875,Taiwan,asia
2014,48209,80.02,23472816,Taiwan,asia
2015,48437,80.32,23529254,Taiwan,asia
2016,49015,80.15,23586143,Taiwan,asia
2017,50571,80.21,23632948,Taiwan,asia
2018,51919,80.24,23659305,Taiwan,asia
2019,53478,80.3,23674138,Taiwan,asia
2020,55373,80.37,23663459,Taiwan,asia
1950,3054,46.17,1528308,Tajikistan,asia
1951,3048,46.49,1588338,Tajikistan,asia
1952,3224,47.02,1645583,Tajikistan,asia
1953,3341,47.55,1701043,Tajikistan,asia
1954,3481,48.13,1755688,Tajikistan,asia
1955,3750,48.78,1810238,Tajikistan,asia
1956,4079,49.54,1865439,Tajikistan,asia
1957,4132,50.21,1922123,Tajikistan,asia
1958,4408,50.88,1981662,Tajikistan,asia
1959,4325,51.67,2045284,Tajikistan,asia
1960,4697,52.55,2112131,Tajikistan,asia
1961,4857,53.4,2181805,Tajikistan,asia
1962,4886,54.3,2255026,Tajikistan,asia
1963,4680,55.05,2331736,Tajikistan,asia
1964,5186,55.93,2411260,Tajikistan,asia
1965,5386,56.77,2492998,Tajikistan,asia
1966,5553,57.6,2577184,Tajikistan,asia
1967,5706,58.41,2664130,Tajikistan,asia
1968,5946,59.2,2753848,Tajikistan,asia
1969,5938,60.13,2845273,Tajikistan,asia
1970,6297,60.38,2936779,Tajikistan,asia
1971,6360,61.06,3028837,Tajikistan,asia
1972,6291,61.24,3123691,Tajikistan,asia
1973,6710,61.65,3222290,Tajikistan,asia
1974,6522,62.06,3324499,Tajikistan,asia
1975,6340,62.57,3430425,Tajikistan,asia
1976,6161,63.19,3540076,Tajikistan,asia
1977,5987,63.9,3653265,Tajikistan,asia
1978,5818,64.46,3768508,Tajikistan,asia
1979,5652,64.9,3882691,Tajikistan,asia
1980,5491,65.33,3995256,Tajikistan,asia
1981,5314,65.62,4109022,Tajikistan,asia
1982,5140,65.89,4227171,Tajikistan,asia
1983,5128,65.87,4350874,Tajikistan,asia
1984,5000,66.08,4480026,Tajikistan,asia
1985,4848,66.7,4619003,Tajikistan,asia
1986,4753,67.17,4772139,Tajikistan,asia
1987,4451,66.98,4939059,Tajikistan,asia
1988,4814,66.9,5114989,Tajikistan,asia
1989,4280,66.91,5267249,Tajikistan,asia
1990,4093,66.94,5398768,Tajikistan,asia
1991,3720,66.74,5541205,Tajikistan,asia
1992,2592,63.41,5649400,Tajikistan,asia
1993,2132,58.81,5724993,Tajikistan,asia
1994,1653,64.15,5825368,Tajikistan,asia
1995,1426,64.56,5948584,Tajikistan,asia
1996,1170,64.12,6066523,Tajikistan,asia
1997,1172,65.59,6139829,Tajikistan,asia
1998,1216,65.68,6176397,Tajikistan,asia
1999,1242,66.31,6208370,Tajikistan,asia
2000,1325,66.59,6284735,Tajikistan,asia
2001,1428,66.78,6407377,Tajikistan,asia
2002,1556,67.04,6531669,Tajikistan,asia
2003,1697,67.35,6658575,Tajikistan,asia
2004,1838,67.52,6790547,Tajikistan,asia
2005,1924,67.47,6924720,Tajikistan,asia
2006,2019,67.59,7057566,Tajikistan,asia
2007,2133,67.69,7194477,Tajikistan,asia
2008,2255,67.88,7338403,Tajikistan,asia
2009,2294,68.04,7490230,Tajikistan,asia
2010,2390,68.0,7652141,Tajikistan,asia
2011,2510,68.14,7824785,Tajikistan,asia
2012,2638,68.32,8014084,Tajikistan,asia
2013,2768,68.61,8216724,Tajikistan,asia
2014,2884,68.59,8425552,Tajikistan,asia
2015,2984,68.6,8643840,Tajikistan,asia
2016,3113,68.56,8865631,Tajikistan,asia
2017,3253,68.75,9085946,Tajikistan,asia
2018,3415,69.24,9307333,Tajikistan,asia
2019,3581,69.56,9529966,Tajikistan,asia
2020,3666,69.63,9749310,Tajikistan,asia
1950,786,43.84,7625155,Tanzania,africa
1951,864,44.18,7812975,Tanzania,africa
1952,860,44.31,8009079,Tanzania,africa
1953,810,44.35,8213113,Tanzania,africa
1954,854,44.55,8424785,Tanzania,africa
1955,852,44.68,8644862,Tanzania,africa
1956,842,44.78,8874780,Tanzania,africa
1957,837,44.88,9115790,Tanzania,africa
1958,823,44.99,9367594,Tanzania,africa
1959,842,45.15,9629264,Tanzania,africa
1960,851,45.32,9901419,Tanzania,africa
1961,827,45.48,10187886,Tanzania,africa
1962,889,45.71,10487756,Tanzania,africa
1963,928,45.92,10799528,Tanzania,africa
1964,960,46.14,11127826,Tanzania,africa
1965,977,46.43,11470728,Tanzania,africa
1966,1082,46.93,11827459,Tanzania,africa
1967,1105,47.33,12200109,Tanzania,africa
1968,1141,48.11,12602076,Tanzania,africa
1969,1140,48.77,13036700,Tanzania,africa
1970,1181,49.43,13492677,Tanzania,africa
1971,1207,50.13,13971451,Tanzania,africa
1972,1261,50.84,14479308,Tanzania,africa
1973,1274,51.51,15010101,Tanzania,africa
1974,1277,52.13,15561630,Tanzania,africa
1975,1316,52.76,16138361,Tanzania,africa
1976,1386,53.4,16736211,Tanzania,africa
1977,1396,53.94,17352929,Tanzania,africa
1978,1410,54.44,17976566,Tanzania,africa
1979,1401,55.04,18592038,Tanzania,africa
1980,1387,55.4,19189769,Tanzania,africa
1981,1346,55.72,19784703,Tanzania,africa
1982,1337,55.97,20398571,Tanzania,africa
1983,1305,56.27,21079874,Tanzania,africa
1984,1310,56.45,21779066,Tanzania,africa
1985,1281,56.61,22501693,Tanzania,africa
1986,1296,56.56,23258959,Tanzania,africa
1987,1330,56.44,24030378,Tanzania,africa
1988,1355,56.2,24769686,Tanzania,africa
1989,1372,55.79,25438759,Tanzania,africa
1990,1392,55.26,26110207,Tanzania,africa
1991,1375,54.75,26780436,Tanzania,africa
1992,1336,54.13,27457588,Tanzania,africa
1993,1308,53.7,28332692,Tanzania,africa
1994,1286,53.22,29442356,Tanzania,africa
1995,1294,52.91,30383497,Tanzania,africa
1996,1318,52.71,30945762,Tanzania,africa
1997,1331,52.61,31578089,Tanzania,africa
1998,1349,52.65,32420458,Tanzania,africa
1999,1382,52.98,33300330,Tanzania,africa
2000,1409,53.44,34260139,Tanzania,africa
2001,1457,54.03,35198299,Tanzania,africa
2002,1518,54.65,36121304,Tanzania,africa
2003,1575,55.31,37089555,Tanzania,africa
2004,1646,55.91,38109668,Tanzania,africa
2005,1720,56.53,39182076,Tanzania,africa
2006,1781,57.34,40294902,Tanzania,africa
2007,1849,58.53,41435512,Tanzania,africa
2008,1899,59.6,42570728,Tanzania,africa
2009,1943,60.34,43633982,Tanzania,africa
2010,2007,61.06,44758488,Tanzania,africa
2011,2098,61.72,46029367,Tanzania,africa
2012,2129,62.67,47374260,Tanzania,africa
2013,2206,63.72,48824128,Tanzania,africa
2014,2285,64.51,50351512,Tanzania,africa
2015,2354,65.07,52020962,Tanzania,africa
2016,2442,65.53,53824013,Tanzania,africa
2017,2531,66.02,55652890,Tanzania,africa
2018,2590,66.67,57437145,Tanzania,africa
2019,2661,67.2,59174891,Tanzania,africa
2020,2708,67.25,60972798,Tanzania,africa
1950,1514,53.82,20428402,Thailand,asia
1951,1573,54.45,20965182,Thailand,asia
1952,1610,55.63,21527582,Thailand,asia
1953,1732,56.92,22109323,Thailand,asia
1954,1663,57.69,22713338,Thailand,asia
1955,1751,58.28,23343181,Thailand,asia
1956,1723,58.64,23997265,Thailand,asia
1957,1687,59.11,24674830,Thailand,asia
1958,1694,59.69,25367005,Thailand,asia
1959,1838,60.23,26088013,Thailand,asia
1960,1997,60.87,26851747,Thailand,asia
1961,2026,61.79,27650334,Thailand,asia
1962,2104,61.88,28481040,Thailand,asia
1963,2194,61.91,29342322,Thailand,asia
1964,2261,62.37,30232141,Thailand,asia
1965,2354,62.85,31149337,Thailand,asia
1966,2526,63.05,32086071,Thailand,asia
1967,2643,63.14,33037801,Thailand,asia
1968,2759,63.4,34002560,Thailand,asia
1969,2875,63.54,34973782,Thailand,asia
1970,2958,64.15,35954408,Thailand,asia
1971,2994,64.37,36937387,Thailand,asia
1972,3015,64.21,37933929,Thailand,asia
1973,3212,64.37,38947787,Thailand,asia
1974,3254,64.76,39952891,Thailand,asia
1975,3317,65.49,40940005,Thailand,asia
1976,3518,66.63,41896504,Thailand,asia
1977,3760,66.49,42843974,Thailand,asia
1978,4023,66.78,43788976,Thailand,asia
1979,4119,66.41,44718434,Thailand,asia
1980,4187,66.5,45650022,Thailand,asia
1981,4323,66.91,46575855,Thailand,asia
1982,4442,67.32,47494577,Thailand,asia
1983,4577,67.94,48423309,Thailand,asia
1984,4729,69.27,49351708,Thailand,asia
1985,4838,70.03,50270753,Thailand,asia
1986,4995,70.71,51177834,Thailand,asia
1987,5354,70.84,52074105,Thailand,asia
1988,5937,71.16,52969595,Thailand,asia
1989,6522,71.12,53848956,Thailand,asia
1990,7102,71.29,54738329,Thailand,asia
1991,7619,71.24,55637434,Thailand,asia
1992,8153,71.29,56528834,Thailand,asia
1993,8746,71.2,57408198,Thailand,asia
1994,9359,70.94,58260854,Thailand,asia
1995,10018,70.72,59098232,Thailand,asia
1996,10467,70.6,59920064,Thailand,asia
1997,10059,71.67,60724584,Thailand,asia
1998,9180,71.77,61522630,Thailand,asia
1999,9490,71.38,62299043,Thailand,asia
2000,9810,71.81,63007815,Thailand,asia
2001,10054,72.83,63651141,Thailand,asia
2002,10584,73.08,64266437,Thailand,asia
2003,11260,73.59,64868166,Thailand,asia
2004,11886,73.73,65452047,Thailand,asia
2005,12304,74.75,66017420,Thailand,asia
2006,12838,75.42,66567687,Thailand,asia
2007,13460,76.03,67102394,Thailand,asia
2008,13621,76.48,67619830,Thailand,asia
2009,13459,76.86,68121080,Thailand,asia
2010,14399,77.0,68579447,Thailand,asia
2011,14450,77.36,69007208,Thailand,asia
2012,15425,77.73,69436098,Thailand,asia
2013,15767,78.03,69845114,Thailand,asia
2014,15854,78.13,70216367,Thailand,asia
2015,16285,78.19,70540795,Thailand,asia
2016,16782,78.05,70859841,Thailand,asia
2017,17423,78.22,71160187,Thailand,asia
2018,18096,78.29,71376079,Thailand,asia
2019,18453,78.42,71522271,Thailand,asia
2020,17267,78.45,71641484,Thailand,asia
1950,797,42.47,414762,Timor-Leste,asia
1951,799,42.74,418260,Timor-Leste,asia
1952,800,43.07,422422,Timor-Leste,asia
1953,803,43.35,426988,Timor-Leste,asia
1954,804,43.66,431907,Timor-Leste,asia
1955,805,44.0,437150,Timor-Leste,asia
1956,807,44.31,442699,Timor-Leste,asia
1957,808,44.61,448561,Timor-Leste,asia
1958,811,44.9,454748,Timor-Leste,asia
1959,812,45.2,461269,Timor-Leste,asia
1960,814,45.69,468118,Timor-Leste,asia
1961,852,46.07,475291,Timor-Leste,asia
1962,891,46.45,482774,Timor-Leste,asia
1963,929,46.77,490564,Timor-Leste,asia
1964,968,47.13,498659,Timor-Leste,asia
1965,1006,47.83,507034,Timor-Leste,asia
1966,1046,48.44,515696,Timor-Leste,asia
1967,1085,49.11,524648,Timor-Leste,asia
1968,1125,49.58,533875,Timor-Leste,asia
1969,1164,50.05,543356,Timor-Leste,asia
1970,1202,50.48,553069,Timor-Leste,asia
1971,1228,51.0,562966,Timor-Leste,asia
1972,1251,51.5,572962,Timor-Leste,asia
1973,1274,52.12,582855,Timor-Leste,asia
1974,1325,52.75,590827,Timor-Leste,asia
1975,1376,47.22,598158,Timor-Leste,asia
1976,1427,49.33,607620,Timor-Leste,asia
1977,1479,49.66,618315,Timor-Leste,asia
1978,1533,49.26,628775,Timor-Leste,asia
1979,1587,48.79,638719,Timor-Leste,asia
1980,1641,51.99,649871,Timor-Leste,asia
1981,1696,53.9,660493,Timor-Leste,asia
1982,1753,54.88,669149,Timor-Leste,asia
1983,1809,55.57,677707,Timor-Leste,asia
1984,1864,56.89,686777,Timor-Leste,asia
1985,1921,57.77,696665,Timor-Leste,asia
1986,1979,58.52,707185,Timor-Leste,asia
1987,2037,59.43,718476,Timor-Leste,asia
1988,2094,59.86,730745,Timor-Leste,asia
1989,2153,60.16,744856,Timor-Leste,asia
1990,2210,60.93,760345,Timor-Leste,asia
1991,2331,60.95,778278,Timor-Leste,asia
1992,2442,61.55,799318,Timor-Leste,asia
1993,2558,61.74,821437,Timor-Leste,asia
1994,2696,62.4,844493,Timor-Leste,asia
1995,2867,62.61,868146,Timor-Leste,asia
1996,3132,64.17,892282,Timor-Leste,asia
1997,3257,63.42,917184,Timor-Leste,asia
1998,3190,63.81,942530,Timor-Leste,asia
1999,2040,58.52,834697,Timor-Leste,asia
2000,2328,65.46,745088,Timor-Leste,asia
2001,2658,65.82,812249,Timor-Leste,asia
2002,2422,66.12,879159,Timor-Leste,asia
2003,2308,66.49,916878,Timor-Leste,asia
2004,2258,67.11,929074,Timor-Leste,asia
2005,2272,67.7,948311,Timor-Leste,asia
2006,2132,68.39,976597,Timor-Leste,asia
2007,2306,69.0,1004889,Timor-Leste,asia
2008,2522,69.54,1032429,Timor-Leste,asia
2009,2729,69.81,1058782,Timor-Leste,asia
2010,2931,70.0,1084679,Timor-Leste,asia
2011,3051,70.17,1110207,Timor-Leste,asia
2012,3143,70.32,1134885,Timor-Leste,asia
2013,3183,70.37,1158695,Timor-Leste,asia
2014,3267,70.3,1181903,Timor-Leste,asia
2015,3295,70.31,1205131,Timor-Leste,asia
2016,3343,70.36,1228312,Timor-Leste,asia
2017,3177,70.45,1251703,Timor-Leste,asia
2018,3094,70.51,1275959,Timor-Leste,asia
2019,3627,70.6,1300945,Timor-Leste,asia
2020,3958,70.72,1326053,Timor-Leste,asia
1950,1011,44.77,1399600,Togo,africa
1951,1029,45.01,1424397,Togo,africa
1952,1045,45.18,1449924,Togo,africa
1953,1061,45.35,1476071,Togo,africa
1954,1079,45.65,1502761,Togo,africa
1955,1093,45.94,1529946,Togo,africa
1956,1110,46.18,1557636,Togo,africa
1957,1126,46.45,1585878,Togo,africa
1958,1142,46.55,1614635,Togo,africa
1959,1157,46.7,1643757,Togo,africa
1960,1230,46.95,1673110,Togo,africa
1961,1291,47.25,1702717,Togo,africa
1962,1316,47.54,1732959,Togo,africa
1963,1356,47.86,1765072,Togo,africa
1964,1523,48.28,1803440,Togo,africa
1965,1698,48.58,1853771,Togo,africa
1966,1819,49.28,1918513,Togo,africa
1967,1883,49.85,1995890,Togo,africa
1968,1939,50.37,2080226,Togo,africa
1969,2107,50.94,2164814,Togo,africa
1970,2026,51.42,2244773,Togo,africa
1971,2124,51.91,2317976,Togo,africa
1972,2150,52.4,2384994,Togo,africa
1973,2014,52.81,2448749,Togo,africa
1974,2054,53.3,2511760,Togo,africa
1975,1995,53.7,2574622,Togo,africa
1976,1942,54.06,2637796,Togo,africa
1977,2003,54.44,2701894,Togo,africa
1978,2155,54.87,2768148,Togo,africa
1979,2231,55.35,2839854,Togo,africa
1980,2078,55.77,2920894,Togo,africa
1981,1892,56.11,3013043,Togo,africa
1982,1770,56.4,3115042,Togo,africa
1983,1630,56.64,3222899,Togo,africa
1984,1677,56.86,3332837,Togo,africa
1985,1689,57.11,3441091,Togo,africa
1986,1694,57.32,3547952,Togo,africa
1987,1605,57.35,3657508,Togo,africa
1988,1717,57.61,3769742,Togo,africa
1989,1737,57.75,3883411,Togo,africa
1990,1787,57.98,3998761,Togo,africa
1991,1734,58.03,4115560,Togo,africa
1992,1630,58.1,4233617,Togo,africa
1993,1355,57.93,4207453,Togo,africa
1994,1524,57.72,4222940,Togo,africa
1995,1602,57.55,4410832,Togo,africa
1996,1695,57.22,4577860,Togo,africa
1997,1879,56.73,4725030,Togo,africa
1998,1778,56.57,4860913,Togo,africa
1999,1765,56.54,5000269,Togo,africa
2000,1700,56.38,5140037,Togo,africa
2001,1668,56.29,5277382,Togo,africa
2002,1687,56.29,5413274,Togo,africa
2003,1755,56.39,5552167,Togo,africa
2004,1694,56.73,5696508,Togo,africa
2005,1574,56.91,5844631,Togo,africa
2006,1573,57.53,6010668,Togo,africa
2007,1513,57.75,6188344,Togo,africa
2008,1532,58.11,6368812,Togo,africa
2009,1574,58.73,6551865,Togo,africa
2010,1626,59.5,6732590,Togo,africa
2011,1684,60.23,6916474,Togo,africa
2012,1747,60.81,7100736,Togo,africa
2013,1805,61.33,7285442,Togo,africa
2014,1863,61.82,7472450,Togo,africa
2015,1920,62.38,7663195,Togo,africa
2016,1977,63.04,7858289,Togo,africa
2017,2012,63.76,8057140,Togo,africa
2018,2061,64.45,8258778,Togo,africa
2019,2122,65.03,8463068,Togo,africa
2020,2107,65.16,8669720,Togo,africa
1950,1565,61.47,49660,Tonga,asia
1951,1583,61.75,50951,Tonga,asia
1952,1600,62.04,52358,Tonga,asia
1953,1617,62.34,53881,Tonga,asia
1954,1635,62.65,55516,Tonga,asia
1955,1653,62.96,57257,Tonga,asia
1956,1671,63.26,59099,Tonga,asia
1957,1689,63.56,60880,Tonga,asia
1958,1708,63.89,62586,Tonga,asia
1959,1726,64.24,64350,Tonga,asia
1960,1746,64.58,66170,Tonga,asia
1961,1761,64.84,68037,Tonga,asia
1962,1776,65.2,69940,Tonga,asia
1963,1791,65.4,71885,Tonga,asia
1964,1806,65.55,73879,Tonga,asia
1965,1822,65.71,75924,Tonga,asia
1966,1838,65.91,78002,Tonga,asia
1967,1853,66.03,79814,Tonga,asia
1968,1869,66.16,81353,Tonga,asia
1969,1884,66.36,82885,Tonga,asia
1970,1901,66.54,84401,Tonga,asia
1971,1916,66.71,85896,Tonga,asia
1972,1933,66.88,87356,Tonga,asia
1973,1949,66.94,88805,Tonga,asia
1974,2027,67.24,90683,Tonga,asia
1975,2087,67.43,93017,Tonga,asia
1976,2094,67.6,95325,Tonga,asia
1977,2168,67.73,96725,Tonga,asia
1978,2173,67.94,97204,Tonga,asia
1979,2183,68.12,97544,Tonga,asia
1980,2510,68.37,97769,Tonga,asia
1981,2861,68.6,97909,Tonga,asia
1982,3303,68.68,97980,Tonga,asia
1983,3526,69.26,97998,Tonga,asia
1984,3615,69.6,97990,Tonga,asia
1985,3864,69.91,97984,Tonga,asia
1986,3937,70.2,98010,Tonga,asia
1987,4029,70.46,98376,Tonga,asia
1988,3914,70.66,98969,Tonga,asia
1989,3887,70.83,99403,Tonga,asia
1990,3765,70.95,99700,Tonga,asia
1991,4000,71.14,99895,Tonga,asia
1992,4003,71.37,100022,Tonga,asia
1993,4146,71.34,100103,Tonga,asia
1994,4343,71.34,100166,Tonga,asia
1995,4652,71.56,100225,Tonga,asia
1996,4722,71.58,100275,Tonga,asia
1997,4762,71.41,100674,Tonga,asia
1998,4858,70.97,101388,Tonga,asia
1999,5016,70.6,102046,Tonga,asia
2000,5034,70.73,102677,Tonga,asia
2001,5196,70.98,103288,Tonga,asia
2002,5418,71.03,103874,Tonga,asia
2003,5511,71.06,104464,Tonga,asia
2004,5345,71.37,105071,Tonga,asia
2005,5312,72.02,105671,Tonga,asia
2006,5262,72.14,106253,Tonga,asia
2007,5232,72.13,106726,Tonga,asia
2008,5438,72.12,107020,Tonga,asia
2009,5130,69.96,107203,Tonga,asia
2010,5167,72.21,107400,Tonga,asia
2011,5542,72.3,107570,Tonga,asia
2012,5632,72.38,107460,Tonga,asia
2013,5703,72.45,107078,Tonga,asia
2014,5861,72.49,106609,Tonga,asia
2015,5944,72.59,106095,Tonga,asia
2016,6312,72.67,105524,Tonga,asia
2017,6467,72.77,105356,Tonga,asia
2018,6411,72.87,105567,Tonga,asia
2019,6378,72.98,105669,Tonga,asia
2020,6428,73.03,105704,Tonga,asia
1950,6807,57.36,648774,Trinidad and Tobago,americas
1951,7215,57.56,665730,Trinidad and Tobago,americas
1952,7302,58.63,683432,Trinidad and Tobago,americas
1953,7327,59.87,701860,Trinidad and Tobago,americas
1954,7253,60.92,721155,Trinidad and Tobago,americas
1955,7998,60.89,741234,Trinidad and Tobago,americas
1956,9374,61.97,761687,Trinidad and Tobago,americas
1957,9902,61.97,782501,Trinidad and Tobago,americas
1958,10393,62.72,803839,Trinidad and Tobago,americas
1959,10641,62.84,825018,Trinidad and Tobago,americas
1960,11583,64.32,844943,Trinidad and Tobago,americas
1961,11653,64.3,863144,Trinidad and Tobago,americas
1962,11760,64.75,880194,Trinidad and Tobago,americas
1963,11968,65.05,896804,Trinidad and Tobago,americas
1964,11954,64.87,912963,Trinidad and Tobago,americas
1965,12189,65.13,928425,Trinidad and Tobago,americas
1966,12371,65.79,942937,Trinidad and Tobago,americas
1967,12355,65.59,956418,Trinidad and Tobago,americas
1968,12774,65.5,969006,Trinidad and Tobago,americas
1969,12941,65.3,980706,Trinidad and Tobago,americas
1970,13313,65.35,991471,Trinidad and Tobago,americas
1971,13161,65.46,1002585,Trinidad and Tobago,americas
1972,13522,65.52,1014921,Trinidad and Tobago,americas
1973,13405,65.32,1027851,Trinidad and Tobago,americas
1974,13757,66.58,1040761,Trinidad and Tobago,americas
1975,13639,66.78,1053469,Trinidad and Tobago,americas
1976,14495,66.23,1066311,Trinidad and Tobago,americas
1977,14911,66.47,1079554,Trinidad and Tobago,americas
1978,16122,67.78,1093380,Trinidad and Tobago,americas
1979,16315,67.84,1107639,Trinidad and Tobago,americas
1980,17045,67.64,1121744,Trinidad and Tobago,americas
1981,17228,68.27,1135132,Trinidad and Tobago,americas
1982,15652,67.71,1147927,Trinidad and Tobago,americas
1983,13907,68.46,1160534,Trinidad and Tobago,americas
1984,14214,68.19,1172984,Trinidad and Tobago,americas
1985,13154,68.31,1187366,Trinidad and Tobago,americas
1986,12286,69.02,1203124,Trinidad and Tobago,americas
1987,11333,68.94,1217364,Trinidad and Tobago,americas
1988,10566,69.04,1230069,Trinidad and Tobago,americas
1989,10188,69.07,1241600,Trinidad and Tobago,americas
1990,10081,69.6,1252208,Trinidad and Tobago,americas
1991,10327,69.86,1262171,Trinidad and Tobago,americas
1992,11300,69.73,1271674,Trinidad and Tobago,americas
1993,11162,69.38,1280466,Trinidad and Tobago,americas
1994,11505,69.21,1288341,Trinidad and Tobago,americas
1995,11899,69.82,1295169,Trinidad and Tobago,americas
1996,12714,69.52,1300928,Trinidad and Tobago,americas
1997,13645,70.23,1305836,Trinidad and Tobago,americas
1998,14732,69.89,1310225,Trinidad and Tobago,americas
1999,15886,69.78,1314708,Trinidad and Tobago,americas
2000,16940,70.47,1319774,Trinidad and Tobago,americas
2001,17584,70.59,1325567,Trinidad and Tobago,americas
2002,18896,71.18,1332011,Trinidad and Tobago,americas
2003,21518,71.11,1338709,Trinidad and Tobago,americas
2004,23111,71.59,1345380,Trinidad and Tobago,americas
2005,24425,71.93,1352034,Trinidad and Tobago,americas
2006,27522,72.53,1358698,Trinidad and Tobago,americas
2007,28701,72.76,1365377,Trinidad and Tobago,americas
2008,29539,72.4,1372084,Trinidad and Tobago,americas
2009,28103,73.23,1379056,Trinidad and Tobago,americas
2010,28879,73.73,1386654,Trinidad and Tobago,americas
2011,28621,74.45,1394983,Trinidad and Tobago,americas
2012,28798,75.09,1403809,Trinidad and Tobago,americas
2013,29247,74.94,1412653,Trinidad and Tobago,americas
2014,28797,74.9,1421131,Trinidad and Tobago,americas
2015,29053,74.92,1429188,Trinidad and Tobago,americas
2016,27282,74.78,1437026,Trinidad and Tobago,americas
2017,26343,74.8,1445261,Trinidad and Tobago,americas
2018,26250,74.84,1470518,Trinidad and Tobago,americas
2019,25828,74.88,1484894,Trinidad and Tobago,americas
2020,23846,74.82,1481024,Trinidad and Tobago,americas
1950,2066,43.82,3608985,Tunisia,africa
1951,2049,44.04,3682100,Tunisia,africa
1952,2261,44.56,3758185,Tunisia,africa
1953,2305,44.8,3837399,Tunisia,africa
1954,2314,44.95,3919525,Tunisia,africa
1955,2156,45.79,4005129,Tunisia,africa
1956,2266,46.36,4082601,Tunisia,africa
1957,2147,46.97,4136606,Tunisia,africa
1958,2392,47.7,4177717,Tunisia,africa
1959,2255,48.53,4220905,Tunisia,africa
1960,2489,49.35,4267288,Tunisia,africa
1961,2655,50.03,4316278,Tunisia,africa
1962,2544,50.71,4369136,Tunisia,africa
1963,2865,51.44,4427131,Tunisia,africa
1964,2920,52.11,4489869,Tunisia,africa
1965,3031,52.93,4561385,Tunisia,africa
1966,3026,53.6,4652287,Tunisia,africa
1967,2930,54.3,4760970,Tunisia,africa
1968,3162,54.82,4879899,Tunisia,africa
1969,3200,55.28,5004697,Tunisia,africa
1970,3315,56.52,5131396,Tunisia,africa
1971,3589,57.47,5261658,Tunisia,africa
1972,4132,58.69,5396557,Tunisia,africa
1973,4004,59.65,5537242,Tunisia,africa
1974,4216,60.85,5684674,Tunisia,africa
1975,4392,61.99,5839262,Tunisia,africa
1976,4602,63.17,5996994,Tunisia,africa
1977,4634,64.32,6155931,Tunisia,africa
1978,4817,65.27,6309390,Tunisia,africa
1979,5004,65.73,6456419,Tunisia,africa
1980,5229,66.25,6606195,Tunisia,africa
1981,5370,67.04,6758284,Tunisia,africa
1982,5229,67.81,6908642,Tunisia,africa
1983,5363,68.63,7053800,Tunisia,africa
1984,5402,69.4,7220044,Tunisia,africa
1985,5554,70.18,7409903,Tunisia,africa
1986,5324,70.55,7600301,Tunisia,africa
1987,5534,71.18,7789987,Tunisia,africa
1988,5409,71.68,7974440,Tunisia,africa
1989,5488,72.1,8151660,Tunisia,africa
1990,5796,72.25,8324509,Tunisia,africa
1991,5889,72.28,8501827,Tunisia,africa
1992,6212,72.48,8682512,Tunisia,africa
1993,6217,72.65,8857910,Tunisia,africa
1994,6291,73.04,9018448,Tunisia,africa
1995,6328,73.02,9161258,Tunisia,africa
1996,6676,73.34,9294432,Tunisia,africa
1997,6944,73.54,9421270,Tunisia,africa
1998,7188,73.77,9541667,Tunisia,africa
1999,7541,74.05,9655963,Tunisia,africa
2000,7819,74.28,9764935,Tunisia,africa
2001,8045,74.5,9869677,Tunisia,africa
2002,8088,74.71,9971515,Tunisia,africa
2003,8405,74.86,10071632,Tunisia,africa
2004,8861,75.14,10166163,Tunisia,africa
2005,9093,75.36,10255472,Tunisia,africa
2006,9481,75.55,10346410,Tunisia,africa
2007,10016,75.73,10441702,Tunisia,africa
2008,10330,75.9,10542635,Tunisia,africa
2009,10532,76.02,10650681,Tunisia,africa
2010,10790,76.15,10765980,Tunisia,africa
2011,10505,76.23,10886035,Tunisia,africa
2012,10810,76.55,11009647,Tunisia,africa
2013,10935,76.69,11141361,Tunisia,africa
2014,11119,76.85,11274288,Tunisia,africa
2015,11113,77.0,11402264,Tunisia,africa
2016,11114,77.17,11528674,Tunisia,africa
2017,11234,77.32,11650498,Tunisia,africa
2018,11385,77.48,11765514,Tunisia,africa
2019,11417,77.71,11875081,Tunisia,africa
2020,10246,76.97,11974057,Tunisia,africa
1950,2417,44.95,21021140,Turkey,europe
1951,2672,45.58,21643880,Turkey,europe
1952,2932,46.24,22290092,Turkey,europe
1953,3191,47.31,22958548,Turkey,europe
1954,3033,46.95,23636109,Turkey,europe
1955,3201,47.32,24310511,Turkey,europe
1956,3228,47.68,25057602,Turkey,europe
1957,3394,47.9,25880914,Turkey,europe
1958,3456,48.4,26704962,Turkey,europe
1959,3522,48.93,27526341,Turkey,europe
1960,3535,49.53,28329898,Turkey,europe
1961,3544,50.33,29119238,Turkey,europe
1962,3716,51.0,29916147,Turkey,europe
1963,4025,51.87,30726841,Turkey,europe
1964,4154,52.64,31543072,Turkey,europe
1965,4223,53.39,32345220,Turkey,europe
1966,4679,54.12,33177672,Turkey,europe
1967,4847,54.98,34050421,Turkey,europe
1968,5127,55.7,34921684,Turkey,europe
1969,5351,56.43,35787774,Turkey,europe
1970,5560,57.13,36638465,Turkey,europe
1971,6008,57.94,37518611,Turkey,europe
1972,6331,58.7,38430221,Turkey,europe
1973,6538,59.36,39329533,Turkey,europe
1974,6985,60.11,40210234,Turkey,europe
1975,7520,60.74,41053126,Turkey,europe
1976,8097,61.39,41899984,Turkey,europe
1977,8374,62.3,42773298,Turkey,europe
1978,8544,63.04,43645306,Turkey,europe
1979,8411,63.43,44510429,Turkey,europe
1980,8291,64.06,45408815,Turkey,europe
1981,8533,64.63,46321190,Turkey,europe
1982,8845,65.23,47322096,Turkey,europe
1983,9061,65.73,48447410,Turkey,europe
1984,9474,66.1,49574069,Turkey,europe
1985,9857,66.65,50687115,Turkey,europe
1986,10449,67.17,51777772,Turkey,europe
1987,11263,67.61,52843670,Turkey,europe
1988,11605,68.05,53909626,Turkey,europe
1989,11647,68.29,54976723,Turkey,europe
1990,12629,68.75,56015628,Turkey,europe
1991,12507,69.27,57009887,Turkey,europe
1992,12923,69.63,57990118,Turkey,europe
1993,13690,70.14,58999167,Turkey,europe
1994,12844,70.37,60033836,Turkey,europe
1995,13638,70.85,61024503,Turkey,europe
1996,14413,71.53,61951134,Turkey,europe
1997,15262,72.05,62852966,Turkey,europe
1998,15385,72.68,63734383,Turkey,europe
1999,14654,72.85,64591923,Turkey,europe
2000,15434,74.73,65425961,Turkey,europe
2001,14330,75.02,66245128,Turkey,europe
2002,15031,75.22,67048795,Turkey,europe
2003,15670,75.69,67831730,Turkey,europe
2004,16969,76.26,68592617,Turkey,europe
2005,18252,76.81,69329557,Turkey,europe
2006,19278,76.97,70045349,Turkey,europe
2007,20010,77.06,70750586,Turkey,europe
2008,19933,77.03,71562338,Turkey,europe
2009,18732,76.76,72464848,Turkey,europe
2010,20028,76.72,73346769,Turkey,europe
2011,21932,76.85,74215203,Turkey,europe
2012,22611,77.04,75197198,Turkey,europe
2013,24118,77.04,76403031,Turkey,europe
2014,24882,77.09,78036154,Turkey,europe
2015,25959,77.36,80014226,Turkey,europe
2016,26385,77.5,81652088,Turkey,europe
2017,27914,77.81,83083662,Turkey,europe
2018,28318,78.12,84415969,Turkey,europe
2019,28197,78.4,85357672,Turkey,europe
2020,28545,77.79,86091692,Turkey,europe
1950,5230,48.35,1269180,Turkmenistan,asia
1951,5109,48.75,1294075,Turkmenistan,asia
1952,5289,49.37,1320535,Turkmenistan,asia
1953,5365,50.0,1349677,Turkmenistan,asia
1954,5471,50.67,1382360,Turkmenistan,asia
1955,5769,51.45,1418164,Turkmenistan,asia
1956,6141,52.33,1457206,Turkmenistan,asia
1957,6087,53.09,1499558,Turkmenistan,asia
1958,6357,53.92,1545188,Turkmenistan,asia
1959,6104,54.43,1593420,Turkmenistan,asia
1960,6487,55.14,1643457,Turkmenistan,asia
1961,6702,55.86,1695400,Turkmenistan,asia
1962,6735,56.51,1749214,Turkmenistan,asia
1963,6447,57.0,1804272,Turkmenistan,asia
1964,7141,57.64,1859997,Turkmenistan,asia
1965,7413,58.15,1915916,Turkmenistan,asia
1966,7640,58.66,1971737,Turkmenistan,asia
1967,7846,59.15,2027403,Turkmenistan,asia
1968,8173,59.65,2083069,Turkmenistan,asia
1969,8158,60.21,2139024,Turkmenistan,asia
1970,8649,60.42,2195616,Turkmenistan,asia
1971,8735,60.75,2253119,Turkmenistan,asia
1972,8640,60.95,2311430,Turkmenistan,asia
1973,9213,61.24,2370919,Turkmenistan,asia
1974,9066,61.49,2432028,Turkmenistan,asia
1975,8920,61.63,2494570,Turkmenistan,asia
1976,8777,61.93,2558521,Turkmenistan,asia
1977,8637,62.2,2623948,Turkmenistan,asia
1978,8498,62.38,2691088,Turkmenistan,asia
1979,8362,62.92,2760358,Turkmenistan,asia
1980,8228,63.57,2832203,Turkmenistan,asia
1981,8128,63.89,2907187,Turkmenistan,asia
1982,8034,64.42,2985557,Turkmenistan,asia
1983,8003,64.55,3067534,Turkmenistan,asia
1984,7750,64.69,3154079,Turkmenistan,asia
1985,7609,64.97,3247534,Turkmenistan,asia
1986,7648,65.36,3347809,Turkmenistan,asia
1987,7653,65.62,3452731,Turkmenistan,asia
1988,8173,65.64,3559363,Turkmenistan,asia
1989,7340,65.63,3662459,Turkmenistan,asia
1990,7208,65.96,3760562,Turkmenistan,asia
1991,6685,65.49,3855894,Turkmenistan,asia
1992,5523,65.58,3944689,Turkmenistan,asia
1993,5451,64.44,4032407,Turkmenistan,asia
1994,4394,64.27,4116662,Turkmenistan,asia
1995,3988,64.57,4191203,Turkmenistan,asia
1996,4176,64.21,4263819,Turkmenistan,asia
1997,3642,64.32,4336730,Turkmenistan,asia
1998,3849,64.73,4410507,Turkmenistan,asia
1999,4431,65.49,4492170,Turkmenistan,asia
2000,4622,66.35,4582677,Turkmenistan,asia
2001,4772,66.7,4675409,Turkmenistan,asia
2002,4737,66.56,4769465,Turkmenistan,asia
2003,4844,66.5,4863865,Turkmenistan,asia
2004,5034,66.17,4958093,Turkmenistan,asia
2005,5629,65.8,5052257,Turkmenistan,asia
2006,6175,66.15,5147105,Turkmenistan,asia
2007,6773,66.6,5244046,Turkmenistan,asia
2008,7665,67.3,5345029,Turkmenistan,asia
2009,8016,68.77,5451592,Turkmenistan,asia
2010,8617,69.47,5564356,Turkmenistan,asia
2011,9718,69.62,5683417,Turkmenistan,asia
2012,10604,69.85,5808546,Turkmenistan,asia
2013,11471,69.83,5939341,Turkmenistan,asia
2014,12421,69.87,6075283,Turkmenistan,asia
2015,12994,69.99,6215770,Turkmenistan,asia
2016,13563,70.25,6360041,Turkmenistan,asia
2017,14205,70.52,6507061,Turkmenistan,asia
2018,14845,70.6,6655524,Turkmenistan,asia
2019,15538,70.81,6803944,Turkmenistan,asia
2020,14775,70.88,6949912,Turkmenistan,asia
1950,1606,46.99,4765,Tuvalu,asia
1951,1622,47.3,4926,Tuvalu,asia
1952,1638,47.75,5050,Tuvalu,asia
1953,1654,48.18,5175,Tuvalu,asia
1954,1670,48.66,5269,Tuvalu,asia
1955,1687,49.14,5335,Tuvalu,asia
1956,1704,49.6,5389,Tuvalu,asia
1957,1720,50.05,5439,Tuvalu,asia
1958,1737,50.51,5497,Tuvalu,asia
1959,1754,50.98,5553,Tuvalu,asia
1960,1771,51.44,5598,Tuvalu,asia
1961,1787,51.9,5648,Tuvalu,asia
1962,1802,52.33,5699,Tuvalu,asia
1963,1819,52.76,5751,Tuvalu,asia
1964,1835,53.16,5752,Tuvalu,asia
1965,1852,53.56,5715,Tuvalu,asia
1966,1868,53.97,5686,Tuvalu,asia
1967,1884,54.35,5652,Tuvalu,asia
1968,1901,54.73,5624,Tuvalu,asia
1969,1918,55.12,5631,Tuvalu,asia
1970,1934,55.51,5663,Tuvalu,asia
1971,1956,55.83,5685,Tuvalu,asia
1972,1954,54.25,5692,Tuvalu,asia
1973,2589,56.36,5681,Tuvalu,asia
1974,2955,56.58,5822,Tuvalu,asia
1975,2927,56.79,6117,Tuvalu,asia
1976,2910,57.0,6404,Tuvalu,asia
1977,2954,57.19,6686,Tuvalu,asia
1978,3092,57.37,6957,Tuvalu,asia
1979,3126,57.58,7184,Tuvalu,asia
1980,2867,57.76,7366,Tuvalu,asia
1981,2630,57.97,7526,Tuvalu,asia
1982,2090,58.08,7664,Tuvalu,asia
1983,2050,58.27,7789,Tuvalu,asia
1984,2164,58.53,7902,Tuvalu,asia
1985,2086,58.74,8046,Tuvalu,asia
1986,2038,59.1,8217,Tuvalu,asia
1987,2198,59.46,8371,Tuvalu,asia
1988,2383,59.93,8518,Tuvalu,asia
1989,2296,60.34,8662,Tuvalu,asia
1990,2611,60.81,8798,Tuvalu,asia
1991,2674,61.28,8928,Tuvalu,asia
1992,2719,61.71,9038,Tuvalu,asia
1993,2805,62.1,9126,Tuvalu,asia
1994,3072,62.65,9207,Tuvalu,asia
1995,2906,62.87,9280,Tuvalu,asia
1996,2727,63.09,9342,Tuvalu,asia
1997,2997,63.28,9400,Tuvalu,asia
1998,3460,63.69,9451,Tuvalu,asia
1999,3401,64.02,9496,Tuvalu,asia
2000,3351,61.5,9544,Tuvalu,asia
2001,3375,64.74,9586,Tuvalu,asia
2002,3597,65.07,9623,Tuvalu,asia
2003,3430,65.32,9695,Tuvalu,asia
2004,3334,65.54,9816,Tuvalu,asia
2005,3167,65.73,9940,Tuvalu,asia
2006,3196,65.96,10056,Tuvalu,asia
2007,3366,66.11,10182,Tuvalu,asia
2008,3601,66.3,10321,Tuvalu,asia
2009,3409,66.47,10461,Tuvalu,asia
2010,3282,66.6,10614,Tuvalu,asia
2011,3493,66.76,10780,Tuvalu,asia
2012,3322,66.9,10934,Tuvalu,asia
2013,3441,67.05,11001,Tuvalu,asia
2014,3448,67.2,10984,Tuvalu,asia
2015,3720,67.36,10963,Tuvalu,asia
2016,3788,67.5,10930,Tuvalu,asia
2017,3897,67.65,10869,Tuvalu,asia
2018,3946,67.79,10751,Tuvalu,asia
2019,4275,67.94,10581,Tuvalu,asia
1950,1273,47.08,5750913,Uganda,africa
1951,1189,47.33,5911164,Uganda,africa
1952,1230,47.23,6077040,Uganda,africa
1953,1251,47.52,6249435,Uganda,africa
1954,1201,47.87,6428378,Uganda,africa
1955,1245,48.03,6613770,Uganda,africa
1956,1279,48.05,6805459,Uganda,africa
1957,1297,48.24,7003883,Uganda,africa
1958,1269,48.5,7209757,Uganda,africa
1959,1297,48.75,7423426,Uganda,africa
1960,1322,48.97,7640973,Uganda,africa
1961,1264,49.19,7862217,Uganda,africa
1962,1272,49.26,8092231,Uganda,africa
1963,1370,49.33,8333663,Uganda,africa
1964,1424,49.73,8586363,Uganda,africa
1965,1406,50.57,8849203,Uganda,africa
1966,1441,50.56,9122864,Uganda,africa
1967,1467,50.65,9408924,Uganda,africa
1968,1453,51.11,9708632,Uganda,africa
1969,1555,51.65,10014858,Uganda,africa
1970,1523,51.95,10321603,Uganda,africa
1971,1518,52.13,10618206,Uganda,africa
1972,1486,52.16,10885796,Uganda,africa
1973,1442,52.52,11144236,Uganda,africa
1974,1403,52.83,11424846,Uganda,africa
1975,1332,52.82,11725240,Uganda,africa
1976,1299,52.96,12037294,Uganda,africa
1977,1279,53.06,12359669,Uganda,africa
1978,1170,52.8,12692113,Uganda,africa
1979,1012,52.65,13002163,Uganda,africa
1980,949,50.84,13275741,Uganda,africa
1981,955,50.88,13556452,Uganda,africa
1982,1000,50.98,13873631,Uganda,africa
1983,1037,51.04,14221881,Uganda,africa
1984,912,50.66,14607677,Uganda,africa
1985,896,50.29,15023681,Uganda,africa
1986,862,49.63,15467579,Uganda,africa
1987,876,50.29,15954170,Uganda,africa
1988,895,49.76,16470483,Uganda,africa
1989,916,49.1,17010698,Uganda,africa
1990,914,48.51,17569897,Uganda,africa
1991,932,48.06,18155901,Uganda,africa
1992,933,47.94,18785032,Uganda,africa
1993,978,47.8,19445161,Uganda,africa
1994,1008,47.87,20108801,Uganda,africa
1995,1090,47.97,20665667,Uganda,africa
1996,1154,48.07,21231550,Uganda,africa
1997,1178,48.38,21856046,Uganda,africa
1998,1200,48.69,22515806,Uganda,africa
1999,1260,49.11,23257281,Uganda,africa
2000,1261,49.58,24000150,Uganda,africa
2001,1286,50.34,24745676,Uganda,africa
2002,1355,51.03,25532870,Uganda,africa
2003,1398,51.78,26352124,Uganda,africa
2004,1446,52.57,27154515,Uganda,africa
2005,1490,53.92,27963289,Uganda,africa
2006,1599,55.45,28794003,Uganda,africa
2007,1680,56.51,29653430,Uganda,africa
2008,1770,57.57,30539553,Uganda,africa
2009,1831,58.54,31451151,Uganda,africa
2010,1874,59.33,32390802,Uganda,africa
2011,1985,60.35,33354543,Uganda,africa
2012,1997,61.42,34337438,Uganda,africa
2013,2003,62.44,35337042,Uganda,africa
2014,2036,63.21,36395539,Uganda,africa
2015,2068,63.88,37531446,Uganda,africa
2016,2089,64.03,38799152,Uganda,africa
2017,2075,65.01,40177388,Uganda,africa
2018,2125,65.71,41565831,Uganda,africa
2019,2183,66.23,42999637,Uganda,africa
2020,2078,66.42,44457152,Uganda,africa
1950,4597,68.16,37310887,Ukraine,europe
1951,4553,68.34,37807747,Ukraine,europe
1952,4779,68.53,38306709,Ukraine,europe
1953,4916,68.72,38806087,Ukraine,europe
1954,5081,68.92,39320035,Ukraine,europe
1955,5432,69.15,39859711,Ukraine,europe
1956,5861,69.34,40419152,Ukraine,europe
1957,5889,69.51,40998772,Ukraine,europe
1958,6233,69.74,41627069,Ukraine,europe
1959,6066,69.91,42244270,Ukraine,europe
1960,6534,71.08,42824093,Ukraine,europe
1961,6851,71.13,43399766,Ukraine,europe
1962,6984,70.98,43943674,Ukraine,europe
1963,6780,71.45,44462372,Ukraine,europe
1964,7614,72.09,44951156,Ukraine,europe
1965,8010,71.7,45386892,Ukraine,europe
1966,8366,71.83,45802519,Ukraine,europe
1967,8703,71.53,46215988,Ukraine,europe
1968,9182,71.53,46614325,Ukraine,europe
1969,9280,71.17,46976256,Ukraine,europe
1970,9958,70.92,47261306,Ukraine,europe
1971,10178,71.04,47573287,Ukraine,europe
1972,10185,70.95,47946893,Ukraine,europe
1973,10987,71.1,48277121,Ukraine,europe
1974,11251,71.01,48576570,Ukraine,europe
1975,11520,70.6,48865229,Ukraine,europe
1976,11793,70.62,49120842,Ukraine,europe
1977,12071,70.26,49336481,Ukraine,europe
1978,12354,69.99,49521243,Ukraine,europe
1979,12641,69.79,49721381,Ukraine,europe
1980,12933,69.77,49955152,Ukraine,europe
1981,13440,69.76,50189281,Ukraine,europe
1982,13973,69.97,50402724,Ukraine,europe
1983,14696,70.12,50637029,Ukraine,europe
1984,15167,69.81,50887599,Ukraine,europe
1985,15196,70.31,51108770,Ukraine,europe
1986,15401,71.66,51318745,Ukraine,europe
1987,15970,71.4,51515732,Ukraine,europe
1988,16240,71.32,51724853,Ukraine,europe
1989,17057,70.96,51917817,Ukraine,europe
1990,16428,70.58,52054092,Ukraine,europe
1991,14968,69.91,52170961,Ukraine,europe
1992,13447,69.23,52323671,Ukraine,europe
1993,11531,68.62,52350126,Ukraine,europe
1994,8935,67.93,52075998,Ukraine,europe
1995,7907,66.98,51665539,Ukraine,europe
1996,7180,67.29,51226109,Ukraine,europe
1997,7028,67.88,50786885,Ukraine,europe
1998,6956,68.72,50379731,Ukraine,europe
1999,7008,68.35,49976446,Ukraine,europe
2000,7497,67.98,49556660,Ukraine,europe
2001,8243,68.24,49106855,Ukraine,europe
2002,8766,68.13,48677281,Ukraine,europe
2003,9678,68.25,48315136,Ukraine,europe
2004,10902,67.99,47979507,Ukraine,europe
2005,11320,67.81,47585556,Ukraine,europe
2006,12259,68.44,47278694,Ukraine,europe
2007,13346,68.09,47062798,Ukraine,europe
2008,13719,68.29,46819175,Ukraine,europe
2009,11694,70.05,46623731,Ukraine,europe
2010,12221,70.82,46456003,Ukraine,europe
2011,12933,71.45,46307853,Ukraine,europe
2012,12985,71.56,46210056,Ukraine,europe
2013,13021,71.77,46126770,Ukraine,europe
2014,12386,71.69,45972380,Ukraine,europe
2015,11216,72.48,45784896,Ukraine,europe
2016,11536,72.87,45616832,Ukraine,europe
2017,11861,73.82,45436041,Ukraine,europe
2018,12337,73.91,45208907,Ukraine,europe
2019,12805,73.84,44957458,Ukraine,europe
2020,12416,73.21,44680014,Ukraine,europe
1950,28492,58.41,74512,UAE,asia
1951,30961,58.5,79540,UAE,asia
1952,31956,58.6,84761,UAE,asia
1953,34127,58.72,90147,UAE,asia
1954,36844,58.8,95653,UAE,asia
1955,36471,58.86,101258,UAE,asia
1956,37757,58.75,106963,UAE,asia
1957,37581,59.27,112784,UAE,asia
1958,37748,59.59,118762,UAE,asia
1959,39701,59.7,124937,UAE,asia
1960,41567,60.34,131334,UAE,asia
1961,47688,60.81,137989,UAE,asia
1962,54844,61.26,144946,UAE,asia
1963,61709,61.62,152211,UAE,asia
1964,68562,62.12,159692,UAE,asia
1965,75212,62.59,167103,UAE,asia
1966,81539,63.04,173976,UAE,asia
1967,87369,63.38,179700,UAE,asia
1968,91984,63.77,199416,UAE,asia
1969,94128,64.2,239660,UAE,asia
1970,95661,64.04,286536,UAE,asia
1971,101720,64.89,335027,UAE,asia
1972,93916,65.11,385014,UAE,asia
1973,91506,65.39,436399,UAE,asia
1974,93876,65.66,489087,UAE,asia
1975,84648,65.99,542856,UAE,asia
1976,84217,66.31,615866,UAE,asia
1977,86068,66.64,710209,UAE,asia
1978,73904,66.95,809274,UAE,asia
1979,82213,67.31,912010,UAE,asia
1980,93818,67.62,1015700,UAE,asia
1981,89876,67.96,1099855,UAE,asia
1982,77604,68.13,1166370,UAE,asia
1983,69687,67.91,1235305,UAE,asia
1984,68794,68.4,1305996,UAE,asia
1985,63488,68.47,1377911,UAE,asia
1986,48069,68.48,1467383,UAE,asia
1987,47779,68.5,1574244,UAE,asia
1988,44300,68.53,1681788,UAE,asia
1989,46981,68.58,1789851,UAE,asia
1990,51310,68.66,1898220,UAE,asia
1991,50489,68.73,2006626,UAE,asia
1992,50538,68.78,2114730,UAE,asia
1993,50058,68.83,2222093,UAE,asia
1994,53075,68.68,2328188,UAE,asia
1995,56201,68.81,2434662,UAE,asia
1996,58594,68.91,2597564,UAE,asia
1997,62845,68.97,2817410,UAE,asia
1998,62845,69.16,3040421,UAE,asia
1999,64622,69.21,3266009,UAE,asia
2000,71642,69.11,3493575,UAE,asia
2001,72200,69.24,3723590,UAE,asia
2002,73487,69.37,3956826,UAE,asia
2003,78561,69.28,4192457,UAE,asia
2004,82503,69.07,4428967,UAE,asia
2005,80765,69.24,4664790,UAE,asia
2006,86426,69.49,5009100,UAE,asia
2007,76620,70.04,5624635,UAE,asia
2008,68798,70.4,6302664,UAE,asia
2009,58375,70.57,6707058,UAE,asia
2010,54922,70.77,6938363,UAE,asia
2011,56123,70.96,7199423,UAE,asia
2012,57389,71.15,7497118,UAE,asia
2013,59920,71.64,7831847,UAE,asia
2014,62452,73.01,8236874,UAE,asia
2015,65267,73.18,8674633,UAE,asia
2016,66511,73.36,9030873,UAE,asia
2017,67184,73.53,9234327,UAE,asia
2018,66968,73.72,9346870,UAE,asia
2019,68264,73.9,9377847,UAE,asia
2020,65604,73.95,9448524,UAE,asia
1950,12858,68.88,50121017,UK,europe
1951,13198,68.76,50346815,UK,europe
1952,13139,69.49,50496234,UK,europe
1953,13611,70.03,50727037,UK,europe
1954,14118,70.34,50958249,UK,europe
1955,14578,70.46,51176747,UK,europe
1956,14692,70.64,51400459,UK,europe
1957,14855,70.77,51655912,UK,europe
1958,14761,70.95,51935644,UK,europe
1959,15268,71.06,52226471,UK,europe
1960,16019,71.17,52538548,UK,europe
1961,16425,71.08,52884948,UK,europe
1962,16454,71.05,53272830,UK,europe
1963,16995,71.1,53652936,UK,europe
1964,17789,71.5,54009135,UK,europe
1965,18147,71.65,54359020,UK,europe
1966,18410,71.7,54676344,UK,europe
1967,18731,72.01,54973661,UK,europe
1968,19419,71.93,55240645,UK,europe
1969,19701,71.88,55456207,UK,europe
1970,20119,72.08,55663801,UK,europe
1971,20462,72.24,55890372,UK,europe
1972,21139,72.16,56079239,UK,europe
1973,22527,72.33,56188791,UK,europe
1974,22234,72.53,56224550,UK,europe
1975,22231,72.78,56220143,UK,europe
1976,22752,72.93,56201138,UK,europe
1977,23277,73.24,56175829,UK,europe
1978,24132,73.3,56175556,UK,europe
1979,24790,73.42,56218763,UK,europe
1980,24366,73.79,56282103,UK,europe
1981,24040,74.08,56304592,UK,europe
1982,24452,74.24,56292755,UK,europe
1983,25321,74.51,56332058,UK,europe
1984,25939,74.76,56451313,UK,europe
1985,26803,74.81,56606414,UK,europe
1986,27917,75.0,56751923,UK,europe
1987,29174,75.25,56886024,UK,europe
1988,30559,75.39,57026546,UK,europe
1989,31162,75.6,57182136,UK,europe
1990,31217,75.85,57367862,UK,europe
1991,30778,76.08,57555192,UK,europe
1992,30818,76.34,57719272,UK,europe
1993,31509,76.43,57861037,UK,europe
1994,32638,76.73,58003203,UK,europe
1995,33376,76.84,58154635,UK,europe
1996,34099,77.05,58298565,UK,europe
1997,35681,77.3,58447089,UK,europe
1998,36700,77.45,58626819,UK,europe
1999,37671,77.6,58838657,UK,europe
2000,38915,77.97,59057338,UK,europe
2001,39569,78.29,59288090,UK,europe
2002,40239,78.45,59540763,UK,europe
2003,41265,78.64,59820385,UK,europe
2004,41998,79.04,60169967,UK,europe
2005,42792,79.33,60596108,UK,europe
2006,43576,79.55,61051094,UK,europe
2007,44219,79.78,61535855,UK,europe
2008,43768,79.97,62027306,UK,europe
2009,41593,80.32,62506226,UK,europe
2010,42148,80.58,63006483,UK,europe
2011,42429,80.81,63509285,UK,europe
2012,42755,80.92,63960484,UK,europe
2013,43272,80.96,64389388,UK,europe
2014,44239,81.09,64865916,UK,europe
2015,45041,81.05,65382110,UK,europe
2016,45713,81.09,65893358,UK,europe
2017,46372,81.16,66354471,UK,europe
2018,46853,81.05,66752475,UK,europe
2019,47369,81.07,67110958,UK,europe
2020,42795,79.41,67351861,UK,europe
1950,17716,68.29,154202680,USA,americas
1951,18744,68.38,156481323,USA,americas
1952,19115,68.57,158794222,USA,americas
1953,19665,68.95,161168315,USA,americas
1954,19194,69.71,163636309,USA,americas
1955,20192,69.86,166200024,USA,americas
1956,20223,69.88,168824960,USA,americas
1957,20234,69.7,171499226,USA,americas
1958,19699,69.87,174215310,USA,americas
1959,20808,70.02,177145764,USA,americas
1960,20990,70.06,180274555,USA,americas
1961,21086,70.35,183489485,USA,americas
1962,21971,70.27,186724272,USA,americas
1963,22549,70.15,189825226,USA,americas
1964,23480,70.3,192819452,USA,americas
1965,24619,70.37,195653774,USA,americas
1966,25878,70.36,198265406,USA,americas
1967,26185,70.52,200699911,USA,americas
1968,27103,70.33,203011019,USA,americas
1969,27624,70.61,205300033,USA,americas
1970,27299,70.93,207796339,USA,americas
1971,27739,71.28,210426432,USA,americas
1972,28841,71.4,212842573,USA,americas
1973,30128,71.66,215006551,USA,americas
1974,29709,72.21,217076476,USA,americas
1975,29277,72.73,219129301,USA,americas
1976,30457,73.1,221168758,USA,americas
1977,31454,73.39,223259419,USA,americas
1978,32831,73.63,225396096,USA,americas
1979,33505,73.92,227575084,USA,americas
1980,33059,73.96,229858655,USA,americas
1981,33486,74.27,232201617,USA,americas
1982,32477,74.61,234583152,USA,americas
1983,33461,74.77,236986365,USA,americas
1984,35515,74.88,239353967,USA,americas
1985,36488,74.91,241690443,USA,americas
1986,37324,75.01,243953807,USA,americas
1987,38214,75.12,246161291,USA,americas
1988,39378,75.2,248393235,USA,americas
1989,40274,75.42,250675053,USA,americas
1990,40437,75.72,253373387,USA,americas
1991,39857,75.86,256471422,USA,americas
1992,40693,76.03,259606019,USA,americas
1993,41265,75.92,262633231,USA,americas
1994,42404,75.98,265474810,USA,americas
1995,43027,76.08,268205795,USA,americas
1996,44133,76.41,270860696,USA,americas
1997,45516,76.75,273468013,USA,americas
1998,47005,76.9,276119333,USA,americas
1999,48677,76.92,278785484,USA,americas
2000,50125,77.03,281484131,USA,americas
2001,50127,77.07,284279639,USA,americas
2002,50529,77.18,287084338,USA,americas
2003,51530,77.35,289908100,USA,americas
2004,52995,77.67,292786253,USA,americas
2005,54353,77.73,295716664,USA,americas
2006,55368,77.97,298730209,USA,americas
2007,55873,78.22,301844226,USA,americas
2008,55272,78.4,304970333,USA,americas
2009,53399,78.63,308023454,USA,americas
2010,54316,78.89,311062790,USA,americas
2011,54759,78.93,314105078,USA,americas
2012,55581,79.03,317115355,USA,americas
2013,56214,79.08,320110759,USA,americas
2014,57213,79.08,323115377,USA,americas
2015,58540,78.99,326126497,USA,americas
2016,59112,78.86,329179427,USA,americas
2017,60110,78.98,332204660,USA,americas
2018,61586,78.95,335056497,USA,americas
2019,62631,78.93,337790067,USA,americas
2020,60008,76.99,339436159,USA,americas
1950,8155,65.12,2234412,Uruguay,americas
1951,8774,65.93,2256418,Uruguay,americas
1952,8547,66.59,2281108,Uruguay,americas
1953,9334,67.23,2308050,Uruguay,americas
1954,9617,67.4,2336869,Uruguay,americas
1955,9504,67.46,2367034,Uruguay,americas
1956,9561,68.17,2398368,Uruguay,americas
1957,9504,67.83,2430771,Uruguay,americas
1958,9053,68.1,2463869,Uruguay,americas
1959,8660,67.51,2497145,Uruguay,americas
1960,8885,68.32,2529957,Uruguay,americas
1961,8974,68.97,2562044,Uruguay,americas
1962,8672,68.97,2593298,Uruguay,americas
1963,8594,68.83,2623766,Uruguay,americas
1964,8627,68.66,2653180,Uruguay,americas
1965,8605,68.44,2681169,Uruguay,americas
1966,8806,68.74,2707646,Uruguay,americas
1967,8341,68.03,2732277,Uruguay,americas
1968,8374,67.76,2754606,Uruguay,americas
1969,8792,67.92,2773974,Uruguay,americas
1970,9097,68.47,2790807,Uruguay,americas
1971,8964,68.45,2806462,Uruguay,americas
1972,8614,68.29,2821644,Uruguay,americas
1973,8863,68.7,2837133,Uruguay,americas
1974,9166,68.88,2853944,Uruguay,americas
1975,9575,69.31,2872320,Uruguay,americas
1976,9873,69.39,2891392,Uruguay,americas
1977,9955,69.47,2909461,Uruguay,americas
1978,10519,70.06,2925715,Uruguay,americas
1979,11026,70.5,2939903,Uruguay,americas
1980,11636,70.6,2951953,Uruguay,americas
1981,11712,71.33,2963246,Uruguay,americas
1982,10512,71.97,2975492,Uruguay,americas
1983,9796,72.02,2988778,Uruguay,americas
1984,9611,71.83,3002488,Uruguay,americas
1985,9690,72.27,3017037,Uruguay,americas
1986,10453,72.4,3032845,Uruguay,americas
1987,11157,72.55,3049896,Uruguay,americas
1988,11074,72.66,3067961,Uruguay,americas
1989,11097,73.0,3086255,Uruguay,americas
1990,11066,73.17,3104403,Uruguay,americas
1991,11377,73.41,3122354,Uruguay,americas
1992,12191,73.48,3139702,Uruguay,americas
1993,12423,73.34,3156345,Uruguay,americas
1994,13230,73.62,3172834,Uruguay,americas
1995,12945,73.68,3189440,Uruguay,americas
1996,13570,73.93,3206324,Uruguay,americas
1997,14627,74.13,3223345,Uruguay,americas
1998,15191,74.14,3239280,Uruguay,americas
1999,14820,74.36,3254015,Uruguay,americas
2000,14483,74.77,3266206,Uruguay,americas
2001,13902,75.01,3274251,Uruguay,americas
2002,12825,75.0,3278867,Uruguay,americas
2003,12937,74.97,3281186,Uruguay,americas
2004,13594,75.23,3283148,Uruguay,americas
2005,14606,75.54,3285771,Uruguay,americas
2006,15189,75.92,3289506,Uruguay,americas
2007,16151,75.69,3295153,Uruguay,americas
2008,17267,76.19,3302177,Uruguay,americas
2009,17948,76.51,3310091,Uruguay,americas
2010,19294,76.53,3318580,Uruguay,americas
2011,20232,76.42,3326825,Uruguay,americas
2012,20885,76.55,3335401,Uruguay,americas
2013,21786,76.78,3345337,Uruguay,americas
2014,22419,77.08,3356334,Uruguay,americas
2015,22426,77.14,3368017,Uruguay,americas
2016,22724,77.29,3379283,Uruguay,americas
2017,23010,77.34,3388438,Uruguay,americas
2018,23035,77.45,3394534,Uruguay,americas
2019,23033,77.53,3397206,Uruguay,americas
2020,21549,77.35,3398968,Uruguay,americas
1950,2236,56.27,6239904,Uzbekistan,asia
1951,2242,56.65,6385007,Uzbekistan,asia
1952,2383,57.11,6536524,Uzbekistan,asia
1953,2480,57.58,6698117,Uzbekistan,asia
1954,2595,58.08,6869808,Uzbekistan,asia
1955,2807,58.63,7054034,Uzbekistan,asia
1956,3064,59.23,7252039,Uzbekistan,asia
1957,3114,59.82,7463061,Uzbekistan,asia
1958,3335,60.59,7689162,Uzbekistan,asia
1959,3282,60.72,7935471,Uzbekistan,asia
1960,3576,61.07,8209109,Uzbekistan,asia
1961,3725,61.48,8517711,Uzbekistan,asia
1962,3774,61.87,8854368,Uzbekistan,asia
1963,3643,62.19,9202246,Uzbekistan,asia
1964,4066,62.61,9557611,Uzbekistan,asia
1965,4252,63.03,9921681,Uzbekistan,asia
1966,4413,63.43,10289294,Uzbekistan,asia
1967,4564,63.8,10659180,Uzbekistan,asia
1968,4788,64.17,11032155,Uzbekistan,asia
1969,4810,64.56,11403150,Uzbekistan,asia
1970,5131,64.85,11762638,Uzbekistan,asia
1971,5214,65.14,12111511,Uzbekistan,asia
1972,5187,65.31,12465106,Uzbekistan,asia
1973,5563,65.67,12831047,Uzbekistan,asia
1974,5376,65.87,13209011,Uzbekistan,asia
1975,5169,65.94,13598521,Uzbekistan,asia
1976,5187,66.21,13998620,Uzbekistan,asia
1977,5091,66.54,14408822,Uzbekistan,asia
1978,5003,66.62,14816349,Uzbekistan,asia
1979,4774,66.88,15215587,Uzbekistan,asia
1980,4582,67.47,15619936,Uzbekistan,asia
1981,4642,67.59,16035032,Uzbekistan,asia
1982,4682,67.68,16462736,Uzbekistan,asia
1983,4711,67.8,16908400,Uzbekistan,asia
1984,4381,67.98,17378846,Uzbekistan,asia
1985,4328,68.38,17875339,Uzbekistan,asia
1986,4099,69.08,18395621,Uzbekistan,asia
1987,3891,69.37,18930070,Uzbekistan,asia
1988,4041,69.3,19460630,Uzbekistan,asia
1989,3927,69.28,19977183,Uzbekistan,asia
1990,3639,69.31,20464956,Uzbekistan,asia
1991,3545,68.89,20962910,Uzbekistan,asia
1992,3075,68.18,21485090,Uzbekistan,asia
1993,2936,67.09,21987955,Uzbekistan,asia
1994,2730,66.23,22463291,Uzbekistan,asia
1995,2657,65.66,22917589,Uzbekistan,asia
1996,2651,65.24,23351981,Uzbekistan,asia
1997,2736,65.37,23758960,Uzbekistan,asia
1998,2808,65.39,24134929,Uzbekistan,asia
1999,2898,65.47,24476008,Uzbekistan,asia
2000,2968,65.11,24787054,Uzbekistan,asia
2001,3052,65.1,25090283,Uzbekistan,asia
2002,3135,64.99,25399980,Uzbekistan,asia
2003,3230,64.92,25711259,Uzbekistan,asia
2004,3431,64.81,26029350,Uzbekistan,asia
2005,3627,64.48,26356975,Uzbekistan,asia
2006,3850,65.02,26699043,Uzbekistan,asia
2007,4155,65.35,27076008,Uzbekistan,asia
2008,4458,65.72,27494774,Uzbekistan,asia
2009,4736,66.2,27939328,Uzbekistan,asia
2010,4954,66.48,28385506,Uzbekistan,asia
2011,5186,66.57,28823196,Uzbekistan,asia
2012,5473,66.69,29261903,Uzbekistan,asia
2013,5781,66.97,29724065,Uzbekistan,asia
2014,6075,67.15,30222994,Uzbekistan,asia
2015,6401,67.3,30749346,Uzbekistan,asia
2016,6664,67.56,31284568,Uzbekistan,asia
2017,6841,67.85,31819178,Uzbekistan,asia
2018,7083,68.12,32373490,Uzbekistan,asia
2019,7348,68.44,32964701,Uzbekistan,asia
2020,7343,68.37,33586372,Uzbekistan,asia
1950,1466,47.4,51541,Vanuatu,asia
1951,1485,45.03,52360,Vanuatu,asia
1952,1505,48.1,53261,Vanuatu,asia
1953,1525,48.43,54300,Vanuatu,asia
1954,1544,48.8,55422,Vanuatu,asia
1955,1565,49.16,56633,Vanuatu,asia
1956,1585,49.55,57925,Vanuatu,asia
1957,1605,49.99,59376,Vanuatu,asia
1958,1627,50.44,60981,Vanuatu,asia
1959,1647,50.83,62669,Vanuatu,asia
1960,1669,51.37,64431,Vanuatu,asia
1961,1691,51.86,66264,Vanuatu,asia
1962,1712,52.4,68174,Vanuatu,asia
1963,1734,52.9,70159,Vanuatu,asia
1964,1756,53.42,72219,Vanuatu,asia
1965,1778,53.91,74358,Vanuatu,asia
1966,1800,54.47,76590,Vanuatu,asia
1967,1823,55.02,78921,Vanuatu,asia
1968,1846,55.56,81314,Vanuatu,asia
1969,1869,56.15,83755,Vanuatu,asia
1970,1893,56.73,86266,Vanuatu,asia
1971,1916,57.25,88862,Vanuatu,asia
1972,1940,57.69,91562,Vanuatu,asia
1973,1966,58.35,94362,Vanuatu,asia
1974,2561,59.06,97260,Vanuatu,asia
1975,2368,59.66,100269,Vanuatu,asia
1976,2342,60.21,103388,Vanuatu,asia
1977,2250,60.7,106618,Vanuatu,asia
1978,2569,61.22,109963,Vanuatu,asia
1979,2594,61.72,113040,Vanuatu,asia
1980,2236,62.09,115660,Vanuatu,asia
1981,2271,62.36,118249,Vanuatu,asia
1982,2455,62.65,121035,Vanuatu,asia
1983,2911,62.84,123998,Vanuatu,asia
1984,3041,62.95,127109,Vanuatu,asia
1985,3006,62.89,130356,Vanuatu,asia
1986,2878,63.09,133720,Vanuatu,asia
1987,2825,62.4,137187,Vanuatu,asia
1988,2775,63.14,140756,Vanuatu,asia
1989,2799,62.97,144393,Vanuatu,asia
1990,2856,63.13,148063,Vanuatu,asia
1991,2865,63.16,151793,Vanuatu,asia
1992,2854,63.1,155608,Vanuatu,asia
1993,2793,63.09,159463,Vanuatu,asia
1994,2966,63.23,163314,Vanuatu,asia
1995,2923,63.26,167137,Vanuatu,asia
1996,2929,63.32,170911,Vanuatu,asia
1997,3017,62.13,174626,Vanuatu,asia
1998,3000,63.46,178313,Vanuatu,asia
1999,2956,62.96,182048,Vanuatu,asia
2000,3068,63.57,186281,Vanuatu,asia
2001,2897,63.61,191031,Vanuatu,asia
2002,2680,63.64,195863,Vanuatu,asia
2003,2724,63.69,200746,Vanuatu,asia
2004,2761,63.72,205711,Vanuatu,asia
2005,2836,63.78,210760,Vanuatu,asia
2006,3003,63.91,215923,Vanuatu,asia
2007,3018,64.03,221276,Vanuatu,asia
2008,3112,64.13,226896,Vanuatu,asia
2009,3130,64.22,232731,Vanuatu,asia
2010,3089,64.41,238248,Vanuatu,asia
2011,3101,64.5,243474,Vanuatu,asia
2012,3047,64.67,248883,Vanuatu,asia
2013,2976,64.81,254482,Vanuatu,asia
2014,2985,64.84,260240,Vanuatu,asia
2015,2916,64.96,266101,Vanuatu,asia
2016,2973,65.14,272087,Vanuatu,asia
2017,3082,65.25,278507,Vanuatu,asia
2018,3093,65.35,285259,Vanuatu,asia
2019,3137,65.45,291985,Vanuatu,asia
2020,2869,65.51,298858,Vanuatu,asia
1950,9837,58.7,5488850,Venezuela,americas
1951,10507,58.97,5732603,Venezuela,americas
1952,10821,59.55,5981380,Venezuela,americas
1953,11043,61.31,6234767,Venezuela,americas
1954,11648,61.03,6492813,Venezuela,americas
1955,12207,61.16,6755813,Venezuela,americas
1956,12945,61.58,7024319,Venezuela,americas
1957,13860,61.44,7299448,Venezuela,americas
1958,13502,62.49,7581980,Venezuela,americas
1959,14040,63.86,7869223,Venezuela,americas
1960,14084,65.17,8160090,Venezuela,americas
1961,14218,65.76,8455915,Venezuela,americas
1962,14935,66.07,8756870,Venezuela,americas
1963,15382,65.69,9064021,Venezuela,americas
1964,16296,65.48,9377712,Venezuela,americas
1965,16678,66.03,9697790,Venezuela,americas
1966,16477,66.27,10024854,Venezuela,americas
1967,16565,66.48,10358513,Venezuela,americas
1968,16879,66.46,10697530,Venezuela,americas
1969,17036,66.05,11040280,Venezuela,americas
1970,17773,66.51,11387790,Venezuela,americas
1971,17660,66.57,11741008,Venezuela,americas
1972,17594,66.37,12099180,Venezuela,americas
1973,18064,66.29,12463537,Venezuela,americas
1974,18533,67.31,12835351,Venezuela,americas
1975,19047,67.6,13215892,Venezuela,americas
1976,19964,67.79,13606284,Venezuela,americas
1977,20567,68.73,14006812,Venezuela,americas
1978,20321,69.42,14416684,Venezuela,americas
1979,19919,69.74,14834552,Venezuela,americas
1980,18913,69.66,15258218,Venezuela,americas
1981,18309,69.7,15687297,Venezuela,americas
1982,17928,70.34,16121874,Venezuela,americas
1983,16454,71.1,16562205,Venezuela,americas
1984,15806,71.31,17008841,Venezuela,americas
1985,15426,71.56,17461434,Venezuela,americas
1986,15985,72.2,17923536,Venezuela,americas
1987,16119,72.09,18394963,Venezuela,americas
1988,16632,72.49,18871020,Venezuela,americas
1989,14821,72.42,19348921,Venezuela,americas
1990,15404,72.44,19827010,Venezuela,americas
1991,16593,72.9,20304896,Venezuela,americas
1992,17322,72.88,20780948,Venezuela,americas
1993,17081,72.77,21254520,Venezuela,americas
1994,16425,72.26,21725188,Venezuela,americas
1995,16795,72.61,22193821,Venezuela,americas
1996,16520,73.31,22662113,Venezuela,americas
1997,17314,74.07,23131685,Venezuela,americas
1998,17133,73.97,23601337,Venezuela,americas
1999,15890,70.26,24066593,Venezuela,americas
2000,16266,74.17,24526708,Venezuela,americas
2001,16621,74.07,24979922,Venezuela,americas
2002,14944,73.99,25435671,Venezuela,americas
2003,13633,73.51,25892703,Venezuela,americas
2004,15941,74.64,26340838,Venezuela,americas
2005,17372,75.01,26785804,Venezuela,americas
2006,18894,74.82,27224686,Venezuela,americas
2007,20210,74.64,27649363,Venezuela,americas
2008,20946,74.4,28053696,Venezuela,americas
2009,20044,74.56,28438298,Venezuela,americas
2010,19884,75.3,28813101,Venezuela,americas
2011,20629,75.4,29185212,Venezuela,americas
2012,21562,75.23,29553826,Venezuela,americas
2013,24910,75.55,29912198,Venezuela,americas
2014,23617,75.58,30254079,Venezuela,americas
2015,21856,75.67,30573972,Venezuela,americas
2016,17691,75.62,30765720,Venezuela,americas
2017,14971,75.52,30565323,Venezuela,americas
2018,12450,75.44,29807592,Venezuela,americas
2019,8408,75.05,28938098,Venezuela,americas
2020,5858,75.1,28444077,Venezuela,americas
1950,1219,52.26,25100738,Vietnam,asia
1951,1253,52.6,25600268,Vietnam,asia
1952,1286,52.97,26143917,Vietnam,asia
1953,1319,53.3,26757964,Vietnam,asia
1954,1357,53.76,27427909,Vietnam,asia
1955,1389,56.43,28166446,Vietnam,asia
1956,1416,56.81,28922309,Vietnam,asia
1957,1436,57.2,29754428,Vietnam,asia
1958,1454,57.58,30658446,Vietnam,asia
1959,1467,57.98,31585547,Vietnam,asia
1960,1481,58.41,32531933,Vietnam,asia
1961,1498,58.73,33409059,Vietnam,asia
1962,1627,58.4,34288560,Vietnam,asia
1963,1615,58.03,35249101,Vietnam,asia
1964,1632,58.57,36201563,Vietnam,asia
1965,1593,57.42,37129656,Vietnam,asia
1966,1553,57.71,38024836,Vietnam,asia
1967,1317,57.86,38895080,Vietnam,asia
1968,1254,53.88,39734609,Vietnam,asia
1969,1320,55.98,40582096,Vietnam,asia
1970,1308,55.97,41475230,Vietnam,asia
1971,1336,56.58,42449276,Vietnam,asia
1972,1415,52.79,43429168,Vietnam,asia
1973,1470,56.14,44409861,Vietnam,asia
1974,1370,55.78,45413537,Vietnam,asia
1975,1238,62.3,46482903,Vietnam,asia
1976,1404,64.87,47684931,Vietnam,asia
1977,1414,65.28,48954872,Vietnam,asia
1978,1387,65.7,50249552,Vietnam,asia
1979,1362,65.92,51378211,Vietnam,asia
1980,1292,66.29,52490101,Vietnam,asia
1981,1303,66.56,53738141,Vietnam,asia
1982,1372,66.86,55011289,Vietnam,asia
1983,1408,67.13,56337921,Vietnam,asia
1984,1493,67.48,57706067,Vietnam,asia
1985,1540,67.77,59060622,Vietnam,asia
1986,1544,68.08,60347048,Vietnam,asia
1987,1557,68.37,61584651,Vietnam,asia
1988,1608,68.64,62843228,Vietnam,asia
1989,1633,68.88,64147348,Vietnam,asia
1990,1673,69.22,65504552,Vietnam,asia
1991,1736,69.51,66891775,Vietnam,asia
1992,1848,69.85,68260337,Vietnam,asia
1993,1958,70.16,69586384,Vietnam,asia
1994,2092,70.48,70854391,Vietnam,asia
1995,2253,70.81,72049940,Vietnam,asia
1996,2426,71.1,73156447,Vietnam,asia
1997,2587,71.31,74226889,Vietnam,asia
1998,2702,71.7,75299660,Vietnam,asia
1999,2798,71.97,76287452,Vietnam,asia
2000,2955,72.23,77154011,Vietnam,asia
2001,3106,72.39,77969361,Vietnam,asia
2002,3270,72.53,78772224,Vietnam,asia
2003,3463,72.62,79563777,Vietnam,asia
2004,3690,72.69,80338971,Vietnam,asia
2005,3932,72.77,81088313,Vietnam,asia
2006,4167,72.87,82167897,Vietnam,asia
2007,4422,72.92,83633375,Vietnam,asia
2008,4628,72.98,85175788,Vietnam,asia
2009,4830,73.08,86460018,Vietnam,asia
2010,5089,73.21,87455152,Vietnam,asia
2011,5352,73.33,88468314,Vietnam,asia
2012,5574,73.47,89510356,Vietnam,asia
2013,5815,73.6,90573104,Vietnam,asia
2014,6099,73.74,91679578,Vietnam,asia
2015,6438,73.88,92823254,Vietnam,asia
2016,6768,74.02,94000117,Vietnam,asia
2017,7155,74.16,95176977,Vietnam,asia
2018,7586,74.3,96237319,Vietnam,asia
2019,8041,74.46,97173776,Vietnam,asia
2020,8200,74.51,98079191,Vietnam,asia
1950,1688,31.85,4616780,Yemen,asia
1951,1701,32.28,4684148,Yemen,asia
1952,1712,32.6,4758172,Yemen,asia
1953,1723,32.95,4837293,Yemen,asia
1954,1734,33.2,4921135,Yemen,asia
1955,1746,33.36,5009672,Yemen,asia
1956,1753,33.82,5103100,Yemen,asia
1957,1762,34.41,5201605,Yemen,asia
1958,1769,35.04,5305734,Yemen,asia
1959,1777,35.71,5415920,Yemen,asia
1960,1787,36.53,5532301,Yemen,asia
1961,1796,37.13,5655232,Yemen,asia
1962,1806,36.32,5782221,Yemen,asia
1963,1823,36.9,5911135,Yemen,asia
1964,1832,37.59,6048006,Yemen,asia
1965,1846,38.22,6195593,Yemen,asia
1966,1866,38.77,6351494,Yemen,asia
1967,1888,39.43,6516444,Yemen,asia
1968,1905,40.21,6690524,Yemen,asia
1969,1927,40.95,6875859,Yemen,asia
1970,2280,41.93,7065279,Yemen,asia
1971,2620,44.34,7257462,Yemen,asia
1972,2770,45.43,7460068,Yemen,asia
1973,3039,46.58,7672796,Yemen,asia
1974,3142,47.65,7896783,Yemen,asia
1975,3306,48.68,8133598,Yemen,asia
1976,3712,49.84,8384113,Yemen,asia
1977,4006,50.91,8648222,Yemen,asia
1978,4227,51.75,8926586,Yemen,asia
1979,4339,52.6,9224194,Yemen,asia
1980,4243,53.25,9543358,Yemen,asia
1981,4379,53.96,9882362,Yemen,asia
1982,4329,54.25,10241006,Yemen,asia
1983,4449,55.49,10621499,Yemen,asia
1984,4488,56.14,11025597,Yemen,asia
1985,4321,56.71,11453825,Yemen,asia
1986,4282,55.16,11901040,Yemen,asia
1987,4315,57.68,12369912,Yemen,asia
1988,4356,58.16,12859708,Yemen,asia
1989,4360,58.59,13364174,Yemen,asia
1990,4210,59.06,13887862,Yemen,asia
1991,4257,59.51,14430201,Yemen,asia
1992,4370,59.89,14989494,Yemen,asia
1993,4315,60.29,15563914,Yemen,asia
1994,4388,60.5,16149147,Yemen,asia
1995,4444,61.14,16740058,Yemen,asia
1996,4482,61.55,17313177,Yemen,asia
1997,4566,62.03,17873936,Yemen,asia
1998,4701,62.48,18446013,Yemen,asia
1999,4743,63.02,19029420,Yemen,asia
2000,4896,63.51,19624141,Yemen,asia
2001,4939,64.0,20226147,Yemen,asia
2002,4989,64.46,20835086,Yemen,asia
2003,5029,64.87,21456379,Yemen,asia
2004,5082,65.32,22095167,Yemen,asia
2005,5214,65.78,22790085,Yemen,asia
2006,5228,66.21,23543083,Yemen,asia
2007,5250,66.54,24318082,Yemen,asia
2008,5288,66.89,25111941,Yemen,asia
2009,5340,67.24,25927724,Yemen,asia
2010,5594,67.61,26754387,Yemen,asia
2011,4752,67.76,27582897,Yemen,asia
2012,4739,67.92,28433647,Yemen,asia
2013,4842,68.43,29312952,Yemen,asia
2014,4713,68.47,30226309,Yemen,asia
2015,3306,68.16,31159379,Yemen,asia
2016,2913,67.48,32109010,Yemen,asia
2017,2699,67.29,33090921,Yemen,asia
2018,2656,66.08,34085182,Yemen,asia
2019,2633,67.74,35111408,Yemen,asia
2020,2356,67.76,36134863,Yemen,asia
1950,1225,47.0,2321302,Zambia,africa
1951,1275,47.21,2393302,Zambia,africa
1952,1325,47.42,2467251,Zambia,africa
1953,1376,47.73,2543539,Zambia,africa
1954,1431,48.1,2622277,Zambia,africa
1955,1364,48.3,2703543,Zambia,africa
1956,1488,48.55,2787410,Zambia,africa
1957,1514,48.72,2874068,Zambia,africa
1958,1438,48.86,2963867,Zambia,africa
1959,1695,49.2,3057054,Zambia,africa
1960,1779,49.56,3153729,Zambia,africa
1961,1765,49.87,3254086,Zambia,africa
1962,1730,50.13,3358099,Zambia,africa
1963,1750,50.35,3465907,Zambia,africa
1964,1961,50.66,3577017,Zambia,africa
1965,2290,51.21,3692086,Zambia,africa
1966,2139,51.74,3812003,Zambia,africa
1967,2275,52.3,3936343,Zambia,africa
1968,2275,52.78,4065593,Zambia,africa
1969,2230,53.18,4197116,Zambia,africa
1970,2297,53.5,4321718,Zambia,africa
1971,2261,53.87,4442525,Zambia,africa
1972,2429,54.27,4569309,Zambia,africa
1973,2366,54.62,4702693,Zambia,africa
1974,2514,54.92,4842746,Zambia,africa
1975,2378,55.13,4990086,Zambia,africa
1976,2478,55.38,5143842,Zambia,africa
1977,2319,55.48,5302480,Zambia,africa
1978,2292,55.53,5465374,Zambia,africa
1979,2185,55.59,5631728,Zambia,africa
1980,2213,55.63,5802833,Zambia,africa
1981,2300,55.69,5983289,Zambia,africa
1982,2181,55.63,6178637,Zambia,africa
1983,2083,55.6,6381038,Zambia,africa
1984,2025,55.4,6580490,Zambia,africa
1985,2018,55.15,6780953,Zambia,africa
1986,1983,54.75,6986471,Zambia,africa
1987,1985,54.19,7191282,Zambia,africa
1988,2067,53.87,7391440,Zambia,africa
1989,2049,53.03,7589216,Zambia,africa
1990,2190,51.94,7786169,Zambia,africa
1991,2134,50.73,7981650,Zambia,africa
1992,2046,49.6,8176680,Zambia,africa
1993,2133,48.74,8373921,Zambia,africa
1994,1902,47.74,8576269,Zambia,africa
1995,1909,46.82,8785763,Zambia,africa
1996,1975,46.15,9004053,Zambia,africa
1997,1995,45.74,9237063,Zambia,africa
1998,1933,45.45,9482408,Zambia,africa
1999,1968,45.28,9740005,Zambia,africa
2000,1991,45.34,10017631,Zambia,africa
2001,2043,45.2,10325185,Zambia,africa
2002,2080,45.94,10647949,Zambia,africa
2003,2168,46.62,10983595,Zambia,africa
2004,2262,47.67,11338198,Zambia,africa
2005,2363,48.73,11718819,Zambia,africa
2006,2483,49.95,12129553,Zambia,africa
2007,2620,51.85,12565085,Zambia,africa
2008,2747,54.08,13021324,Zambia,africa
2009,2918,55.68,13490389,Zambia,africa
2010,3126,56.54,13965594,Zambia,africa
2011,3201,57.45,14437796,Zambia,africa
2012,3339,58.55,14913629,Zambia,africa
2013,3400,59.48,15398997,Zambia,africa
2014,3450,60.19,15895315,Zambia,africa
2015,3444,60.8,16399089,Zambia,africa
2016,3468,61.39,16914423,Zambia,africa
2017,3485,61.86,17441320,Zambia,africa
2018,3522,62.52,17973569,Zambia,africa
2019,3470,63.18,18513839,Zambia,africa
2020,3274,63.08,19059395,Zambia,africa
1950,1298,53.78,2790905,Zimbabwe,africa
1951,1338,53.93,2880892,Zimbabwe,africa
1952,1341,54.08,2972903,Zimbabwe,africa
1953,1408,54.33,3067166,Zimbabwe,africa
1954,1431,54.4,3163883,Zimbabwe,africa
1955,1497,54.54,3263215,Zimbabwe,africa
1956,1653,54.76,3365535,Zimbabwe,africa
1957,1712,54.97,3471154,Zimbabwe,africa
1958,1679,55.12,3580181,Zimbabwe,africa
1959,1713,55.32,3692801,Zimbabwe,africa
1960,1738,55.54,3809389,Zimbabwe,africa
1961,1811,55.78,3930401,Zimbabwe,africa
1962,1817,55.96,4055959,Zimbabwe,africa
1963,1779,56.07,4185877,Zimbabwe,africa
1964,1921,56.34,4320006,Zimbabwe,africa
1965,2023,56.59,4458462,Zimbabwe,africa
1966,2028,56.84,4601217,Zimbabwe,africa
1967,2170,57.1,4748307,Zimbabwe,africa
1968,2176,57.31,4900440,Zimbabwe,africa
1969,2410,57.68,5058181,Zimbabwe,africa
1970,2897,58.04,5215918,Zimbabwe,africa
1971,3114,58.34,5374712,Zimbabwe,africa
1972,3332,58.67,5542445,Zimbabwe,africa
1973,3412,58.77,5720404,Zimbabwe,africa
1974,3458,59.08,5908328,Zimbabwe,africa
1975,3455,59.33,6098658,Zimbabwe,africa
1976,3399,58.95,6287105,Zimbabwe,africa
1977,3107,58.5,6449512,Zimbabwe,africa
1978,3186,56.84,6543575,Zimbabwe,africa
1979,3180,57.28,6647556,Zimbabwe,africa
1980,3454,60.4,7041303,Zimbabwe,africa
1981,3811,61.0,7498635,Zimbabwe,africa
1982,3863,61.48,7796496,Zimbabwe,africa
1983,3833,62.01,8098404,Zimbabwe,africa
1984,3670,62.51,8391488,Zimbabwe,africa
1985,3833,62.96,8686813,Zimbabwe,africa
1986,3849,63.41,8982578,Zimbabwe,africa
1987,3712,63.65,9284644,Zimbabwe,africa
1988,3970,63.57,9583094,Zimbabwe,africa
1989,4151,63.16,9864798,Zimbabwe,africa
1990,4167,62.38,10137281,Zimbabwe,africa
1991,4295,61.4,10404816,Zimbabwe,africa
1992,3829,59.81,10702700,Zimbabwe,africa
1993,3802,58.0,10860288,Zimbabwe,africa
1994,4091,56.17,10873148,Zimbabwe,africa
1995,4044,54.19,10974599,Zimbabwe,africa
1996,4412,52.47,11158360,Zimbabwe,africa
1997,4487,51.2,11369827,Zimbabwe,africa
1998,4580,49.7,11594297,Zimbabwe,africa
1999,4513,48.52,11783458,Zimbabwe,africa
2000,4353,47.5,11892055,Zimbabwe,africa
2001,4400,47.03,11971901,Zimbabwe,africa
2002,3999,46.58,12087653,Zimbabwe,africa
2003,3311,46.37,12232323,Zimbabwe,africa
2004,3109,46.35,12365896,Zimbabwe,africa
2005,2918,46.76,12483432,Zimbabwe,africa
2006,2799,47.37,12636445,Zimbabwe,africa
2007,2674,48.22,12804058,Zimbabwe,africa
2008,2180,48.92,12959149,Zimbabwe,africa
2009,2413,50.19,13142790,Zimbabwe,africa
2010,2849,52.32,13356548,Zimbabwe,africa
2011,3204,54.41,13595424,Zimbabwe,africa
2012,3675,56.04,13817887,Zimbabwe,africa
2013,3682,57.22,14013808,Zimbabwe,africa
2014,3704,57.98,14207359,Zimbabwe,africa
2015,3708,58.58,14399013,Zimbabwe,africa
2016,3678,59.23,14600294,Zimbabwe,africa
2017,3796,59.87,14812482,Zimbabwe,africa
2018,3923,60.64,15034452,Zimbabwe,africa
2019,3630,61.04,15271368,Zimbabwe,africa
2020,3374,60.69,15526888,Zimbabwe,africa
